1007.467000 96493.740000 195752.580000 2 4
1009.858000 43003.300000 142027.100000 2 4
1010.083000 43025.300000 142027.100000 4 4
1010.371000 43053.600000 142027.100000 6 4
1010.542000 110665.560000 209622.320000 4 6
1010.588000 110624.170000 209576.460000 2 4
1010.834000 110624.170000 209552.360000 2 2
1011.011000 110665.560000 209576.460000 4 4
1011.257000 110665.560000 209552.360000 4 2
1036.337000 0.000000 96493.740000 2 2
1037.018000 63.420000 96493.740000 4 2
1063.279000 74930.100000 168978.770000 6 8
1063.284000 74930.100000 168978.340000 6 6
1063.313000 74932.620000 168978.340000 4 6
1065.891000 74930.100000 168748.300000 6 4
1065.920000 74932.620000 168748.300000 4 4
1066.133000 74932.620000 168729.530000 4 2
1074.820000 116537.650000 209576.460000 2 4
1075.099000 116537.650000 209552.360000 2 2
1085.710000 74930.100000 167035.710000 6 6
1085.740000 74932.620000 167035.710000 4 6
1086.241000 74930.100000 166990.730000 6 4
1086.270000 74932.620000 166990.730000 4 4
1086.549000 74932.620000 166967.130000 4 2
1091.937000 110624.170000 202204.520000 2 2
1092.232000 110624.170000 202179.850000 2 4
1092.431000 110665.560000 202204.520000 4 2
1092.726000 110665.560000 202179.850000 4 4
1108.002000 96493.740000 186746.300000 2 4
1108.007000 96493.740000 186745.900000 2 2
1110.767000 131724.370000 221752.260000 2 4
1110.884000 131724.370000 221742.790000 2 2
1110.905000 131735.520000 221752.260000 4 4
1111.021000 131735.520000 221742.790000 4 2
1111.045000 131724.370000 221729.690000 2 4
1111.180000 131735.520000 221729.920000 4 6
1111.183000 131735.520000 221729.690000 4 4
1111.455000 131735.520000 221707.710000 4 6
1113.471000 131735.520000 221544.810000 4 6
1118.949000 131724.370000 221093.950000 2 4
1119.089000 131735.520000 221093.950000 4 4
1120.124000 110665.560000 199941.410000 4 6
1126.986000 43003.300000 131735.520000 2 4
1127.128000 43003.300000 131724.370000 2 2
1127.266000 43025.300000 131735.520000 4 4
1127.408000 43025.300000 131724.370000 4 2
1127.626000 43053.600000 131735.520000 6 4
1133.082000 110624.170000 198879.010000 2 2
1133.259000 110624.170000 198865.250000 2 4
1133.614000 110665.560000 198879.010000 4 2
1133.791000 110665.560000 198865.250000 4 4
1134.064000 110665.560000 198844.000000 4 6
1138.936000 110624.170000 198425.430000 2 4
1139.332000 110665.560000 198436.310000 4 6
1139.473000 110665.560000 198425.430000 4 4
1141.625000 74930.100000 162524.570000 6 4
1141.657000 74932.620000 162524.570000 4 4
1141.745000 74932.620000 162517.890000 4 2
1156.070000 96493.740000 182993.660000 2 4
1156.076000 96493.740000 182993.230000 2 2
1163.613000 110624.170000 196563.410000 2 4
1163.688000 110624.170000 196557.870000 2 2
1164.060000 110665.560000 196571.820000 4 6
1164.174000 110665.560000 196563.410000 4 4
1164.249000 110665.560000 196557.870000 4 2
1167.312000 116537.650000 202204.520000 2 2
1167.649000 116537.650000 202179.850000 2 4
1173.830000 131735.520000 216927.000000 4 6
1174.696000 110624.170000 195752.580000 2 4
1175.084000 110665.560000 195765.850000 4 6
1175.267000 110665.560000 195752.580000 4 4
1181.125000 131735.520000 216400.570000 4 6
1181.262000 131724.370000 216379.590000 2 4
1181.418000 131735.520000 216379.590000 4 4
1181.496000 131724.370000 216362.840000 2 2
1181.651000 131735.520000 216362.840000 4 2
1189.861000 131724.370000 215767.770000 2 4
1190.019000 131735.520000 215767.770000 4 4
1199.172000 110665.560000 194056.400000 4 6
1203.953000 131735.520000 214795.270000 4 6
1204.116000 131724.370000 214772.840000 2 4
1204.278000 131735.520000 214772.840000 4 4
1204.304000 131724.370000 214759.910000 2 2
1204.465000 131735.520000 214759.910000 4 2
1205.734000 110665.560000 193602.600000 4 6
1209.108000 131724.370000 214429.950000 2 4
1209.271000 131735.520000 214429.950000 4 4
1209.483000 131724.370000 214404.330000 2 2
1209.646000 131735.520000 214404.330000 4 2
1214.275000 110665.560000 193019.200000 4 6
1214.457000 116537.650000 198879.010000 2 2
1214.659000 116537.650000 198865.250000 2 4
1221.183000 116537.650000 198425.430000 2 4
1225.697000 110665.560000 192251.800000 4 6
1230.015000 96493.740000 177793.540000 2 4
1230.302000 96493.740000 177774.590000 2 2
1241.489000 110665.560000 191214.000000 4 6
1249.598000 116537.650000 196563.410000 2 4
1249.684000 116537.650000 196557.870000 2 2
1254.309000 142027.100000 221752.260000 4 4
1254.458000 142027.100000 221742.790000 4 2
1254.661000 142027.100000 221729.920000 4 6
1254.664000 142027.100000 221729.690000 4 4
1255.010000 142027.100000 221707.710000 4 6
1257.581000 142027.100000 221544.810000 4 6
1262.388000 116537.650000 195752.580000 2 4
1264.276000 110665.560000 189762.200000 4 6
1264.753000 142027.100000 221093.950000 4 4
1269.019000 96493.740000 175294.750000 2 4
1269.138000 96493.740000 175287.390000 2 2
1299.106000 110665.560000 187641.600000 4 6
1303.162000 145549.270000 222285.700000 4 2
1303.619000 145549.270000 222258.800000 4 4
1303.643000 145550.700000 222258.800000 6 4
1313.678000 110624.170000 186746.300000 2 4
1313.685000 110624.170000 186745.900000 2 2
1314.393000 110665.560000 186746.300000 4 4
1314.400000 110665.560000 186745.900000 4 2
1316.610000 145550.700000 221503.330000 6 8
1317.322000 145549.270000 221460.880000 4 6
1317.346000 145550.700000 221460.880000 6 6
1323.862000 74930.100000 150466.690000 6 4
1323.906000 74932.620000 150466.690000 4 4
1323.951000 74930.100000 150461.580000 6 6
1323.995000 74932.620000 150461.580000 4 6
1328.095000 145549.270000 220845.070000 4 2
1328.323000 145549.270000 220832.150000 4 4
1328.349000 145550.700000 220832.150000 6 4
1328.684000 145549.270000 220811.690000 4 6
1328.710000 145550.700000 220811.690000 6 6
1332.175000 145549.270000 220614.510000 4 6
1332.200000 145550.700000 220614.510000 6 6
1332.405000 145549.270000 220601.530000 4 4
1332.430000 145550.700000 220601.530000 6 4
1334.532000 0.000000 74932.620000 2 4
1335.120000 142027.100000 216927.000000 4 6
1335.663000 63.420000 74932.620000 4 4
1335.708000 63.420000 74930.100000 4 6
1340.486000 145550.700000 220150.490000 6 8
1340.660000 145549.270000 220139.410000 4 6
1340.686000 145550.700000 220139.410000 6 6
1340.813000 145549.270000 220130.860000 4 4
1340.839000 145550.700000 220130.860000 6 4
1340.910000 145549.270000 220125.510000 4 2
1344.565000 142027.100000 216400.570000 4 6
1344.945000 142027.100000 216379.590000 4 4
1345.248000 142027.100000 216362.840000 4 2
1350.620000 145550.700000 219590.760000 6 8
1350.970000 145549.270000 219570.150000 4 6
1350.996000 145550.700000 219570.150000 6 6
1351.219000 145549.270000 219556.540000 4 4
1351.245000 145550.700000 219556.540000 6 4
1356.104000 142027.100000 215767.770000 4 4
1356.659000 110665.560000 184376.060000 4 6
1374.227000 142027.100000 214795.270000 4 6
1374.651000 142027.100000 214772.840000 4 4
1374.895000 142027.100000 214759.910000 4 2
1381.161000 142027.100000 214429.950000 4 4
1381.650000 142027.100000 214404.330000 4 2
1381.798000 110624.170000 182993.660000 2 4
1381.806000 110624.170000 182993.230000 2 2
1382.589000 110665.560000 182993.660000 4 4
1382.597000 110665.560000 182993.230000 4 2
1383.996000 96493.740000 168748.300000 2 4
1384.355000 96493.740000 168729.530000 2 2
1402.708000 150461.580000 221752.260000 6 4
1402.809000 150466.690000 221752.260000 4 4
1402.995000 150466.690000 221742.790000 4 2
1403.148000 150461.580000 221729.920000 6 6
1403.152000 150461.580000 221729.690000 6 4
1403.248000 150466.690000 221729.920000 4 6
1403.253000 150466.690000 221729.690000 4 4
1403.585000 150461.580000 221707.710000 6 6
1403.686000 150466.690000 221707.710000 4 6
1403.767000 150461.580000 221698.480000 6 8
1405.965000 150461.580000 221587.120000 6 8
1406.620000 150461.580000 221553.990000 6 8
1406.802000 150461.580000 221544.810000 6 6
1406.903000 150466.690000 221544.810000 4 6
1415.678000 150461.580000 221099.110000 6 6
1415.781000 150466.690000 221099.110000 4 6
1415.782000 150461.580000 221093.950000 6 4
1415.883000 150461.580000 221088.880000 6 6
1415.884000 150466.690000 221093.950000 4 4
1415.986000 150466.690000 221088.880000 4 6
1418.500000 96493.740000 166990.730000 2 4
1418.975000 96493.740000 166967.130000 2 2
1424.326000 116537.650000 186746.300000 2 4
1424.334000 116537.650000 186745.900000 2 2
1464.335000 110665.560000 178955.940000 4 6
1488.774000 110624.170000 177793.540000 2 4
1489.194000 110624.170000 177774.590000 2 2
1489.692000 110665.560000 177793.540000 4 4
1490.112000 110665.560000 177774.590000 4 2
1490.380000 74930.100000 142027.100000 6 4
1490.436000 74932.620000 142027.100000 4 4
1504.540000 150461.580000 216927.000000 6 6
1504.660000 150466.690000 216927.000000 4 6
1504.755000 116537.650000 182993.660000 2 4
1504.764000 116537.650000 182993.230000 2 2
1514.444000 96493.740000 162524.570000 2 4
1514.597000 96493.740000 162517.890000 2 2
1516.553000 150461.580000 216400.570000 6 6
1516.671000 150466.690000 216400.570000 4 6
1517.036000 150461.580000 216379.590000 6 4
1517.154000 150466.690000 216379.590000 4 4
1517.539000 150466.690000 216362.840000 4 2
1531.248000 150461.580000 215767.770000 6 4
1531.368000 150466.690000 215767.770000 4 4
1537.240000 157234.070000 222285.700000 2 2
1537.876000 157234.070000 222258.800000 2 4
1546.298000 110624.170000 175294.750000 2 4
1546.474000 110624.170000 175287.390000 2 2
1547.289000 110665.560000 175294.750000 4 4
1547.465000 110665.560000 175287.390000 4 2
1553.562000 150461.580000 214829.770000 6 8
1554.396000 150461.580000 214795.270000 6 6
1554.519000 150466.690000 214795.270000 4 6
1554.938000 150461.580000 214772.840000 6 4
1555.061000 150466.690000 214772.840000 4 4
1555.374000 150466.690000 214759.910000 4 2
1560.719000 145549.270000 209622.320000 4 6
1560.753000 145550.700000 209622.320000 6 6
1561.836000 145549.270000 209576.460000 4 4
1561.871000 145550.700000 209576.460000 6 4
1562.425000 145549.270000 209552.360000 4 2
1563.273000 150461.580000 214429.950000 6 4
1563.398000 150466.690000 214429.950000 4 4
1564.024000 150466.690000 214404.330000 4 2
1572.055000 157234.070000 220845.070000 2 2
1572.374000 157234.070000 220832.150000 2 4
1578.097000 157234.070000 220601.530000 2 4
1589.906000 157234.070000 220130.860000 2 4
1590.042000 157234.070000 220125.510000 2 2
1604.558000 157234.070000 219556.540000 2 4
1632.496000 116537.650000 177793.540000 2 4
1633.001000 116537.650000 177774.590000 2 2
1688.209000 162517.890000 221752.260000 2 4
1688.399000 162524.570000 221752.260000 4 4
1688.479000 162517.890000 221742.790000 2 2
1688.669000 162524.570000 221742.790000 4 2
1688.853000 162517.890000 221729.690000 2 4
1689.036000 162524.570000 221729.920000 4 6
1689.043000 162524.570000 221729.690000 4 4
1689.670000 162524.570000 221707.710000 4 6
1694.334000 162524.570000 221544.810000 4 6
1701.922000 116537.650000 175294.750000 2 4
1702.135000 116537.650000 175287.390000 2 2
1707.182000 162517.890000 221093.950000 2 4
1707.226000 162524.570000 221099.110000 4 6
1707.377000 162524.570000 221093.950000 4 4
1707.525000 162524.570000 221088.880000 4 6
1714.890000 110665.560000 168978.340000 4 6
1720.456000 110624.170000 168748.300000 2 4
1721.012000 110624.170000 168729.530000 2 2
1721.682000 110665.560000 168748.300000 4 4
1722.238000 110665.560000 168729.530000 4 2
1758.101000 131735.520000 188615.070000 4 6
1758.802000 131724.370000 188581.250000 2 4
1759.147000 131735.520000 188581.250000 4 4
1760.395000 74930.100000 131735.520000 6 4
1760.474000 74932.620000 131735.520000 4 4
1760.819000 74932.620000 131724.370000 4 2
1765.062000 145549.270000 202204.520000 4 2
1765.830000 145549.270000 202179.850000 4 4
1765.875000 145550.700000 202179.850000 6 4
1773.988000 110665.560000 167035.710000 4 6
1774.101000 110624.170000 166990.730000 2 4
1774.845000 110624.170000 166967.130000 2 2
1775.405000 110665.560000 166990.730000 4 4
1776.149000 110665.560000 166967.130000 4 2
1797.635000 131724.370000 187353.000000 2 4
1797.996000 131735.520000 187353.000000 4 4
1825.313000 166967.130000 221752.260000 2 4
1825.628000 166967.130000 221742.790000 2 2
1826.065000 166967.130000 221729.690000 2 4
1826.099000 166990.730000 221752.260000 4 4
1826.415000 166990.730000 221742.790000 4 2
1826.845000 166990.730000 221729.920000 4 6
1826.852000 166990.730000 221729.690000 4 4
1827.135000 131735.520000 186466.020000 4 6
1827.508000 131724.370000 186443.690000 2 4
1827.586000 166990.730000 221707.710000 4 6
1827.601000 167035.710000 221752.260000 6 4
1827.881000 131735.520000 186443.690000 4 4
1828.054000 131724.370000 186427.350000 2 2
1828.347000 167035.710000 221729.920000 6 6
1828.355000 167035.710000 221729.690000 6 4
1828.427000 131735.520000 186427.350000 4 2
1829.090000 167035.710000 221707.710000 6 6
1829.399000 167035.710000 221698.480000 6 8
1833.043000 166990.730000 221544.810000 4 6
1833.133000 167035.710000 221587.120000 6 8
1834.247000 167035.710000 221553.990000 6 8
1834.556000 167035.710000 221544.810000 6 6
1837.136000 145550.700000 199983.240000 6 8
1838.150000 162524.570000 216927.000000 4 6
1838.501000 145549.270000 199941.410000 4 6
1838.549000 145550.700000 199941.410000 6 6
1846.314000 168123.740000 222285.700000 4 2
1847.232000 168123.740000 222258.800000 4 4
1847.256000 168124.450000 222258.800000 6 4
1847.513000 166967.130000 221093.950000 2 4
1848.143000 166990.730000 221099.110000 4 6
1848.319000 166990.730000 221093.950000 4 4
1848.492000 166990.730000 221088.880000 4 6
1849.454000 167035.710000 221105.730000 6 8
1849.680000 167035.710000 221099.110000 6 6
1849.721000 167035.710000 221097.920000 6 8
1849.857000 167035.710000 221093.950000 6 4
1850.030000 167035.710000 221088.880000 6 6
1851.558000 131724.370000 185732.930000 2 2
1851.941000 131735.520000 185732.930000 4 2
1852.780000 96493.740000 150466.690000 2 4
1856.114000 162524.570000 216400.570000 4 6
1856.607000 162517.890000 216379.590000 2 4
1856.837000 162524.570000 216379.590000 4 4
1857.184000 162517.890000 216362.840000 2 2
1857.415000 162524.570000 216362.840000 4 2
1873.400000 168124.450000 221503.330000 6 8
1874.866000 168123.740000 221460.880000 4 6
1874.891000 168124.450000 221460.880000 6 6
1875.126000 145549.270000 198879.010000 4 2
1875.610000 145549.270000 198865.250000 4 4
1875.661000 145550.700000 198865.250000 6 4
1876.358000 145549.270000 198844.000000 4 6
1876.408000 145550.700000 198844.000000 6 6
1877.939000 162517.890000 215767.770000 2 4
1878.174000 162524.570000 215767.770000 4 4
1885.984000 168729.530000 221752.260000 2 4
1886.321000 168729.530000 221742.790000 2 2
1886.651000 168748.300000 221752.260000 4 4
1886.787000 168729.530000 221729.690000 2 4
1886.989000 168748.300000 221742.790000 4 2
1887.447000 168748.300000 221729.920000 4 6
1887.455000 168748.300000 221729.690000 4 4
1887.982000 131724.370000 184690.980000 2 4
1888.239000 168748.300000 221707.710000 4 6
1888.379000 131735.520000 184690.980000 4 4
1890.822000 145549.270000 198436.310000 4 6
1890.874000 145550.700000 198436.310000 6 6
1891.211000 145549.270000 198425.430000 4 4
1891.263000 145550.700000 198425.430000 6 4
1894.065000 168748.300000 221544.810000 4 6
1894.875000 168978.340000 221752.260000 6 4
1895.693000 168978.770000 221729.920000 8 6
1895.678000 168978.340000 221729.920000 6 6
1895.686000 168978.340000 221729.690000 6 4
1896.492000 168978.770000 221707.710000 8 6
1896.476000 168978.340000 221707.710000 6 6
1896.766000 168123.740000 220845.070000 4 2
1896.824000 168978.770000 221698.480000 8 8
1896.808000 168978.340000 221698.480000 6 8
1897.230000 168123.740000 220832.150000 4 4
1897.256000 168124.450000 220832.150000 6 4
1897.967000 168123.740000 220811.690000 4 6
1897.993000 168124.450000 220811.690000 6 6
1899.445000 168978.770000 221625.720000 8 10
1900.839000 168978.770000 221587.120000 8 8
1900.823000 168978.340000 221587.120000 6 8
1901.255000 168978.770000 221575.610000 8 10
1902.037000 168978.770000 221553.990000 8 8
1902.021000 168978.340000 221553.990000 6 8
1902.369000 168978.770000 221544.810000 8 6
1902.353000 168978.340000 221544.810000 6 6
1905.097000 168123.740000 220614.510000 4 6
1905.123000 168124.450000 220614.510000 6 6
1905.568000 168123.740000 220601.530000 4 4
1905.594000 168124.450000 220601.530000 6 4
1909.694000 168729.530000 221093.950000 2 4
1910.190000 168748.300000 221099.110000 4 6
1910.212000 131724.370000 184074.590000 2 4
1910.378000 168748.300000 221093.950000 4 4
1910.497000 157234.070000 209576.460000 2 4
1910.563000 168748.300000 221088.880000 4 6
1910.593000 131735.520000 184075.280000 4 6
1910.619000 131735.520000 184074.590000 4 4
1911.377000 157234.070000 209552.360000 2 2
1913.118000 162524.570000 214795.270000 4 6
1913.694000 162517.890000 214772.840000 2 4
1913.939000 162524.570000 214772.840000 4 4
1914.168000 162517.890000 214759.910000 2 2
1914.413000 162524.570000 214759.910000 4 2
1915.318000 116537.650000 168748.300000 2 4
1916.007000 116537.650000 168729.530000 2 2
1918.244000 168978.770000 221109.780000 8 10
1918.393000 168978.770000 221105.730000 8 8
1918.377000 168978.340000 221105.730000 6 8
1918.637000 168978.770000 221099.110000 8 6
1918.621000 168978.340000 221099.110000 6 6
1918.681000 168978.770000 221097.920000 8 8
1918.665000 168978.340000 221097.920000 6 8
1918.811000 168978.340000 221093.950000 6 4
1919.013000 168978.770000 221088.880000 8 6
1918.998000 168978.340000 221088.880000 6 6
1922.114000 168124.450000 220150.490000 6 8
1922.498000 168123.740000 220139.410000 4 6
1922.524000 168124.450000 220139.410000 6 6
1922.814000 168123.740000 220130.860000 4 4
1922.840000 168124.450000 220130.860000 6 4
1923.011000 168123.740000 220125.510000 4 2
1926.335000 162517.890000 214429.950000 2 4
1926.583000 162524.570000 214429.950000 4 4
1926.767000 110624.170000 162524.570000 2 4
1927.015000 110624.170000 162517.890000 2 2
1927.286000 162517.890000 214404.330000 2 2
1927.534000 162524.570000 214404.330000 4 2
1928.305000 110665.560000 162524.570000 4 4
1928.554000 110665.560000 162517.890000 4 2
1943.019000 168124.450000 219590.760000 6 8
1943.770000 168123.740000 219570.150000 4 6
1943.797000 168124.450000 219570.150000 6 6
1944.285000 168123.740000 219556.540000 4 4
1944.311000 168124.450000 219556.540000 6 4
1959.583000 145550.700000 196581.960000 6 8
1959.918000 145549.270000 196571.820000 4 6
1959.973000 145550.700000 196571.820000 6 6
1960.241000 145549.270000 196563.410000 4 4
1960.296000 145550.700000 196563.410000 6 4
1960.454000 145549.270000 196557.870000 4 2
1982.040000 116537.650000 166990.730000 2 4
1982.967000 116537.650000 166967.130000 2 2
1987.319000 131724.370000 182043.410000 2 4
1987.760000 131735.520000 182043.410000 4 4
1988.092000 131724.370000 182023.860000 2 2
1988.533000 131735.520000 182023.860000 4 2
1990.642000 145550.700000 195785.740000 6 8
1991.374000 145549.270000 195765.850000 4 6
1991.431000 145550.700000 195765.850000 6 6
1991.901000 145549.270000 195752.580000 4 4
1991.957000 145550.700000 195752.580000 6 4
1999.979000 131735.520000 181736.050000 4 6
2000.332000 131735.520000 181711.030000 4 4
2000.461000 131724.370000 181696.660000 2 2
2000.907000 131735.520000 181696.660000 4 2
2001.900000 166990.730000 216927.000000 4 6
2003.710000 167035.710000 216927.000000 6 6
2017.925000 131724.370000 181264.240000 2 2
2018.379000 131735.520000 181264.240000 4 2
2023.129000 166967.130000 216379.590000 2 4
2023.236000 166990.730000 216400.570000 4 6
2023.815000 166967.130000 216362.840000 2 2
2024.096000 166990.730000 216379.590000 4 4
2024.783000 166990.730000 216362.840000 4 2
2025.080000 167035.710000 216400.570000 6 6
2025.941000 167035.710000 216379.590000 6 4
2042.752000 173347.840000 222285.700000 2 2
2043.876000 173347.840000 222258.800000 2 4
2048.497000 166967.130000 215767.770000 2 4
2049.488000 166990.730000 215767.770000 4 4
2051.380000 167035.710000 215767.770000 6 4
2060.890000 145549.270000 194056.400000 4 6
2060.950000 145550.700000 194056.400000 6 6
2074.940000 168748.300000 216927.000000 4 6
2080.360000 145549.270000 193602.600000 4 6
2080.420000 145550.700000 193602.600000 6 6
2084.920000 168978.770000 216927.000000 8 6
2084.900000 168978.340000 216927.000000 6 6
2091.135000 166967.130000 214772.840000 2 4
2091.187000 166990.730000 214795.270000 4 6
2091.645000 167035.710000 214829.770000 6 8
2091.701000 166967.130000 214759.910000 2 2
2092.168000 166990.730000 214772.840000 4 4
2092.735000 166990.730000 214759.910000 4 2
2093.156000 167035.710000 214795.270000 6 6
2094.140000 167035.710000 214772.840000 6 4
2097.870000 168748.300000 216400.570000 4 6
2097.967000 168729.530000 216379.590000 2 4
2098.705000 168729.530000 216362.840000 2 2
2098.794000 168748.300000 216379.590000 4 4
2099.532000 168748.300000 216362.840000 4 2
2104.718000 173347.840000 220845.070000 2 2
2105.291000 173347.840000 220832.150000 2 4
2105.930000 145549.270000 193019.200000 4 6
2105.990000 145550.700000 193019.200000 6 6
2106.245000 166967.130000 214429.950000 2 4
2107.292000 166990.730000 214429.950000 4 4
2107.382000 166967.130000 214404.330000 2 2
2108.067000 168978.770000 216400.570000 8 6
2108.048000 168978.340000 216400.570000 6 6
2108.431000 166990.730000 214404.330000 4 2
2108.981000 168978.340000 216379.590000 6 4
2109.293000 167035.710000 214429.950000 6 4
2115.567000 173347.840000 220601.530000 2 4
2125.258000 168729.530000 215767.770000 2 4
2126.107000 168748.300000 215767.770000 4 4
2136.561000 168978.340000 215767.770000 6 4
2136.854000 173347.840000 220130.860000 2 4
2137.098000 173347.840000 220125.510000 2 2
2137.415000 131724.370000 178495.110000 2 4
2137.897000 131735.520000 178495.710000 4 6
2137.925000 131735.520000 178495.110000 4 4
2140.540000 145549.270000 192251.800000 4 6
2140.600000 145550.700000 192251.800000 6 6
2145.801000 142027.100000 188615.070000 4 6
2147.360000 142027.100000 188581.250000 4 4
2151.487000 175287.390000 221752.260000 2 4
2151.828000 175294.750000 221752.260000 4 4
2151.925000 175287.390000 221742.790000 2 2
2152.266000 175294.750000 221742.790000 4 2
2152.532000 175287.390000 221729.690000 2 4
2152.863000 175294.750000 221729.920000 4 6
2152.874000 175294.750000 221729.690000 4 4
2153.893000 175294.750000 221707.710000 4 6
2161.480000 175294.750000 221544.810000 4 6
2163.415000 173347.840000 219556.540000 2 4
2171.015000 168748.300000 214795.270000 4 6
2171.187000 168729.530000 214772.840000 2 4
2171.797000 168729.530000 214759.910000 2 2
2172.073000 168748.300000 214772.840000 4 4
2172.683000 168748.300000 214759.910000 4 2
2173.850000 116537.650000 162524.570000 2 4
2174.166000 116537.650000 162517.890000 2 2
2180.295000 168978.770000 214829.770000 8 8
2180.274000 168978.340000 214829.770000 6 8
2181.937000 168978.770000 214795.270000 8 6
2181.916000 168978.340000 214795.270000 6 6
2182.410000 175287.390000 221093.950000 2 4
2182.515000 175294.750000 221099.110000 4 6
2182.761000 175294.750000 221093.950000 4 4
2182.985000 168978.340000 214772.840000 6 4
2183.003000 175294.750000 221088.880000 4 6
2187.479000 168729.530000 214429.950000 2 4
2188.378000 168748.300000 214429.950000 4 4
2188.707000 168729.530000 214404.330000 2 2
2189.190000 145549.270000 191214.000000 4 6
2189.260000 145550.700000 191214.000000 6 6
2189.606000 168748.300000 214404.330000 4 2
2195.510000 96493.740000 142027.100000 2 4
2199.455000 168978.340000 214429.950000 6 4
2205.560000 142027.100000 187353.000000 4 4
2222.991000 157234.070000 202204.520000 2 2
2224.211000 157234.070000 202179.850000 2 4
2249.580000 142027.100000 186466.020000 4 6
2250.710000 142027.100000 186443.690000 4 4
2251.540000 142027.100000 186427.350000 4 2
2261.080000 145549.270000 189762.200000 4 6
2261.160000 145550.700000 189762.200000 6 6
2273.179000 177774.590000 221752.260000 2 4
2273.668000 177774.590000 221742.790000 2 2
2274.159000 177793.540000 221752.260000 4 4
2274.346000 177774.590000 221729.690000 2 4
2274.649000 177793.540000 221742.790000 4 2
2275.315000 177793.540000 221729.920000 4 6
2275.327000 177793.540000 221729.690000 4 4
2276.466000 177793.540000 221707.710000 4 6
2282.890000 178495.110000 222285.700000 4 2
2284.290000 178495.110000 222258.800000 4 4
2284.330000 178495.710000 222258.800000 6 4
2284.943000 177793.540000 221544.810000 4 6
2287.320000 142027.100000 185732.930000 4 2
2292.700000 150461.580000 194064.900000 6 8
2307.727000 177774.590000 221093.950000 2 4
2308.462000 177793.540000 221099.110000 4 6
2308.737000 177793.540000 221093.950000 4 4
2309.007000 177793.540000 221088.880000 4 6
2316.690000 150461.580000 193613.300000 6 8
2323.500000 0.000000 43025.300000 2 4
2324.456000 178495.710000 221503.330000 6 8
2324.690000 0.000000 43003.300000 2 2
2325.400000 63.420000 43053.600000 4 6
2326.720000 178495.110000 221460.880000 4 6
2326.752000 178495.710000 221460.880000 6 6
2326.930000 63.420000 43025.300000 4 4
2328.120000 63.420000 43003.300000 4 2
2335.933000 178955.940000 221752.260000 6 4
2337.153000 178955.940000 221729.920000 6 6
2337.166000 178955.940000 221729.690000 6 4
2338.368000 178955.940000 221707.710000 6 6
2338.873000 178955.940000 221698.480000 6 8
2343.190000 142027.100000 184690.980000 4 4
2344.983000 178955.940000 221587.120000 6 8
2346.807000 178955.940000 221553.990000 6 8
2347.313000 178955.940000 221544.810000 6 6
2348.280000 150461.580000 193032.900000 6 8
2356.087000 179073.050000 221503.330000 8 8
2358.446000 179073.050000 221460.880000 8 6
2360.556000 178495.110000 220845.070000 4 2
2361.276000 178495.110000 220832.150000 4 4
2361.309000 178495.710000 220832.150000 6 4
2362.418000 178495.110000 220811.690000 4 6
2362.451000 178495.710000 220811.690000 6 6
2371.767000 178955.940000 221105.730000 6 8
2372.139000 178955.940000 221099.110000 6 6
2372.206000 178955.940000 221097.920000 6 8
2372.430000 178955.940000 221093.950000 6 4
2372.715000 178955.940000 221088.880000 6 6
2373.478000 178495.110000 220614.510000 4 6
2373.512000 178495.710000 220614.510000 6 6
2374.210000 178495.110000 220601.530000 4 4
2374.244000 178495.710000 220601.530000 6 4
2375.000000 145549.270000 187641.600000 4 6
2375.090000 145550.700000 187641.600000 6 6
2377.500000 142027.100000 184075.280000 4 6
2377.540000 142027.100000 184074.590000 4 4
2391.150000 150461.580000 192269.800000 6 8
2395.132000 179073.050000 220811.690000 8 6
2399.954000 178495.710000 220150.490000 6 8
2400.521000 157234.070000 198879.010000 2 2
2400.558000 178495.110000 220139.410000 4 6
2400.593000 178495.710000 220139.410000 6 6
2401.051000 178495.110000 220130.860000 4 4
2401.086000 178495.710000 220130.860000 6 4
2401.300000 175294.750000 216927.000000 4 6
2401.315000 157234.070000 198865.250000 2 4
2401.360000 178495.110000 220125.510000 4 2
2401.760000 131724.370000 173347.840000 2 2
2402.403000 131735.520000 173347.840000 4 2
2406.502000 179073.050000 220614.510000 8 6
2408.988000 168123.740000 209622.320000 4 6
2409.030000 168124.450000 209622.320000 6 6
2411.654000 168123.740000 209576.460000 4 4
2411.695000 168124.450000 209576.460000 6 4
2413.057000 168123.740000 209552.360000 4 2
2426.620000 145549.270000 186746.300000 4 4
2426.650000 145549.270000 186745.900000 4 2
2426.710000 145550.700000 186746.300000 6 4
2426.957000 157234.070000 198425.430000 2 4
2432.008000 175294.750000 216400.570000 4 6
2432.645000 178495.710000 219590.760000 6 8
2432.814000 175287.390000 216379.590000 2 4
2433.250000 175294.750000 216379.590000 4 4
2433.688000 179073.050000 220150.490000 8 8
2433.806000 175287.390000 216362.840000 2 2
2433.830000 178495.110000 219570.150000 4 6
2433.866000 178495.710000 219570.150000 6 6
2434.242000 175294.750000 216362.840000 4 2
2434.345000 179073.050000 220139.410000 8 6
2434.637000 178495.110000 219556.540000 4 4
2434.673000 178495.710000 219556.540000 6 4
2437.010000 181264.240000 222285.700000 2 2
2438.610000 181264.240000 222258.800000 2 4
2451.640000 150461.580000 191238.200000 6 8
2462.970000 181696.660000 222285.700000 2 2
2463.850000 181711.030000 222285.700000 4 2
2464.610000 181696.660000 222258.800000 2 4
2465.480000 181711.030000 222258.800000 4 4
2465.538000 179073.050000 219619.880000 8 10
2467.000000 181736.050000 222258.800000 6 4
2467.311000 179073.050000 219590.760000 8 8
2468.566000 179073.050000 219570.150000 8 6
2469.586000 175287.390000 215767.770000 2 4
2470.035000 175294.750000 215767.770000 4 4
2482.990000 182023.860000 222285.700000 2 2
2484.200000 182043.410000 222285.700000 4 2
2484.650000 182023.860000 222258.800000 2 4
2485.860000 182043.410000 222258.800000 4 4
2498.230000 142027.100000 182043.410000 4 4
2499.450000 142027.100000 182023.860000 4 2
2509.126000 110624.170000 150466.690000 2 4
2511.735000 110665.560000 150466.690000 4 4
2512.058000 110665.560000 150461.580000 4 6
2513.873000 181736.050000 221503.330000 6 8
2514.976000 181711.030000 221460.880000 4 6
2516.174000 181772.410000 221503.330000 8 8
2516.560000 181736.050000 221460.880000 6 6
2517.570000 142027.100000 181736.050000 4 6
2518.865000 181772.410000 221460.880000 8 6
2519.150000 142027.100000 181711.030000 4 4
2520.070000 142027.100000 181696.660000 4 2
2525.716000 181264.240000 220845.070000 2 2
2526.541000 181264.240000 220832.150000 2 4
2530.851000 175294.750000 214795.270000 4 6
2531.817000 175287.390000 214772.840000 2 4
2532.289000 175294.750000 214772.840000 4 4
2532.647000 175287.390000 214759.910000 2 2
2533.119000 175294.750000 214759.910000 4 2
2536.184000 182043.410000 221460.880000 4 6
2541.354000 181264.240000 220601.530000 2 4
2541.660000 150461.580000 189794.200000 6 8
2541.868000 157234.070000 196563.410000 2 4
2542.226000 157234.070000 196557.870000 2 2
2547.840000 142027.100000 181264.240000 4 2
2553.616000 181696.660000 220845.070000 2 2
2553.998000 175287.390000 214429.950000 2 4
2554.459000 181696.660000 220832.150000 2 4
2554.478000 175294.750000 214429.950000 4 4
2554.554000 181711.030000 220845.070000 4 2
2554.600000 177793.540000 216927.000000 4 6
2555.397000 181711.030000 220832.150000 4 4
2555.671000 175287.390000 214404.330000 2 2
2556.152000 175294.750000 214404.330000 4 2
2556.735000 181711.030000 220811.690000 4 6
2557.033000 181736.050000 220832.150000 6 4
2558.372000 181736.050000 220811.690000 6 6
2560.755000 181772.410000 220811.690000 8 6
2569.602000 181696.660000 220601.530000 2 4
2569.694000 181711.030000 220614.510000 4 6
2570.552000 181711.030000 220601.530000 4 4
2571.348000 181736.050000 220614.510000 6 6
2572.131000 181264.240000 220130.860000 2 4
2572.207000 181736.050000 220601.530000 6 4
2572.486000 181264.240000 220125.510000 2 2
2573.755000 181772.410000 220614.510000 8 6
2574.770000 145549.270000 184376.060000 4 6
2574.865000 145550.700000 184376.060000 6 6
2575.140000 182023.860000 220845.070000 2 2
2575.998000 182023.860000 220832.150000 2 4
2576.438000 182043.410000 220845.070000 4 2
2577.296000 182043.410000 220832.150000 4 4
2578.656000 182043.410000 220811.690000 4 6
2579.272000 182993.230000 221752.260000 2 4
2579.300000 182993.660000 221752.260000 4 4
2579.902000 182993.230000 221742.790000 2 2
2579.931000 182993.660000 221742.790000 4 2
2580.775000 182993.230000 221729.690000 2 4
2580.788000 182993.660000 221729.920000 4 6
2580.803000 182993.660000 221729.690000 4 4
2582.269000 182993.660000 221707.710000 4 6
2589.427000 177793.540000 216400.570000 4 6
2589.563000 177774.590000 216379.590000 2 4
2590.688000 177774.590000 216362.840000 2 2
2590.835000 177793.540000 216379.590000 4 4
2591.398000 182023.860000 220601.530000 2 4
2591.840000 182043.410000 220614.510000 4 6
2591.960000 177793.540000 216362.840000 4 2
2592.712000 182043.410000 220601.530000 4 4
2593.181000 182993.660000 221544.810000 4 6
2595.378000 157234.070000 195752.580000 2 4
2601.072000 181696.660000 220130.860000 2 4
2601.434000 181696.660000 220125.510000 2 2
2601.466000 181711.030000 220139.410000 4 6
2602.045000 181711.030000 220130.860000 4 4
2602.407000 181711.030000 220125.510000 4 2
2602.410000 181736.050000 220150.490000 6 8
2603.161000 181736.050000 220139.410000 6 6
2603.741000 181736.050000 220130.860000 6 4
2604.876000 181772.410000 220150.490000 8 8
2605.628000 181772.410000 220139.410000 8 6
2610.711000 181264.240000 219556.540000 2 4
2616.260000 184074.590000 222285.700000 4 2
2618.100000 184074.590000 222258.800000 4 4
2618.150000 184075.280000 222258.800000 6 4
2620.210000 150461.580000 188615.070000 6 6
2620.561000 150466.690000 188615.070000 4 6
2622.535000 150461.580000 188581.250000 6 4
2622.887000 150466.690000 188581.250000 4 4
2623.407000 182023.860000 220130.860000 2 4
2623.514000 182993.660000 221099.110000 4 6
2623.776000 182023.860000 220125.510000 2 2
2623.840000 182993.230000 221093.950000 2 4
2623.869000 182993.660000 221093.950000 4 4
2624.165000 182043.410000 220139.410000 4 6
2624.218000 182993.660000 221088.880000 4 6
2624.754000 182043.410000 220130.860000 4 4
2625.123000 182043.410000 220125.510000 4 2
2631.267000 177774.590000 215767.770000 2 4
2632.580000 177793.540000 215767.770000 4 4
2632.800000 178955.940000 216927.000000 6 6
2640.532000 181696.660000 219556.540000 2 4
2640.585000 181711.030000 219570.150000 4 6
2640.892000 181736.050000 219590.760000 6 8
2641.398000 181772.410000 219619.880000 8 10
2641.534000 181711.030000 219556.540000 4 4
2642.331000 181736.050000 219570.150000 6 6
2643.282000 181736.050000 219556.540000 6 4
2643.432000 181772.410000 219590.760000 8 8
2644.873000 181772.410000 219570.150000 8 6
2659.160000 184690.980000 222285.700000 4 2
2661.060000 184690.980000 222258.800000 4 4
2663.553000 182023.860000 219556.540000 2 4
2663.974000 182043.410000 219570.150000 4 6
2664.941000 182043.410000 219556.540000 4 4
2669.816000 178955.940000 216400.570000 6 6
2669.833000 145549.270000 182993.660000 4 4
2669.864000 145549.270000 182993.230000 4 2
2669.935000 145550.700000 182993.660000 6 4
2670.999000 184075.280000 221503.330000 6 8
2671.313000 178955.940000 216379.590000 6 4
2673.983000 184074.590000 221460.880000 4 6
2674.032000 184075.280000 221460.880000 6 6
2674.704000 184376.060000 221752.260000 6 4
2676.304000 184376.060000 221729.920000 6 6
2676.321000 184376.060000 221729.690000 6 4
2677.897000 184376.060000 221707.710000 6 6
2678.559000 184376.060000 221698.480000 6 8
2685.070000 184466.500000 221698.480000 10 8
2685.220000 150461.580000 187691.400000 6 8
2686.575000 184376.060000 221587.120000 6 8
2688.969000 184376.060000 221553.990000 6 8
2689.634000 184376.060000 221544.810000 6 6
2690.320000 184466.500000 221625.720000 10 10
2691.830000 184466.500000 221604.900000 10 12
2693.120000 184466.500000 221587.120000 10 8
2693.960000 184466.500000 221575.610000 10 10
2695.530000 184466.500000 221553.990000 10 8
2697.959000 184449.270000 221503.330000 8 8
2701.054000 184449.270000 221460.880000 8 6
2701.775000 177793.540000 214795.270000 4 6
2702.029000 177774.590000 214772.840000 2 4
2702.974000 177774.590000 214759.910000 2 2
2703.414000 177793.540000 214772.840000 4 4
2704.359000 177793.540000 214759.910000 4 2
2709.850000 150461.580000 187353.000000 6 4
2710.230000 150466.690000 187353.000000 4 4
2715.713000 178955.940000 215767.770000 6 4
2718.767000 184074.590000 220845.070000 4 2
2718.810000 184690.980000 221460.880000 4 6
2719.723000 184074.590000 220832.150000 4 4
2719.774000 184075.280000 220832.150000 6 4
2721.238000 184074.590000 220811.690000 4 6
2721.289000 184075.280000 220811.690000 6 6
2721.788000 184376.060000 221105.730000 6 8
2722.279000 184376.060000 221099.110000 6 6
2722.367000 184376.060000 221097.920000 6 8
2722.662000 184376.060000 221093.950000 6 4
2723.038000 184376.060000 221088.880000 6 6
2727.306000 177774.590000 214429.950000 2 4
2728.210000 184466.500000 221109.780000 10 10
2728.510000 184466.500000 221105.730000 10 8
2728.717000 177793.540000 214429.950000 4 4
2729.090000 184466.500000 221097.920000 10 8
2729.214000 177774.590000 214404.330000 2 2
2730.627000 177793.540000 214404.330000 4 2
2734.960000 185732.930000 222285.700000 2 2
2735.923000 184074.590000 220614.510000 4 6
2735.975000 184075.280000 220614.510000 6 6
2736.895000 184074.590000 220601.530000 4 4
2736.947000 184075.280000 220601.530000 6 4
2736.980000 185732.930000 222258.800000 2 4
2741.270000 142027.100000 178495.710000 4 6
2741.320000 142027.100000 178495.110000 4 4
2746.488000 131724.370000 168123.740000 2 4
2747.276000 131735.520000 168124.450000 4 6
2747.330000 131735.520000 168123.740000 4 4
2749.279000 184449.270000 220811.690000 8 6
2759.433000 173347.840000 209576.460000 2 4
2761.270000 173347.840000 209552.360000 2 2
2764.269000 184449.270000 220614.510000 8 6
2765.122000 184690.980000 220845.070000 4 2
2766.111000 184690.980000 220832.150000 4 4
2767.677000 184690.980000 220811.690000 4 6
2771.168000 184075.280000 220150.490000 6 8
2771.967000 184074.590000 220139.410000 4 6
2772.020000 184075.280000 220139.410000 6 6
2772.624000 184074.590000 220130.860000 4 4
2772.677000 184075.280000 220130.860000 6 4
2773.036000 184074.590000 220125.510000 4 2
2776.616000 150461.580000 186466.020000 6 6
2777.010000 150466.690000 186466.020000 4 6
2778.339000 150461.580000 186443.690000 6 4
2778.734000 150466.690000 186443.690000 4 4
2779.996000 150466.690000 186427.350000 4 2
2782.870000 184690.980000 220614.510000 4 6
2783.876000 184690.980000 220601.530000 4 4
2786.725000 178955.940000 214829.770000 6 8
2787.930000 186427.350000 222285.700000 2 2
2789.200000 186443.690000 222285.700000 4 2
2789.408000 178955.940000 214795.270000 6 6
2790.020000 186427.350000 222258.800000 2 4
2791.155000 178955.940000 214772.840000 6 4
2791.290000 186443.690000 222258.800000 4 4
2793.040000 186466.020000 222258.800000 6 4
2800.199000 184449.270000 220150.490000 8 8
2801.069000 184449.270000 220139.410000 8 6
2814.845000 184075.280000 219590.760000 6 8
2816.424000 184074.590000 219570.150000 4 6
2816.479000 184075.280000 219570.150000 6 6
2817.505000 184074.590000 219556.540000 4 4
2817.560000 184075.280000 219556.540000 6 4
2818.136000 178955.940000 214429.950000 6 4
2820.169000 184690.980000 220139.410000 4 6
2820.850000 184690.980000 220130.860000 4 4
2821.276000 184690.980000 220125.510000 4 2
2834.739000 150466.690000 185732.930000 4 2
2836.707000 96493.740000 131735.520000 2 4
2837.605000 96493.740000 131724.370000 2 2
2842.447000 184449.270000 219619.880000 8 10
2844.803000 184449.270000 219590.760000 8 8
2846.472000 184449.270000 219570.150000 8 6
2847.181000 185732.930000 220845.070000 2 2
2848.229000 185732.930000 220832.150000 2 4
2853.262000 186466.020000 221503.330000 6 8
2854.902000 186443.690000 221460.880000 4 6
2855.780000 186745.900000 221752.260000 2 4
2855.820000 186746.300000 221752.260000 4 4
2856.560000 186745.900000 221742.790000 2 2
2856.590000 186746.300000 221742.790000 4 2
2856.723000 186466.020000 221460.880000 6 6
2857.630000 186745.900000 221729.690000 2 4
2857.640000 186746.300000 221729.920000 4 6
2857.660000 186746.300000 221729.690000 4 4
2859.460000 186746.300000 221707.710000 4 6
2861.810000 187353.000000 222285.700000 4 2
2864.010000 187353.000000 222258.800000 4 4
2866.199000 184690.980000 219570.150000 4 6
2867.068000 185732.930000 220601.530000 2 4
2867.318000 184690.980000 219556.540000 4 4
2872.840000 186746.300000 221544.810000 4 6
2904.629000 186427.350000 220845.070000 2 2
2905.720000 186427.350000 220832.150000 2 4
2906.009000 186443.690000 220845.070000 4 2
2906.300000 185732.930000 220130.860000 2 4
2906.752000 185732.930000 220125.510000 2 2
2907.101000 186443.690000 220832.150000 4 4
2908.831000 186443.690000 220811.690000 4 6
2908.990000 186466.020000 220832.150000 6 4
2910.120000 186746.300000 221099.110000 4 6
2910.520000 186745.900000 221093.950000 2 4
2910.550000 186746.300000 221093.950000 4 4
2910.723000 186466.020000 220811.690000 6 6
2910.980000 186746.300000 221088.880000 4 6
2920.610000 150461.580000 184690.980000 6 4
2921.046000 150466.690000 184690.980000 4 4
2925.330000 186427.350000 220601.530000 2 4
2925.617000 186443.690000 220614.510000 4 6
2926.729000 186443.690000 220601.530000 4 4
2927.531000 186466.020000 220614.510000 6 6
2928.644000 186466.020000 220601.530000 6 4
2930.780000 187641.600000 221752.260000 6 4
2931.020000 187353.000000 221460.880000 4 6
2932.700000 187641.600000 221729.920000 6 6
2932.720000 187641.600000 221729.690000 6 4
2933.347000 168123.740000 202204.520000 4 2
2934.610000 187641.600000 221707.710000 6 6
2935.410000 187641.600000 221698.480000 6 8
2935.472000 168123.740000 202179.850000 4 4
2935.533000 168124.450000 202179.850000 6 4
2940.500000 187701.000000 221698.480000 10 8
2941.382000 150461.580000 184449.270000 6 8
2945.040000 187641.600000 221587.120000 6 8
2946.100000 182993.660000 216927.000000 4 6
2946.466000 116537.650000 150466.690000 2 4
2946.800000 187701.000000 221625.720000 10 10
2947.910000 187641.600000 221553.990000 6 8
2948.700000 187701.000000 221604.900000 10 12
2948.710000 187641.600000 221544.810000 6 6
2950.200000 187701.000000 221587.120000 10 8
2951.200000 187701.000000 221575.610000 10 10
2953.100000 187701.000000 221553.990000 10 8
2955.651000 185732.930000 219556.540000 2 4
2956.670000 187691.400000 221503.330000 8 8
2960.390000 187691.400000 221460.880000 8 6
2966.100000 188581.250000 222285.700000 4 2
2966.184000 186427.350000 220130.860000 2 4
2966.655000 186427.350000 220125.510000 2 2
2966.870000 186443.690000 220139.410000 4 6
2967.623000 186443.690000 220130.860000 4 4
2967.860000 186466.020000 220150.490000 6 8
2968.094000 186443.690000 220125.510000 4 2
2968.470000 188581.250000 222258.800000 4 4
2968.837000 186466.020000 220139.410000 6 6
2969.591000 186466.020000 220130.860000 6 4
2971.450000 188615.070000 222258.800000 6 4
2974.109000 150461.580000 184075.280000 6 6
2974.170000 150461.580000 184074.590000 6 4
2974.561000 150466.690000 184075.280000 4 6
2974.623000 150466.690000 184074.590000 4 4
2984.910000 187353.000000 220845.070000 4 2
2986.060000 187353.000000 220832.150000 4 4
2987.400000 187641.600000 221105.730000 6 8
2987.890000 187353.000000 220811.690000 4 6
2987.990000 187641.600000 221099.110000 6 6
2988.100000 187641.600000 221097.920000 6 8
2988.450000 187641.600000 221093.950000 6 4
2988.910000 187641.600000 221088.880000 6 6
2992.400000 187701.000000 221109.780000 10 10
2992.520000 182993.660000 216400.570000 4 6
2992.541000 145549.270000 178955.940000 4 6
2992.670000 145550.700000 178955.940000 6 6
2992.700000 187701.000000 221105.730000 10 8
2993.400000 187701.000000 221097.920000 10 8
2994.362000 182993.230000 216379.590000 2 4
2994.401000 182993.660000 216379.590000 4 4
2995.865000 182993.230000 216362.840000 2 2
2995.904000 182993.660000 216362.840000 4 2
3005.600000 187353.000000 220614.510000 4 6
3006.780000 187353.000000 220601.530000 4 4
3017.607000 186427.350000 219556.540000 2 4
3017.856000 186443.690000 219570.150000 4 6
3018.012000 186466.020000 219590.760000 6 8
3018.420000 187691.400000 220811.690000 8 6
3019.096000 186443.690000 219556.540000 4 4
3019.892000 186466.020000 219570.150000 6 6
3021.134000 186466.020000 219556.540000 6 4
3036.500000 187691.400000 220614.510000 8 6
3039.714000 188615.070000 221503.330000 6 8
3040.512000 188581.250000 221460.880000 4 6
3043.643000 188615.070000 221460.880000 6 6
3049.160000 187353.000000 220139.410000 4 6
3049.950000 187353.000000 220130.860000 4 4
3050.262000 182993.230000 215767.770000 2 4
3050.302000 182993.660000 215767.770000 4 4
3050.450000 187353.000000 220125.510000 4 2
3071.200000 184376.060000 216927.000000 6 6
3079.910000 187691.400000 220150.490000 8 8
3080.960000 187691.400000 220139.410000 8 6
3098.548000 188581.250000 220845.070000 4 2
3099.789000 188581.250000 220832.150000 4 4
3100.426000 145549.270000 177793.540000 4 4
3100.564000 145550.700000 177793.540000 6 4
3101.757000 188581.250000 220811.690000 4 6
3102.250000 145549.270000 177774.590000 4 2
3103.040000 187353.000000 219570.150000 4 6
3103.043000 188615.070000 220832.150000 6 4
3104.350000 187353.000000 219556.540000 4 4
3105.015000 188615.070000 220811.690000 6 6
3120.850000 188581.250000 220614.510000 4 6
3121.703000 184376.060000 216400.570000 6 6
3122.116000 188581.250000 220601.530000 4 4
3123.750000 184376.060000 216379.590000 6 4
3124.149000 188615.070000 220614.510000 6 6
3125.417000 188615.070000 220601.530000 6 4
3131.090000 187691.400000 219619.880000 8 10
3133.950000 187691.400000 219590.760000 8 8
3134.330000 189803.000000 221698.480000 10 8
3135.980000 187691.400000 219570.150000 8 6
3137.942000 168124.450000 199983.240000 6 8
3141.500000 189803.000000 221625.720000 10 10
3141.997000 168123.740000 199941.410000 4 6
3142.068000 168124.450000 199941.410000 6 6
3143.584000 182993.660000 214795.270000 4 6
3143.560000 189803.000000 221604.900000 10 12
3145.310000 189803.000000 221587.120000 10 8
3145.761000 182993.230000 214772.840000 2 4
3145.803000 182993.660000 214772.840000 4 4
3146.450000 189803.000000 221575.610000 10 10
3147.041000 182993.230000 214759.910000 2 2
3147.084000 182993.660000 214759.910000 4 2
3148.600000 189803.000000 221553.990000 10 8
3152.750000 189794.200000 221503.330000 8 8
3156.980000 189794.200000 221460.880000 8 6
3165.462000 150461.580000 182043.410000 6 4
3165.974000 150466.690000 182043.410000 4 4
3167.836000 188581.250000 220139.410000 4 6
3167.935000 150466.690000 182023.860000 4 2
3168.694000 188581.250000 220130.860000 4 4
3169.232000 188581.250000 220125.510000 4 2
3170.120000 188615.070000 220150.490000 6 8
3171.234000 188615.070000 220139.410000 6 6
3172.095000 188615.070000 220130.860000 6 4
3180.074000 182993.230000 214429.950000 2 4
3180.117000 182993.660000 214429.950000 4 4
3182.667000 182993.230000 214404.330000 2 2
3182.711000 182993.660000 214404.330000 4 2
3183.500000 110624.170000 142027.100000 2 4
3184.633000 184376.060000 215767.770000 6 4
3187.700000 110665.560000 142027.100000 4 4
3191.850000 142027.100000 173347.840000 4 2
3192.860000 150461.580000 181772.410000 6 8
3193.270000 189803.000000 221109.780000 10 10
3193.690000 189803.000000 221105.730000 10 8
3194.480000 189803.000000 221097.920000 10 8
3196.572000 150461.580000 181736.050000 6 6
3197.095000 150466.690000 181736.050000 4 6
3199.132000 150461.580000 181711.030000 6 4
3199.655000 150466.690000 181711.030000 4 4
3201.127000 150466.690000 181696.660000 4 2
3211.695000 178495.110000 209622.320000 4 6
3211.757000 178495.710000 209622.320000 6 6
3216.434000 178495.110000 209576.460000 4 4
3216.497000 178495.710000 209576.460000 6 4
3218.930000 178495.110000 209552.360000 4 2
3223.060000 189794.200000 220811.690000 8 6
3226.030000 188581.250000 219570.150000 4 6
3227.406000 188615.070000 219590.760000 6 8
3227.448000 188581.250000 219556.540000 4 4
3229.555000 188615.070000 219570.150000 6 6
3230.976000 188615.070000 219556.540000 6 4
3243.680000 189794.200000 220614.510000 8 6
3246.075000 150466.690000 181264.240000 4 2
3250.538000 168123.740000 198879.010000 4 2
3251.993000 168123.740000 198865.250000 4 4
3252.068000 168124.450000 198865.250000 6 4
3254.242000 168123.740000 198844.000000 4 6
3254.317000 168124.450000 198844.000000 6 6
3272.457000 179073.050000 209622.320000 8 6
3282.570000 191243.300000 221698.480000 10 8
3282.726000 184376.060000 214829.770000 6 8
3286.450000 184376.060000 214795.270000 6 6
3288.875000 184376.060000 214772.840000 6 4
3290.430000 191243.300000 221625.720000 10 10
3292.500000 184466.500000 214829.770000 10 8
3292.690000 191243.300000 221604.900000 10 12
3293.260000 189794.200000 220150.490000 8 8
3294.460000 189794.200000 220139.410000 8 6
3294.620000 191243.300000 221587.120000 10 8
3295.870000 191243.300000 221575.610000 10 10
3298.012000 168123.740000 198436.310000 4 6
3298.089000 168124.450000 198436.310000 6 6
3298.220000 191243.300000 221553.990000 10 8
3299.196000 168123.740000 198425.430000 4 4
3299.273000 168124.450000 198425.430000 6 4
3303.180000 191238.200000 221503.330000 8 8
3307.820000 191238.200000 221460.880000 8 6
3312.400000 186746.300000 216927.000000 4 6
3326.399000 184376.060000 214429.950000 6 4
3347.270000 191243.300000 221109.780000 10 10
3347.730000 191243.300000 221105.730000 10 8
3348.600000 191243.300000 221097.920000 10 8
3351.850000 189794.200000 219619.880000 8 10
3355.130000 189794.200000 219590.760000 8 8
3357.450000 189794.200000 219570.150000 8 6
3360.890000 145549.270000 175294.750000 4 4
3361.051000 145550.700000 175294.750000 6 4
3361.721000 145549.270000 175287.390000 4 2
3371.230000 186746.300000 216400.570000 4 6
3373.570000 186745.900000 216379.590000 2 4
3373.610000 186746.300000 216379.590000 4 4
3375.480000 186745.900000 216362.840000 2 2
3375.520000 186746.300000 216362.840000 4 2
3380.440000 191238.200000 220811.690000 8 6
3387.450000 157234.070000 186746.300000 2 4
3387.500000 157234.070000 186745.900000 2 2
3388.800000 192251.800000 221752.260000 6 4
3391.370000 192251.800000 221729.920000 6 6
3391.400000 192251.800000 221729.690000 6 4
3393.930000 192251.800000 221707.710000 6 6
3394.990000 192251.800000 221698.480000 6 8
3397.510000 192273.600000 221698.480000 10 8
3403.130000 191238.200000 220614.510000 8 6
3405.930000 192273.600000 221625.720000 10 10
3407.880000 192251.800000 221587.120000 6 8
3408.350000 192273.600000 221604.900000 10 12
3410.420000 192273.600000 221587.120000 10 8
3411.760000 192273.600000 221575.610000 10 10
3411.740000 192251.800000 221553.990000 6 8
3412.800000 192251.800000 221544.810000 6 6
3413.700000 187641.600000 216927.000000 6 6
3414.280000 192273.600000 221553.990000 10 8
3419.750000 192269.800000 221503.330000 8 8
3424.720000 192269.800000 221460.880000 8 6
3444.690000 186745.900000 215767.770000 2 4
3444.740000 186746.300000 215767.770000 4 4
3457.750000 191238.200000 220150.490000 8 8
3459.070000 191238.200000 220139.410000 8 6
3464.410000 173347.840000 202204.520000 2 2
3465.540000 192251.800000 221099.110000 6 6
3465.680000 192251.800000 221097.920000 6 8
3466.160000 192251.800000 221093.950000 6 4
3466.760000 192251.800000 221088.880000 6 6
3466.870000 192273.600000 221109.780000 10 10
3467.374000 173347.840000 202179.850000 2 4
3467.360000 192273.600000 221105.730000 10 8
3468.300000 192273.600000 221097.920000 10 8
3476.180000 187641.600000 216400.570000 6 6
3478.720000 187641.600000 216379.590000 6 4
3479.320000 193019.200000 221752.260000 6 4
3482.020000 193019.200000 221729.920000 6 6
3482.050000 193019.200000 221729.690000 6 4
3484.720000 193019.200000 221707.710000 6 6
3485.840000 193019.200000 221698.480000 6 8
3487.860000 193035.800000 221698.480000 10 8
3494.102000 150461.580000 179073.050000 6 8
3496.740000 193035.800000 221625.720000 10 10
3499.280000 193035.800000 221604.900000 10 12
3499.430000 193019.200000 221587.120000 6 8
3501.460000 193035.800000 221587.120000 10 8
3502.620000 192269.800000 220811.690000 8 6
3502.880000 193035.800000 221575.610000 10 10
3503.490000 193019.200000 221553.990000 6 8
3504.620000 193019.200000 221544.810000 6 6
3505.530000 193035.800000 221553.990000 10 8
3511.410000 193032.900000 221503.330000 8 8
3513.006000 168124.450000 196581.960000 6 8
3514.171000 168123.740000 196571.820000 4 6
3514.258000 168124.450000 196571.820000 6 6
3515.210000 168123.740000 196563.410000 4 4
3515.298000 168124.450000 196563.410000 6 4
3515.895000 168123.740000 196557.870000 4 2
3516.660000 193032.900000 221460.880000 8 6
3522.390000 191238.200000 219619.880000 8 10
3526.010000 191238.200000 219590.760000 8 8
3526.990000 192269.800000 220614.510000 8 6
3528.580000 191238.200000 219570.150000 8 6
3531.034000 181264.240000 209576.460000 2 4
3534.043000 181264.240000 209552.360000 2 2
3551.430000 193602.600000 221752.260000 6 4
3554.250000 193602.600000 221729.920000 6 6
3554.390000 187641.600000 215767.770000 6 4
3554.280000 193602.600000 221729.690000 6 4
3557.060000 193602.600000 221707.710000 6 6
3558.220000 193602.600000 221698.480000 6 8
3559.410000 193019.200000 221105.730000 6 8
3559.860000 193615.500000 221698.480000 10 8
3560.250000 193019.200000 221099.110000 6 6
3560.400000 193019.200000 221097.920000 6 8
3560.900000 193019.200000 221093.950000 6 4
3561.000000 193035.800000 221109.780000 10 10
3561.510000 193035.800000 221105.730000 10 8
3561.550000 193019.200000 221088.880000 6 6
3562.510000 193035.800000 221097.920000 10 8
3564.180000 186746.300000 214795.270000 4 6
3566.062000 150461.580000 178495.710000 6 6
3566.139000 150461.580000 178495.110000 6 4
3566.712000 150466.690000 178495.710000 4 6
3566.789000 150466.690000 178495.110000 4 4
3566.980000 186745.900000 214772.840000 2 4
3567.030000 186746.300000 214772.840000 4 4
3568.620000 186745.900000 214759.910000 2 2
3568.670000 186746.300000 214759.910000 4 2
3569.110000 193615.500000 221625.720000 10 10
3571.760000 193615.500000 221604.900000 10 12
3572.380000 193602.600000 221587.120000 6 8
3574.030000 193615.500000 221587.120000 10 8
3575.500000 193615.500000 221575.610000 10 10
3576.620000 193602.600000 221553.990000 6 8
3577.790000 193602.600000 221544.810000 6 6
3578.270000 193615.500000 221553.990000 10 8
3581.757000 181711.030000 209622.320000 4 6
3584.490000 193613.300000 221503.330000 8 8
3584.971000 181736.050000 209622.320000 6 6
3585.690000 192269.800000 220150.490000 8 8
3585.803000 181696.660000 209576.460000 2 4
3587.110000 192269.800000 220139.410000 8 6
3587.652000 181711.030000 209576.460000 4 4
3588.905000 181696.660000 209552.360000 2 2
3589.651000 181772.410000 209622.320000 8 6
3589.950000 193613.300000 221460.880000 8 6
3590.758000 181711.030000 209552.360000 4 2
3590.876000 181736.050000 209576.460000 6 4
3598.840000 193032.900000 220811.690000 8 6
3609.620000 194056.400000 221752.260000 6 4
3611.160000 186745.900000 214429.950000 2 4
3611.210000 186746.300000 214429.950000 4 4
3612.530000 194056.400000 221729.920000 6 6
3612.560000 194056.400000 221729.690000 6 4
3614.130000 168124.450000 195785.740000 6 8
3614.500000 186745.900000 214404.330000 2 2
3614.560000 186746.300000 214404.330000 4 2
3615.430000 194056.400000 221707.710000 6 6
3616.637000 168123.740000 195765.850000 4 6
3616.730000 168124.450000 195765.850000 6 6
3616.640000 194056.400000 221698.480000 6 8
3617.980000 194066.600000 221698.480000 10 8
3618.375000 168123.740000 195752.580000 4 4
3618.468000 168124.450000 195752.580000 6 4
3624.570000 193032.900000 220614.510000 8 6
3624.926000 182043.410000 209622.320000 4 6
3627.530000 194066.600000 221625.720000 10 10
3628.387000 182023.860000 209576.460000 2 4
3630.270000 194066.600000 221604.900000 10 12
3630.964000 182043.410000 209576.460000 4 4
3631.270000 194056.400000 221587.120000 6 8
3631.564000 182023.860000 209552.360000 2 2
3632.620000 194066.600000 221587.120000 10 8
3634.145000 182043.410000 209552.360000 4 2
3634.140000 194066.600000 221575.610000 10 10
3634.910000 193602.600000 221105.730000 6 8
3635.650000 194056.400000 221553.990000 6 8
3635.790000 193602.600000 221099.110000 6 6
3635.950000 193602.600000 221097.920000 6 8
3636.080000 193615.500000 221109.780000 10 10
3636.470000 193602.600000 221093.950000 6 4
3636.620000 193615.500000 221105.730000 10 8
3636.860000 194056.400000 221544.810000 6 6
3637.000000 194066.600000 221553.990000 10 8
3637.140000 193602.600000 221088.880000 6 6
3637.650000 193615.500000 221097.920000 10 8
3643.490000 194064.900000 221503.330000 8 8
3649.130000 194064.900000 221460.880000 8 6
3655.260000 192269.800000 219619.880000 8 10
3659.150000 192269.800000 219590.760000 8 8
3661.910000 192269.800000 219570.150000 8 6
3675.640000 193613.300000 220811.690000 8 6
3677.020000 187641.600000 214829.770000 6 8
3681.700000 187641.600000 214795.270000 6 6
3684.740000 187641.600000 214772.840000 6 4
3685.100000 187701.000000 214829.770000 10 8
3686.590000 193032.900000 220150.490000 8 8
3688.100000 193032.900000 220139.410000 8 6
3695.900000 194056.400000 221105.730000 6 8
3696.740000 194066.600000 221109.780000 10 10
3696.800000 194056.400000 221099.110000 6 6
3696.960000 194056.400000 221097.920000 6 8
3697.290000 194066.600000 221105.730000 10 8
3697.510000 194056.400000 221093.950000 6 4
3698.200000 194056.400000 221088.880000 6 6
3698.360000 194066.600000 221097.920000 10 8
3698.650000 167035.710000 194064.900000 6 8
3702.480000 193613.300000 220614.510000 8 6
3731.900000 187641.600000 214429.950000 6 4
3737.700000 194064.900000 220811.690000 8 6
3760.170000 193032.900000 219619.880000 8 10
3761.500000 167035.710000 193613.300000 6 8
3764.290000 193032.900000 219590.760000 8 8
3765.460000 194064.900000 220614.510000 8 6
3767.230000 193613.300000 220150.490000 8 8
3767.220000 193032.900000 219570.150000 8 6
3768.800000 193613.300000 220139.410000 8 6
3830.720000 142027.100000 168124.450000 4 6
3830.820000 142027.100000 168123.740000 4 4
3831.726000 162524.570000 188615.070000 4 6
3832.450000 194064.900000 220150.490000 8 8
3834.080000 194064.900000 220139.410000 8 6
3835.716000 162517.890000 188581.250000 2 4
3836.699000 162524.570000 188581.250000 4 4
3844.090000 193613.300000 219619.880000 8 10
3845.111000 195752.580000 221752.260000 4 4
3845.480000 167035.710000 193032.900000 6 8
3846.512000 195752.580000 221742.790000 4 2
3847.074000 195765.850000 221752.260000 6 4
3848.417000 195752.580000 221729.920000 4 6
3848.400000 193613.300000 219590.760000 8 8
3848.451000 195752.580000 221729.690000 4 4
3850.384000 195765.850000 221729.920000 6 6
3850.418000 195765.850000 221729.690000 6 4
3851.460000 193613.300000 219570.150000 8 6
3851.711000 195752.580000 221707.710000 4 6
3853.336000 195785.740000 221729.920000 8 6
3853.681000 195765.850000 221707.710000 6 6
3855.050000 168123.740000 194056.400000 4 6
3855.150000 168124.450000 194056.400000 6 6
3855.053000 195765.850000 221698.480000 6 8
3856.638000 195785.740000 221707.710000 8 6
3858.012000 195785.740000 221698.480000 8 8
3862.173000 195813.660000 221698.480000 10 8
3868.875000 195785.740000 221625.720000 8 10
3871.679000 195765.850000 221587.120000 6 8
3873.060000 195813.660000 221625.720000 10 10
3874.663000 195785.740000 221587.120000 8 8
3876.038000 195752.580000 221544.810000 4 6
3876.187000 195813.660000 221604.900000 10 12
3876.393000 195785.740000 221575.610000 8 10
3876.653000 195765.850000 221553.990000 6 8
3878.033000 195765.850000 221544.810000 6 6
3878.861000 195813.660000 221587.120000 10 8
3879.645000 195785.740000 221553.990000 8 8
3880.594000 195813.660000 221575.610000 10 10
3880.949000 157234.070000 182993.660000 2 4
3881.014000 157234.070000 182993.230000 2 2
3881.028000 195785.740000 221544.810000 8 6
3883.853000 195813.660000 221553.990000 10 8
3912.020000 194064.900000 219619.880000 8 10
3913.134000 184074.590000 209622.320000 4 6
3913.239000 184075.280000 209622.320000 6 6
3915.672000 173347.840000 198879.010000 2 2
3916.490000 194064.900000 219590.760000 8 8
3917.784000 173347.840000 198865.250000 2 4
3918.968000 131724.370000 157234.070000 2 2
3919.650000 194064.900000 219570.150000 8 6
3920.171000 184074.590000 209576.460000 4 4
3920.277000 184075.280000 209576.460000 6 4
3920.681000 131735.520000 157234.070000 4 2
3922.080000 116537.650000 142027.100000 2 4
3923.710000 168123.740000 193602.600000 4 6
3923.820000 168124.450000 193602.600000 6 6
3923.879000 184074.590000 209552.360000 4 2
3944.197000 195752.580000 221099.110000 4 6
3945.000000 195752.580000 221093.950000 4 4
3945.232000 195765.850000 221105.730000 6 8
3945.789000 195752.580000 221088.880000 4 6
3946.263000 195765.850000 221099.110000 6 6
3946.448000 195765.850000 221097.920000 6 8
3947.067000 195765.850000 221093.950000 6 4
3947.700000 195785.740000 221109.780000 8 10
3947.857000 195765.850000 221088.880000 6 6
3948.331000 195785.740000 221105.730000 8 8
3949.364000 195785.740000 221099.110000 8 6
3949.549000 195785.740000 221097.920000 8 8
3950.961000 195785.740000 221088.880000 8 6
3952.057000 195813.660000 221109.780000 10 10
3952.690000 195813.660000 221105.730000 10 8
3953.911000 195813.660000 221097.920000 10 8
3961.770000 167035.710000 192269.800000 6 8
3968.015000 196557.870000 221752.260000 2 4
3968.888000 196563.410000 221752.260000 4 4
3969.507000 196557.870000 221742.790000 2 2
3970.213000 196571.820000 221752.260000 6 4
3970.380000 196563.410000 221742.790000 4 2
3971.379000 184449.270000 209622.320000 8 6
3971.573000 196557.870000 221729.690000 2 4
3972.411000 196563.410000 221729.920000 4 6
3972.447000 196563.410000 221729.690000 4 4
3973.739000 196571.820000 221729.920000 6 6
3973.775000 196571.820000 221729.690000 6 4
3975.341000 196581.960000 221729.920000 8 6
3975.920000 196563.410000 221707.710000 4 6
3977.250000 196571.820000 221707.710000 6 6
3978.711000 196571.820000 221698.480000 6 8
3978.855000 196581.960000 221707.710000 8 6
3980.317000 196581.960000 221698.480000 8 8
3985.140000 168978.770000 194064.900000 8 8
3985.070000 168978.340000 194064.900000 6 8
3986.497000 173347.840000 198425.430000 2 4
3991.882000 196581.960000 221625.720000 8 10
3996.423000 196571.820000 221587.120000 6 8
3998.044000 196581.960000 221587.120000 8 8
3999.885000 196581.960000 221575.610000 8 10
4001.723000 196571.820000 221553.990000 6 8
4001.847000 196563.410000 221544.810000 4 6
4003.194000 196571.820000 221544.810000 6 6
4003.348000 196581.960000 221553.990000 8 8
4004.821000 196581.960000 221544.810000 8 6
4009.882000 184690.980000 209622.320000 4 6
4015.660000 168123.740000 193019.200000 4 6
4017.272000 184690.980000 209576.460000 4 4
4021.166000 184690.980000 209552.360000 4 2
4025.420000 162517.890000 187353.000000 2 4
4026.500000 162524.570000 187353.000000 4 4
4058.200000 168978.770000 193613.300000 8 8
4058.130000 168978.340000 193613.300000 6 8
4074.480000 196557.870000 221093.950000 2 4
4074.543000 196563.410000 221099.110000 4 6
4074.841000 196571.820000 221105.730000 6 8
4075.400000 196563.410000 221093.950000 4 4
4075.852000 196581.960000 221109.780000 8 10
4075.940000 196571.820000 221099.110000 6 6
4076.138000 196571.820000 221097.920000 6 8
4076.243000 196563.410000 221088.880000 4 6
4076.525000 196581.960000 221105.730000 8 8
4076.798000 196571.820000 221093.950000 6 4
4077.626000 196581.960000 221099.110000 8 6
4077.641000 196571.820000 221088.880000 6 6
4077.824000 196581.960000 221097.920000 8 8
4079.328000 196581.960000 221088.880000 8 6
4130.640000 167035.710000 191238.200000 6 8
4156.120000 168978.770000 193032.900000 8 8
4156.040000 168978.340000 193032.900000 6 8
4175.679000 162524.570000 186466.020000 4 6
4178.411000 162517.890000 186443.690000 2 4
4179.578000 162524.570000 186443.690000 4 4
4181.267000 162517.890000 186427.350000 2 2
4181.600000 193019.200000 216927.000000 6 6
4182.435000 162524.570000 186427.350000 4 2
4192.828000 185732.930000 209576.460000 2 4
4197.071000 185732.930000 209552.360000 2 2
4216.547000 178495.110000 202204.520000 4 2
4220.939000 178495.110000 202179.850000 4 4
4221.046000 178495.710000 202179.850000 6 4
4267.001000 145549.270000 168978.340000 4 6
4267.183000 145550.700000 168978.770000 6 8
4267.261000 145550.700000 168978.340000 6 6
4285.703000 198425.430000 221752.260000 4 4
4287.444000 198425.430000 221742.790000 4 2
4287.703000 198436.310000 221752.260000 6 4
4289.812000 198425.430000 221729.920000 4 6
4289.854000 198425.430000 221729.690000 4 4
4291.815000 198436.310000 221729.920000 6 6
4291.858000 198436.310000 221729.690000 6 4
4292.290000 168978.770000 192269.800000 8 8
4292.210000 168978.340000 192269.800000 6 8
4293.904000 198425.430000 221707.710000 4 6
4295.912000 198436.310000 221707.710000 6 6
4297.616000 198436.310000 221698.480000 6 8
4306.243000 173347.840000 196563.410000 2 4
4306.341000 162517.890000 185732.930000 2 2
4307.271000 173347.840000 196557.870000 2 2
4307.581000 162524.570000 185732.930000 4 2
4309.313000 145549.270000 168748.300000 4 4
4309.579000 145550.700000 168748.300000 6 4
4312.802000 145549.270000 168729.530000 4 2
4313.106000 186443.690000 209622.320000 4 6
4317.265000 186466.020000 209622.320000 6 6
4318.289000 198436.310000 221587.120000 6 8
4318.606000 186427.350000 209576.460000 2 4
4321.657000 186443.690000 209576.460000 4 4
4323.107000 186427.350000 209552.360000 2 2
4324.160000 198425.430000 221544.810000 4 6
4324.478000 198436.310000 221553.990000 6 8
4325.832000 186466.020000 209576.460000 6 4
4326.164000 186443.690000 209552.360000 4 2
4326.195000 198436.310000 221544.810000 6 6
4364.011000 198844.000000 221752.260000 6 4
4368.063000 198865.250000 221752.260000 4 4
4368.271000 198844.000000 221729.920000 6 6
4368.315000 198844.000000 221729.690000 6 4
4369.182000 150466.690000 173347.840000 4 2
4369.871000 198865.250000 221742.790000 4 2
4370.691000 198879.010000 221752.260000 2 4
4371.200000 194056.400000 216927.000000 6 6
4372.331000 198865.250000 221729.920000 4 6
4372.375000 198865.250000 221729.690000 4 4
4372.501000 198879.010000 221742.790000 2 2
4372.515000 198844.000000 221707.710000 6 6
4374.281000 198844.000000 221698.480000 6 8
4375.008000 198879.010000 221729.690000 2 4
4376.582000 198865.250000 221707.710000 4 6
4385.120000 193602.600000 216400.570000 6 6
4389.160000 193602.600000 216379.590000 6 4
4392.730000 167035.710000 189794.200000 6 8
4395.699000 198844.000000 221587.120000 6 8
4402.112000 198844.000000 221553.990000 6 8
4403.892000 198844.000000 221544.810000 6 6
4408.019000 198865.250000 221544.810000 4 6
4409.162000 198425.430000 221099.110000 4 6
4409.990000 198436.310000 221105.730000 6 8
4410.165000 198425.430000 221093.950000 4 4
4411.152000 198425.430000 221088.880000 4 6
4411.279000 198436.310000 221099.110000 6 6
4411.510000 198436.310000 221097.920000 6 8
4412.283000 198436.310000 221093.950000 6 4
4413.271000 198436.310000 221088.880000 6 6
4432.130000 192273.600000 214829.770000 10 8
4462.089000 173347.840000 195752.580000 2 4
4474.180000 194056.400000 216400.570000 6 6
4478.390000 194056.400000 216379.590000 6 4
4489.220000 187353.000000 209622.320000 4 6
4490.754000 198844.000000 221105.730000 6 8
4491.130000 168978.340000 191238.200000 6 8
4492.090000 198844.000000 221099.110000 6 6
4492.330000 198844.000000 221097.920000 6 8
4493.132000 198844.000000 221093.950000 6 4
4494.156000 198844.000000 221088.880000 6 6
4496.383000 198865.250000 221099.110000 4 6
4497.427000 198865.250000 221093.950000 4 4
4498.453000 198865.250000 221088.880000 4 6
4498.490000 187353.000000 209576.460000 4 4
4500.213000 198879.010000 221093.950000 2 4
4503.370000 187353.000000 209552.360000 4 2
4508.707000 162517.890000 184690.980000 2 4
4510.065000 162524.570000 184690.980000 4 4
4510.320000 193602.600000 215767.770000 6 4
4558.490000 187691.400000 209622.320000 8 6
4583.590000 199941.410000 221752.260000 6 4
4587.140000 193035.800000 214829.770000 10 8
4588.289000 199941.410000 221729.920000 6 6
4588.338000 199941.410000 221729.690000 6 4
4592.971000 199941.410000 221707.710000 6 6
4594.920000 199941.410000 221698.480000 6 8
4597.115000 199983.240000 221729.920000 8 6
4601.815000 199983.240000 221707.710000 8 6
4603.771000 199983.240000 221698.480000 8 8
4604.590000 194056.400000 215767.770000 6 4
4618.559000 199941.410000 221587.120000 6 8
4619.249000 199983.240000 221625.720000 8 10
4623.124000 166990.730000 188615.070000 4 6
4625.310000 166967.130000 188581.250000 2 4
4625.639000 199941.410000 221553.990000 6 8
4627.502000 199983.240000 221587.120000 8 8
4627.605000 199941.410000 221544.810000 6 6
4629.969000 199983.240000 221575.610000 8 10
4630.366000 166990.730000 188581.250000 4 4
4632.760000 167035.710000 188615.070000 6 6
4634.610000 199983.240000 221553.990000 8 8
4636.583000 199983.240000 221544.810000 8 6
4637.630000 162517.890000 184074.590000 2 4
4638.919000 162524.570000 184075.280000 4 6
4639.068000 162524.570000 184074.590000 4 4
4640.032000 167035.710000 188581.250000 6 4
4652.559000 178495.710000 199983.240000 6 8
4652.795000 145549.270000 167035.710000 4 6
4653.105000 145550.700000 167035.710000 6 6
4661.504000 178495.110000 199941.410000 4 6
4661.634000 178495.710000 199941.410000 6 6
4662.556000 145549.270000 166990.730000 4 4
4662.867000 145550.700000 166990.730000 6 4
4667.694000 145549.270000 166967.130000 4 2
4712.490000 193615.500000 214829.770000 10 8
4721.400000 195752.580000 216927.000000 4 6
4723.612000 199941.410000 221105.730000 6 8
4724.300000 195765.850000 216927.000000 6 6
4725.090000 199941.410000 221099.110000 6 6
4725.356000 199941.410000 221097.920000 6 8
4726.242000 199941.410000 221093.950000 6 4
4727.376000 199941.410000 221088.880000 6 6
4728.800000 195785.740000 216927.000000 8 6
4732.059000 199983.240000 221109.780000 8 10
4732.966000 199983.240000 221105.730000 8 8
4734.450000 199983.240000 221099.110000 8 6
4734.717000 199983.240000 221097.920000 8 8
4735.464000 110624.170000 131735.520000 2 4
4736.745000 199983.240000 221088.880000 8 6
4737.966000 110624.170000 131724.370000 2 2
4744.766000 110665.560000 131735.520000 4 4
4747.279000 110665.560000 131724.370000 4 2
4751.281000 188581.250000 209622.320000 4 6
4758.931000 188615.070000 209622.320000 6 6
4761.660000 188581.250000 209576.460000 4 4
4767.132000 188581.250000 209552.360000 4 2
4769.342000 188615.070000 209576.460000 6 4
4774.150000 181264.240000 202204.520000 2 2
4779.782000 181264.240000 202179.850000 2 4
4781.021000 179073.050000 199983.240000 8 8
4790.604000 179073.050000 199941.410000 8 6
4802.790000 168978.770000 189794.200000 8 8
4802.690000 168978.340000 189794.200000 6 8
4812.510000 194056.400000 214829.770000 6 8
4814.870000 194066.600000 214829.770000 10 8
4820.520000 194056.400000 214795.270000 6 6
4825.740000 194056.400000 214772.840000 6 4
4839.930000 167035.710000 187691.400000 6 8
4841.734000 195752.580000 216400.570000 4 6
4844.847000 195765.850000 216400.570000 6 6
4846.658000 195752.580000 216379.590000 4 4
4849.522000 195785.740000 216400.570000 8 6
4849.778000 195765.850000 216379.590000 6 4
4850.597000 195752.580000 216362.840000 4 2
4862.580000 157234.070000 177793.540000 2 4
4867.066000 157234.070000 177774.590000 2 2
4874.818000 181696.660000 202204.520000 2 2
4878.236000 181711.030000 202204.520000 4 2
4880.689000 181696.660000 202179.850000 2 4
4884.115000 181711.030000 202179.850000 4 4
4890.093000 181736.050000 202179.850000 6 4
4903.990000 166967.130000 187353.000000 2 4
4904.463000 178495.110000 198879.010000 4 2
4906.950000 194056.400000 214429.950000 6 4
4907.776000 178495.110000 198865.250000 4 4
4907.921000 178495.710000 198865.250000 6 4
4909.400000 196563.410000 216927.000000 4 6
4909.670000 166990.730000 187353.000000 4 4
4911.400000 196571.820000 216927.000000 6 6
4912.901000 178495.110000 198844.000000 4 6
4913.046000 178495.710000 198844.000000 6 6
4913.800000 196581.960000 216927.000000 8 6
4920.540000 167035.710000 187353.000000 6 4
4953.857000 182023.860000 202204.520000 2 2
4958.661000 182043.410000 202204.520000 4 2
4959.920000 182023.860000 202179.850000 2 4
4964.736000 182043.410000 202179.850000 4 4
4994.812000 195752.580000 215767.770000 4 4
4998.126000 195765.850000 215767.770000 6 4
5013.345000 178495.110000 198436.310000 4 6
5013.496000 178495.710000 198436.310000 6 6
5016.082000 178495.110000 198425.430000 4 4
5016.233000 178495.710000 198425.430000 6 4
5032.128000 168748.300000 188615.070000 4 6
5035.943000 168729.530000 188581.250000 2 4
5039.639000 196563.410000 216400.570000 4 6
5040.709000 168748.300000 188581.250000 4 4
5041.776000 196571.820000 216400.570000 6 6
5041.940000 189794.200000 209622.320000 8 6
5043.565000 196557.870000 216379.590000 2 4
5044.356000 196581.960000 216400.570000 8 6
5044.975000 196563.410000 216379.590000 4 4
5047.117000 196571.820000 216379.590000 6 4
5047.830000 196557.870000 216362.840000 2 2
5049.243000 196563.410000 216362.840000 4 2
5056.516000 179073.050000 198844.000000 8 6
5091.190000 168978.770000 188615.070000 8 6
5091.079000 168978.340000 188615.070000 6 6
5099.862000 168978.340000 188581.250000 6 4
5107.809000 202179.850000 221752.260000 4 4
5110.282000 202179.850000 221742.790000 4 2
5113.646000 202179.850000 221729.920000 4 6
5113.706000 202179.850000 221729.690000 4 4
5114.256000 202204.520000 221752.260000 2 4
5116.735000 202204.520000 221742.790000 2 2
5119.462000 202179.850000 221707.710000 4 6
5120.076000 162517.890000 182043.410000 2 4
5120.168000 202204.520000 221729.690000 2 4
5121.828000 162524.570000 182043.410000 4 4
5122.090000 168123.740000 187641.600000 4 6
5122.270000 168124.450000 187641.600000 6 6
5125.208000 162517.890000 182023.860000 2 2
5126.963000 162524.570000 182023.860000 4 2
5132.947000 166967.130000 186443.690000 2 4
5133.282000 166990.730000 186466.020000 4 6
5137.257000 166967.130000 186427.350000 2 2
5139.174000 166990.730000 186443.690000 4 4
5143.495000 166990.730000 186427.350000 4 2
5145.165000 167035.710000 186466.020000 6 6
5151.085000 167035.710000 186443.690000 6 4
5162.528000 202179.850000 221544.810000 4 6
5162.981000 179073.050000 198436.310000 8 6
5203.772000 162524.570000 181736.050000 4 6
5204.200000 196557.870000 215767.770000 2 4
5205.701000 196563.410000 215767.770000 4 4
5207.982000 196571.820000 215767.770000 6 4
5208.745000 162517.890000 181711.030000 2 4
5210.558000 162524.570000 181711.030000 4 4
5212.647000 162517.890000 181696.660000 2 2
5214.464000 162524.570000 181696.660000 4 2
5244.051000 195765.850000 214829.770000 6 8
5249.528000 195785.740000 214829.770000 8 8
5249.898000 195752.580000 214795.270000 4 6
5253.559000 195765.850000 214795.270000 6 6
5256.089000 195752.580000 214772.840000 4 4
5257.236000 195813.660000 214829.770000 10 8
5259.056000 195785.740000 214795.270000 8 6
5259.664000 195752.580000 214759.910000 4 2
5259.758000 195765.850000 214772.840000 6 4
5284.149000 202179.850000 221099.110000 4 6
5285.590000 202179.850000 221093.950000 4 4
5287.007000 202179.850000 221088.880000 4 6
5292.493000 202204.520000 221093.950000 2 4
5327.361000 166967.130000 185732.930000 2 2
5332.888000 162517.890000 181264.240000 2 2
5334.069000 166990.730000 185732.930000 4 2
5334.789000 162524.570000 181264.240000 4 2
5342.500000 168978.770000 187691.400000 8 8
5342.380000 168978.340000 187691.400000 6 8
5352.584000 195752.580000 214429.950000 4 4
5356.390000 195765.850000 214429.950000 6 4
5359.937000 195752.580000 214404.330000 4 2
5368.080000 168729.530000 187353.000000 2 4
5368.340000 168123.740000 186746.300000 4 4
5368.450000 168123.740000 186745.900000 4 2
5368.540000 168124.450000 186746.300000 6 4
5373.490000 168748.300000 187353.000000 4 4
5403.400000 198425.430000 216927.000000 4 6
5406.600000 198436.310000 216927.000000 6 6
5440.770000 168978.340000 187353.000000 6 4
5475.545000 196571.820000 214829.770000 6 8
5478.587000 196581.960000 214829.770000 8 8
5478.774000 181736.050000 199983.240000 6 8
5483.380000 196563.410000 214795.270000 4 6
5483.825000 181711.030000 199941.410000 4 6
5485.911000 196571.820000 214795.270000 6 6
5488.465000 196557.870000 214772.840000 2 4
5488.965000 196581.960000 214795.270000 8 6
5489.713000 181772.410000 199983.240000 8 8
5490.135000 196563.410000 214772.840000 4 4
5491.362000 181736.050000 199941.410000 6 6
5492.364000 196557.870000 214759.910000 2 2
5492.672000 196571.820000 214772.840000 6 4
5494.036000 196563.410000 214759.910000 4 2
5502.352000 181772.410000 199941.410000 8 6
5514.209000 184074.590000 202204.520000 4 2
5521.723000 184074.590000 202179.850000 4 4
5521.933000 184075.280000 202179.850000 6 4
5527.527000 178495.710000 196581.960000 6 8
5528.500000 198844.000000 216927.000000 6 6
5530.444000 178495.110000 196571.820000 4 6
5530.628000 178495.710000 196571.820000 6 6
5533.018000 178495.110000 196563.410000 4 4
5533.202000 178495.710000 196563.410000 6 4
5534.715000 178495.110000 196557.870000 4 2
5535.000000 198865.250000 216927.000000 4 6
5535.353000 157234.070000 175294.750000 2 4
5537.609000 157234.070000 175287.390000 2 2
5561.695000 198425.430000 216400.570000 4 6
5565.063000 198436.310000 216400.570000 6 6
5568.194000 198425.430000 216379.590000 4 4
5571.570000 198436.310000 216379.590000 6 4
5573.393000 198425.430000 216362.840000 4 2
5585.666000 182043.410000 199941.410000 4 6
5593.767000 196557.870000 214429.950000 2 4
5595.501000 196563.410000 214429.950000 4 4
5598.136000 196571.820000 214429.950000 6 4
5601.797000 196557.870000 214404.330000 2 2
5603.536000 196563.410000 214404.330000 4 2
5640.549000 166967.130000 184690.980000 2 4
5642.501000 168748.300000 186466.020000 4 6
5643.635000 168729.530000 186443.690000 2 4
5648.070000 166990.730000 184690.980000 4 4
5648.846000 168729.530000 186427.350000 2 2
5649.621000 168748.300000 186443.690000 4 4
5654.843000 168748.300000 186427.350000 4 2
5660.023000 150461.580000 168124.450000 6 6
5660.251000 150461.580000 168123.740000 6 4
5661.661000 150466.690000 168124.450000 4 6
5661.889000 150466.690000 168123.740000 4 4
5662.460000 167035.710000 184690.980000 6 4
5675.479000 181264.240000 198879.010000 2 2
5679.916000 181264.240000 198865.250000 2 4
5694.293000 198844.000000 216400.570000 6 6
5701.106000 198844.000000 216379.590000 6 4
5701.194000 198865.250000 216400.570000 4 6
5708.023000 198865.250000 216379.590000 4 4
5708.284000 184690.980000 202204.520000 4 2
5709.794000 179073.050000 196581.960000 8 8
5712.512000 198879.010000 216379.590000 2 4
5713.102000 179073.050000 196571.820000 8 6
5713.488000 198865.250000 216362.840000 4 2
5716.336000 184690.980000 202179.850000 4 4
5716.866000 168978.770000 186466.020000 8 6
5716.725000 168978.340000 186466.020000 6 6
5717.984000 198879.010000 216362.840000 2 2
5724.035000 168978.340000 186443.690000 6 4
5741.059000 167035.710000 184449.270000 6 8
5761.300000 192269.800000 209622.320000 8 6
5764.636000 198425.430000 215767.770000 4 4
5768.255000 198436.310000 215767.770000 6 4
5782.077000 178495.710000 195785.740000 6 8
5788.535000 178495.110000 195765.850000 4 6
5788.736000 178495.710000 195765.850000 6 6
5792.986000 178495.110000 195752.580000 4 4
5793.187000 178495.710000 195752.580000 6 4
5818.313000 181696.660000 198879.010000 2 2
5822.976000 181696.660000 198865.250000 2 4
5823.183000 181711.030000 198879.010000 4 2
5825.487000 181264.240000 198425.430000 2 4
5827.854000 181711.030000 198865.250000 4 4
5835.082000 181711.030000 198844.000000 4 6
5836.366000 181736.050000 198865.250000 6 4
5843.616000 181736.050000 198844.000000 6 6
5843.783000 166967.130000 184074.590000 2 4
5851.620000 166990.730000 184075.280000 4 6
5851.860000 166990.730000 184074.590000 4 4
5856.060000 181772.410000 198844.000000 8 6
5867.070000 167035.710000 184075.280000 6 6
5867.300000 167035.710000 184074.590000 6 4
5879.550000 168729.530000 185732.930000 2 2
5885.700000 199941.410000 216927.000000 6 6
5886.040000 168748.300000 185732.930000 4 2
5889.280000 145549.270000 162524.570000 4 4
5889.780000 145550.700000 162524.570000 6 4
5891.600000 145549.270000 162517.890000 4 2
5900.200000 199983.240000 216927.000000 8 6
5907.210000 198844.000000 215767.770000 6 4
5914.640000 198865.250000 215767.770000 4 4
5919.460000 198879.010000 215767.770000 2 4
5931.260000 182023.860000 198879.010000 2 2
5936.110000 182023.860000 198865.250000 2 4
5938.150000 182043.410000 198879.010000 4 2
5943.010000 182043.410000 198865.250000 4 4
5950.520000 182043.410000 198844.000000 4 6
5971.840000 179073.050000 195813.660000 8 10
5976.070000 181696.660000 198425.430000 2 4
5977.320000 181711.030000 198436.310000 4 6
5981.210000 181711.030000 198425.430000 4 4
5981.820000 179073.050000 195785.740000 8 8
5986.270000 181736.050000 198436.310000 6 6
5988.950000 179073.050000 195765.850000 8 6
5990.180000 181736.050000 198425.430000 6 4
5999.330000 181772.410000 198436.310000 8 6
6026.300000 193032.900000 209622.320000 8 6
6069.380000 185732.930000 202204.520000 2 2
6073.960000 199941.410000 216400.570000 6 6
6078.480000 185732.930000 202179.850000 2 4
6081.710000 199941.410000 216379.590000 6 4
6089.440000 199983.240000 216400.570000 8 6
6095.290000 182023.860000 198425.430000 2 4
6098.310000 198436.310000 214829.770000 6 8
6098.510000 182043.410000 198436.310000 4 6
6102.560000 182043.410000 198425.430000 4 4
6107.100000 198425.430000 214795.270000 4 6
6111.170000 198436.310000 214795.270000 6 6
6115.480000 198425.430000 214772.840000 4 4
6119.560000 198436.310000 214772.840000 6 4
6120.330000 198425.430000 214759.910000 4 2
6151.270000 168123.740000 184376.060000 4 6
6151.530000 168124.450000 184376.060000 6 6
6244.800000 193613.300000 209622.320000 8 6
6246.510000 198425.430000 214429.950000 4 4
6250.760000 198436.310000 214429.950000 6 4
6253.830000 198844.000000 214829.770000 6 8
6256.520000 198425.430000 214404.330000 4 2
6257.180000 162517.890000 178495.110000 2 4
6259.560000 162524.570000 178495.710000 4 6
6259.800000 162524.570000 178495.110000 4 4
6263.360000 168729.530000 184690.980000 2 4
6267.360000 198844.000000 214795.270000 6 6
6270.740000 168748.300000 184690.980000 4 4
6275.720000 198865.250000 214795.270000 4 6
6276.190000 198844.000000 214772.840000 6 4
6284.420000 184075.280000 199983.240000 6 8
6284.570000 198865.250000 214772.840000 4 4
6289.680000 198865.250000 214759.910000 4 2
6290.010000 198879.010000 214772.840000 2 4
6295.130000 198879.010000 214759.910000 2 2
6300.720000 184074.590000 199941.410000 4 6
6300.990000 184075.280000 199941.410000 6 6
6316.830000 199941.410000 215767.770000 6 4
6336.520000 186427.350000 202204.520000 2 2
6343.090000 186443.690000 202204.520000 4 2
6346.440000 186427.350000 202179.850000 2 4
6353.030000 186443.690000 202179.850000 4 4
6362.060000 186466.020000 202179.850000 6 4
6362.540000 168978.340000 184690.980000 6 4
6414.260000 198844.000000 214429.950000 6 4
6423.020000 198865.250000 214429.950000 4 4
6426.000000 194064.900000 209622.320000 8 6
6428.700000 198879.010000 214429.950000 2 4
6433.610000 198865.250000 214404.330000 4 2
6435.730000 184449.270000 199983.240000 8 8
6439.310000 198879.010000 214404.330000 2 2
6453.100000 184449.270000 199941.410000 8 6
6462.130000 168978.770000 184449.270000 8 8
6461.950000 168978.340000 184449.270000 6 8
6514.960000 168729.530000 184074.590000 2 4
6522.640000 168748.300000 184075.280000 4 6
6522.930000 168748.300000 184074.590000 4 4
6534.500000 181264.240000 196563.410000 2 4
6536.860000 181264.240000 196557.870000 2 2
6555.380000 184690.980000 199941.410000 4 6
6574.120000 142027.100000 157234.070000 4 2
6578.050000 116537.650000 131735.520000 2 4
6582.880000 116537.650000 131724.370000 2 2
6616.800000 178955.940000 194064.900000 6 8
6622.220000 168978.770000 184075.280000 8 6
6622.030000 168978.340000 184075.280000 6 6
6622.330000 168978.340000 184074.590000 6 4
6631.100000 166967.130000 182043.410000 2 4
6639.710000 166967.130000 182023.860000 2 2
6641.500000 166990.730000 182043.410000 4 4
6650.140000 166990.730000 182023.860000 4 2
6661.410000 167035.710000 182043.410000 6 4
6667.700000 179073.050000 194066.600000 8 10
6714.800000 199941.410000 214829.770000 6 8
6723.130000 168123.740000 182993.660000 4 4
6723.320000 168123.740000 182993.230000 4 2
6723.450000 168124.450000 182993.660000 6 4
6724.560000 181696.660000 196563.410000 2 4
6727.070000 181696.660000 196557.870000 2 2
6727.260000 181711.030000 196571.820000 4 6
6730.400000 199941.410000 214795.270000 6 6
6731.070000 181711.030000 196563.410000 4 4
6731.460000 187353.000000 202204.520000 4 2
6733.580000 181711.030000 196557.870000 4 2
6733.720000 199983.240000 214829.770000 8 8
6734.000000 181736.050000 196581.960000 6 8
6738.610000 181736.050000 196571.820000 6 6
6740.580000 199941.410000 214772.840000 6 4
6742.430000 181736.050000 196563.410000 6 4
6742.660000 187353.000000 202179.850000 4 4
6749.410000 199983.240000 214795.270000 8 6
6750.540000 181772.410000 196581.960000 8 8
6752.880000 184074.590000 198879.010000 4 2
6755.160000 181772.410000 196571.820000 8 6
6759.160000 184074.590000 198865.250000 4 4
6759.470000 184075.280000 198865.250000 6 4
6768.880000 184074.590000 198844.000000 4 6
6769.200000 184075.280000 198844.000000 6 6
6779.100000 202179.850000 216927.000000 4 6
6779.940000 166990.730000 181736.050000 4 6
6780.590000 166967.130000 181711.030000 2 4
6783.910000 167035.710000 181772.410000 6 8
6787.210000 166967.130000 181696.660000 2 2
6791.470000 166990.730000 181711.030000 4 4
6798.100000 166990.730000 181696.660000 4 2
6800.690000 167035.710000 181736.050000 6 6
6812.280000 167035.710000 181711.030000 6 4
6820.600000 178955.940000 193613.300000 6 8
6874.500000 179073.050000 193615.500000 8 10
6875.890000 182023.860000 196563.410000 2 4
6878.520000 182023.860000 196557.870000 2 2
6881.170000 182043.410000 196571.820000 4 6
6885.150000 182043.410000 196563.410000 4 4
6887.780000 182043.410000 196557.870000 4 2
6900.100000 199941.410000 214429.950000 6 4
6900.200000 181264.240000 195752.580000 2 4
6945.070000 184449.270000 198844.000000 8 6
6961.030000 184074.590000 198436.310000 4 6
6961.370000 184075.280000 198436.310000 6 6
6966.310000 184074.590000 198425.430000 4 4
6966.650000 184075.280000 198425.430000 6 4
6992.490000 166967.130000 181264.240000 2 2
7004.050000 166990.730000 181264.240000 4 2
7030.050000 202179.850000 216400.570000 4 6
7040.440000 202179.850000 216379.590000 4 4
7046.250000 184690.980000 198879.010000 4 2
7048.760000 202179.850000 216362.840000 4 2
7052.690000 202204.520000 216379.590000 2 4
7053.090000 184690.980000 198865.250000 4 4
7061.040000 202204.520000 216362.840000 2 2
7063.680000 184690.980000 198844.000000 4 6
7101.800000 178955.940000 193032.900000 6 8
7112.480000 181696.660000 195752.580000 2 4
7113.040000 181711.030000 195765.850000 4 6
7115.630000 181736.050000 195785.740000 6 8
7119.760000 181711.030000 195752.580000 4 4
7119.910000 181772.410000 195813.660000 8 10
7125.720000 181736.050000 195765.850000 6 6
7132.470000 181736.050000 195752.580000 6 4
7134.100000 181772.410000 195785.740000 8 8
7144.240000 181772.410000 195765.850000 8 6
7147.510000 184449.270000 198436.310000 8 6
7231.330000 131724.370000 145549.270000 2 4
7236.420000 131735.520000 145550.700000 4 6
7237.170000 131735.520000 145549.270000 4 4
7273.190000 184690.980000 198436.310000 4 6
7278.960000 184690.980000 198425.430000 4 4
7281.990000 182023.860000 195752.580000 2 4
7285.330000 182043.410000 195765.850000 4 6
7292.380000 182043.410000 195752.580000 4 4
7338.360000 188581.250000 202204.520000 4 2
7351.670000 188581.250000 202179.850000 4 4
7357.450000 202179.850000 215767.770000 4 4
7370.000000 188615.070000 202179.850000 6 4
7370.830000 202204.520000 215767.770000 2 4
7395.930000 186466.020000 199983.240000 6 8
7406.620000 186443.690000 199941.410000 4 6
7418.890000 186466.020000 199941.410000 6 6
7461.500000 173347.840000 186746.300000 2 4
7461.700000 173347.840000 186745.900000 2 2
7505.260000 175294.750000 188615.070000 4 6
7508.890000 168729.530000 182043.410000 2 4
7519.490000 168748.300000 182043.410000 4 4
7519.930000 168729.530000 182023.860000 2 2
7520.200000 175287.390000 188581.250000 2 4
7524.360000 175294.750000 188581.250000 4 4
7530.570000 168748.300000 182023.860000 4 2
7604.740000 185732.930000 198879.010000 2 2
7612.710000 185732.930000 198865.250000 2 4
7651.890000 168978.340000 182043.410000 6 4
7697.440000 168748.300000 181736.050000 4 6
7701.150000 168729.530000 181711.030000 2 4
7709.680000 168729.530000 181696.660000 2 2
7712.300000 168748.300000 181711.030000 4 4
7720.860000 168748.300000 181696.660000 4 2
7813.970000 168978.340000 181772.410000 6 8
7836.240000 168978.340000 181736.050000 6 6
7851.640000 168978.340000 181711.030000 6 4
7876.500000 185732.930000 198425.430000 2 4
7924.630000 202179.850000 214795.270000 4 6
7938.740000 202179.850000 214772.840000 4 4
7941.600000 187353.000000 199941.410000 4 6
7946.900000 202179.850000 214759.910000 4 2
7954.320000 202204.520000 214772.840000 2 4
7962.520000 202204.520000 214759.910000 2 2
7975.650000 168729.530000 181264.240000 2 2
7987.610000 168748.300000 181264.240000 4 2
7993.530000 184075.280000 196581.960000 6 8
7999.570000 184074.590000 196571.820000 4 6
8000.010000 184075.280000 196571.820000 6 6
8004.960000 184074.590000 196563.410000 4 4
8005.400000 184075.280000 196563.410000 6 4
8008.510000 184074.590000 196557.870000 4 2
8028.850000 186427.350000 198879.010000 2 2
8037.730000 186427.350000 198865.250000 2 4
8039.400000 186443.690000 198879.010000 4 2
8048.310000 186443.690000 198865.250000 4 4
8062.100000 186443.690000 198844.000000 4 6
8062.800000 186466.020000 198865.250000 6 4
8076.640000 186466.020000 198844.000000 6 6
8133.200000 187691.400000 199983.240000 8 8
8160.950000 202179.850000 214429.950000 4 4
8161.000000 187691.400000 199941.410000 8 6
8177.420000 202204.520000 214429.950000 2 4
8178.060000 202179.850000 214404.330000 4 2
8194.540000 209552.360000 221752.260000 2 4
8194.600000 202204.520000 214404.330000 2 2
8200.900000 209552.360000 221742.790000 2 2
8209.720000 209552.360000 221729.690000 2 4
8210.760000 209576.460000 221752.260000 4 4
8217.150000 209576.460000 221742.790000 4 2
8225.850000 209576.460000 221729.920000 4 6
8226.000000 209576.460000 221729.690000 4 4
8239.930000 184449.270000 196581.960000 8 8
8240.910000 209576.460000 221707.710000 4 6
8241.800000 209622.320000 221752.260000 6 4
8246.820000 184449.270000 196571.820000 8 6
8257.010000 209622.320000 221729.920000 6 6
8257.160000 209622.320000 221729.690000 6 4
8272.180000 209622.320000 221707.710000 6 6
8278.500000 209622.320000 221698.480000 6 8
8285.700000 175287.390000 187353.000000 2 4
8290.800000 175294.750000 187353.000000 4 4
8305.200000 167035.710000 179073.050000 6 8
8332.380000 186427.350000 198425.430000 2 4
8336.170000 186443.690000 198436.310000 4 6
8343.740000 186443.690000 198425.430000 4 4
8351.720000 186466.020000 198436.310000 6 6
8353.070000 209576.460000 221544.810000 4 6
8355.550000 209622.320000 221587.120000 6 8
8359.320000 186466.020000 198425.430000 6 4
8378.750000 209622.320000 221553.990000 6 8
8385.210000 209622.320000 221544.810000 6 6
8414.600000 184690.980000 196571.820000 4 6
8420.560000 184690.980000 196563.410000 4 4
8424.490000 184690.980000 196557.870000 4 2
8537.030000 184075.280000 195785.740000 6 8
8551.050000 184074.590000 195765.850000 4 6
8551.550000 184075.280000 195765.850000 6 6
8560.770000 184074.590000 195752.580000 4 4
8561.270000 184075.280000 195752.580000 6 4
8661.940000 209552.360000 221093.950000 2 4
8672.160000 166967.130000 178495.110000 2 4
8673.600000 187353.000000 198879.010000 4 2
8676.180000 209576.460000 221099.110000 4 6
8680.060000 209576.460000 221093.950000 4 4
8682.520000 157234.070000 168748.300000 2 4
8683.890000 209576.460000 221088.880000 4 6
8684.000000 187353.000000 198865.250000 4 4
8689.500000 166990.730000 178495.710000 4 6
8689.950000 166990.730000 178495.110000 4 4
8696.700000 157234.070000 168729.530000 2 2
8700.100000 187353.000000 198844.000000 4 6
8705.820000 209622.320000 221105.730000 6 8
8710.850000 209622.320000 221099.110000 6 6
8711.750000 209622.320000 221097.920000 6 8
8714.760000 209622.320000 221093.950000 6 4
8718.620000 209622.320000 221088.880000 6 6
8723.610000 167035.710000 178495.710000 6 6
8724.060000 167035.710000 178495.110000 6 4
8794.080000 188615.070000 199983.240000 6 8
8797.000000 184449.270000 195813.660000 8 10
8800.280000 188581.250000 199941.410000 4 6
8818.670000 184449.270000 195785.740000 8 8
8826.550000 188615.070000 199941.410000 6 6
8834.170000 184449.270000 195765.850000 8 6
8949.080000 175294.750000 186466.020000 4 6
8961.090000 175287.390000 186443.690000 2 4
8964.100000 187691.400000 198844.000000 8 6
8967.000000 175294.750000 186443.690000 4 4
8974.230000 175287.390000 186427.350000 2 2
8980.160000 175294.750000 186427.350000 4 2
9020.100000 187353.000000 198436.310000 4 6
9026.970000 184690.980000 195765.850000 4 6
9029.000000 187353.000000 198425.430000 4 4
9037.800000 184690.980000 195752.580000 4 4
9224.000000 178955.940000 189794.200000 6 8
9229.200000 168123.740000 178955.940000 4 6
9229.810000 168124.450000 178955.940000 6 6
9230.670000 185732.930000 196563.410000 2 4
9231.120000 162517.890000 173347.840000 2 2
9235.390000 185732.930000 196557.870000 2 2
9236.820000 162524.570000 173347.840000 4 2
9238.300000 177793.540000 188615.070000 4 6
9251.010000 177774.590000 188581.250000 2 4
9267.260000 177793.540000 188581.250000 4 4
9304.200000 187691.400000 198436.310000 8 6
9570.840000 175287.390000 185732.930000 2 2
9577.590000 175294.750000 185732.930000 4 2
9708.190000 188581.250000 198879.010000 4 2
9721.180000 188581.250000 198865.250000 4 4
9741.310000 188581.250000 198844.000000 4 6
9753.250000 188615.070000 198865.250000 6 4
9773.510000 188615.070000 198844.000000 6 6
9811.800000 189794.200000 199983.240000 8 8
9852.200000 189794.200000 199941.410000 8 6
9863.060000 186427.350000 196563.410000 2 4
9868.460000 186427.350000 196557.870000 2 2
9870.780000 186443.690000 196571.820000 4 6
9878.990000 186443.690000 196563.410000 4 4
9882.680000 186466.020000 196581.960000 6 8
9884.400000 186443.690000 196557.870000 4 2
9892.600000 186466.020000 196571.820000 6 6
9900.830000 186466.020000 196563.410000 6 4
9903.460000 168978.340000 179073.050000 6 8
9977.650000 185732.930000 195752.580000 2 4
10144.290000 188581.250000 198436.310000 4 6
10155.500000 188581.250000 198425.430000 4 4
10179.220000 188615.070000 198436.310000 6 6
10190.510000 188615.070000 198425.430000 6 4
10237.240000 168729.530000 178495.110000 2 4
10246.600000 157234.070000 166990.730000 2 4
10256.320000 168748.300000 178495.710000 4 6
10256.960000 168748.300000 178495.110000 4 4
10271.450000 157234.070000 166967.130000 2 2
10318.300000 184376.060000 194064.900000 6 8
10338.640000 168123.740000 177793.540000 4 4
10339.400000 168124.450000 177793.540000 6 4
10350.060000 178955.940000 188615.070000 6 6
10358.940000 168123.740000 177774.590000 4 2
10364.340000 173347.840000 182993.660000 2 4
10364.810000 173347.840000 182993.230000 2 2
10386.430000 178955.940000 188581.250000 6 4
10415.500000 184466.500000 194064.900000 10 8
10437.300000 177774.590000 187353.000000 2 4
10458.000000 177793.540000 187353.000000 4 4
10504.230000 168978.340000 178495.710000 6 6
10504.890000 168978.340000 178495.110000 6 4
10631.320000 175287.390000 184690.980000 2 4
10639.650000 175294.750000 184690.980000 4 4
10720.660000 186427.350000 195752.580000 2 4
10724.190000 186443.690000 195765.850000 4 6
10727.000000 186466.020000 195785.740000 6 8
10739.480000 186443.690000 195752.580000 4 4
10749.940000 186466.020000 195765.850000 6 6
10765.300000 186466.020000 195752.580000 6 4
10844.400000 187353.000000 196571.820000 4 6
10854.300000 187353.000000 196563.410000 4 4
10860.800000 187353.000000 196557.870000 4 2
10930.200000 178495.110000 187641.600000 4 6
10930.900000 178495.710000 187641.600000 6 6
11046.900000 189794.200000 198844.000000 8 6
11244.800000 187691.400000 196581.960000 8 8
11257.600000 187691.400000 196571.820000 8 6
11377.070000 175287.390000 184074.590000 2 4
11385.720000 175294.750000 184075.280000 4 6
11386.610000 175294.750000 184074.590000 4 4
11444.500000 178955.940000 187691.400000 6 8
11527.570000 177793.540000 186466.020000 4 6
11532.070000 177774.590000 186443.690000 2 4
11553.840000 177774.590000 186427.350000 2 2
11557.330000 177793.540000 186443.690000 4 4
11568.100000 189794.200000 198436.310000 8 6
11579.200000 177793.540000 186427.350000 4 2
11587.000000 179073.050000 187701.000000 8 10
11667.400000 179073.050000 187641.600000 8 6
11883.300000 187353.000000 195765.850000 4 6
11902.100000 187353.000000 195752.580000 4 4
11905.700000 178955.940000 187353.000000 6 4
12116.100000 178495.110000 186746.300000 4 4
12116.700000 178495.110000 186745.900000 4 2
12117.000000 178495.710000 186746.300000 6 4
12308.500000 187691.400000 195813.660000 8 10
12350.900000 187691.400000 195785.740000 8 8
12381.400000 187691.400000 195765.850000 8 6
12511.330000 188581.250000 196571.820000 4 6
12524.510000 188581.250000 196563.410000 4 4
12533.210000 188581.250000 196557.870000 4 2
12548.520000 188615.070000 196581.960000 6 8
12562.000000 177774.590000 185732.930000 2 2
12564.510000 188615.070000 196571.820000 6 6
12577.800000 188615.070000 196563.410000 6 4
12591.980000 177793.540000 185732.930000 4 2
12684.700000 214404.330000 222285.700000 2 2
12726.000000 214429.950000 222285.700000 4 2
12728.100000 214404.330000 222258.800000 2 4
12769.800000 214429.950000 222258.800000 4 4
13284.000000 214759.910000 222285.700000 2 2
13306.900000 214772.840000 222285.700000 4 2
13311.800000 178955.940000 186466.020000 6 6
13331.700000 214759.910000 222258.800000 2 4
13351.500000 178955.940000 186443.690000 6 4
13354.700000 214772.840000 222258.800000 4 4
13394.800000 214795.270000 222258.800000 6 4
13686.000000 209622.320000 216927.000000 6 6
13914.860000 188581.250000 195765.850000 4 6
13940.600000 188581.250000 195752.580000 4 4
13941.230000 168123.740000 175294.750000 4 4
13941.890000 188615.070000 195785.740000 6 8
13942.610000 168124.450000 175294.750000 6 4
13955.550000 168123.740000 175287.390000 4 2
13980.670000 188615.070000 195765.850000 6 6
14006.660000 188615.070000 195752.580000 6 4
14218.980000 214429.950000 221460.880000 4 6
14454.460000 177774.590000 184690.980000 2 4
14494.170000 177793.540000 184690.980000 4 4
14643.230000 209552.360000 216379.590000 2 4
14649.920000 209576.460000 216400.570000 4 6
14679.240000 209552.360000 216362.840000 2 2
14695.100000 209576.460000 216379.590000 4 4
14728.400000 189794.200000 196581.960000 8 8
14731.370000 209576.460000 216362.840000 4 2
14749.040000 209622.320000 216400.570000 6 6
14750.400000 189794.200000 196571.820000 8 6
14772.730000 150466.690000 157234.070000 4 2
14794.830000 209622.320000 216379.590000 6 4
14797.570000 175287.390000 182043.410000 2 4
14813.710000 175294.750000 182043.410000 4 4
14840.510000 175287.390000 182023.860000 2 2
14856.750000 175294.750000 182023.860000 4 2
14903.370000 214795.270000 221503.330000 6 8
14947.980000 214772.840000 221460.880000 4 6
14980.410000 214829.770000 221503.330000 8 8
14998.280000 214795.270000 221460.880000 6 6
15076.310000 214829.770000 221460.880000 8 6
15338.100000 215767.770000 222285.700000 4 2
15401.700000 215767.770000 222258.800000 4 4
15520.580000 175294.750000 181736.050000 4 6
15521.920000 214404.330000 220845.070000 2 2
15553.120000 214404.330000 220832.150000 2 4
15563.250000 175287.390000 181711.030000 2 4
15581.100000 175294.750000 181711.030000 4 4
15583.910000 214429.950000 220845.070000 4 2
15598.140000 175287.390000 181696.660000 2 2
15615.360000 214429.950000 220832.150000 4 4
15616.070000 175294.750000 181696.660000 4 2
15665.430000 214429.950000 220811.690000 4 6
15667.960000 166967.130000 173347.840000 2 2
15709.000000 187701.000000 194064.900000 10 8
15726.120000 166990.730000 173347.840000 4 2
15868.680000 177774.590000 184074.590000 2 4
15914.810000 177793.540000 184075.280000 4 6
15916.560000 177793.540000 184074.590000 4 4
16084.650000 209552.360000 215767.770000 2 4
16131.910000 214404.330000 220601.530000 2 4
16147.260000 209576.460000 215767.770000 4 4
16164.880000 214429.950000 220614.510000 4 6
16198.880000 214429.950000 220601.530000 4 4
16267.760000 209622.320000 215767.770000 6 4
16428.930000 214759.910000 220845.070000 2 2
16463.890000 214759.910000 220832.150000 2 4
16463.920000 214772.840000 220845.070000 4 2
16499.020000 214772.840000 220832.150000 4 4
16554.920000 214772.840000 220811.690000 4 6
16560.320000 214795.270000 220832.150000 6 4
16608.200000 189794.200000 195813.660000 8 10
16616.640000 214795.270000 220811.690000 6 6
16685.600000 189794.200000 195785.740000 8 8
16712.480000 214829.770000 220811.690000 8 6
16726.650000 175287.390000 181264.240000 2 2
16741.200000 189794.200000 195765.850000 8 6
16747.280000 175294.750000 181264.240000 4 2
16857.200000 181711.030000 187641.600000 4 6
16863.000000 181772.410000 187701.000000 8 10
16879.100000 216362.840000 222285.700000 2 2
16927.000000 216379.590000 222285.700000 4 2
16928.600000 181736.050000 187641.600000 6 6
16956.100000 216362.840000 222258.800000 2 4
16999.410000 178495.110000 184376.060000 4 6
17001.150000 178495.710000 184376.060000 6 6
17004.400000 216379.590000 222258.800000 4 4
17033.500000 181772.410000 187641.600000 8 6
17065.300000 216400.570000 222258.800000 6 4
17113.720000 214772.840000 220614.510000 4 6
17113.860000 214759.910000 220601.530000 2 4
17151.830000 214772.840000 220601.530000 4 4
17179.680000 214795.270000 220614.510000 6 6
17218.090000 214795.270000 220601.530000 6 4
17282.140000 214829.770000 220614.510000 8 6
17431.910000 178955.940000 184690.980000 6 4
17457.810000 214404.330000 220130.860000 2 4
17474.140000 214404.330000 220125.510000 2 2
17510.010000 214429.950000 220139.410000 4 6
17536.270000 214429.950000 220130.860000 4 4
17552.740000 214429.950000 220125.510000 4 2
17560.300000 215767.770000 221460.880000 4 6
17784.270000 182993.660000 188615.070000 4 6
17833.640000 162517.890000 168123.740000 2 4
17852.650000 162524.570000 168124.450000 4 6
17854.910000 162524.570000 168123.740000 4 4
17858.000000 182043.410000 187641.600000 4 6
17890.540000 182993.230000 188581.250000 2 4
17891.920000 182993.660000 188581.250000 4 4
18198.920000 178955.940000 184449.270000 6 8
18236.300000 181264.240000 186746.300000 2 4
18237.700000 181264.240000 186745.900000 2 2
18451.500000 184376.060000 189794.200000 6 8
18535.900000 179073.050000 184466.500000 8 10
18613.600000 214759.910000 220130.860000 2 4
18628.800000 214772.840000 220139.410000 4 6
18632.200000 214759.910000 220125.510000 2 2
18658.500000 214772.840000 220130.860000 4 4
18668.300000 214795.270000 220150.490000 6 8
18677.200000 214772.840000 220125.510000 4 2
18707.000000 214795.270000 220139.410000 6 6
18737.000000 214795.270000 220130.860000 6 4
18789.300000 214829.770000 220150.490000 8 8
18828.500000 214829.770000 220139.410000 8 6
18852.100000 179073.050000 184376.060000 8 6
18896.600000 157234.070000 162524.570000 2 4
18920.500000 157234.070000 162517.890000 2 2
19150.100000 209552.360000 214772.840000 2 4
19156.200000 209576.460000 214795.270000 4 6
19197.600000 209552.360000 214759.910000 2 2
19198.000000 209622.320000 214829.770000 6 8
19238.900000 209576.460000 214772.840000 4 4
19286.900000 209576.460000 214759.910000 4 2
19326.100000 209622.320000 214795.270000 6 6
19403.800000 214404.330000 219556.540000 2 4
19410.200000 209622.320000 214772.840000 6 4
19449.200000 214429.950000 219570.150000 4 6
19500.800000 214429.950000 219556.540000 4 4
19528.400000 178955.940000 184075.280000 6 6
19531.100000 178955.940000 184074.590000 6 4
19591.900000 216400.570000 221503.330000 6 8
19674.700000 216379.590000 221460.880000 4 6
19690.100000 215767.770000 220845.070000 4 2
19740.400000 215767.770000 220832.150000 4 4
19756.200000 216400.570000 221460.880000 6 6
19798.000000 181696.660000 186746.300000 2 4
19799.600000 181696.660000 186745.900000 2 2
19820.400000 215767.770000 220811.690000 4 6
19854.500000 181711.030000 186746.300000 4 4
19856.100000 181711.030000 186745.900000 4 2
19953.600000 181736.050000 186746.300000 6 4
1797.996000 131735.520000 187353.000000 4 6
2060.950000 145550.700000 194056.400000 6 8
2080.420000 145550.700000 193602.600000 6 8
2105.990000 145550.700000 193019.200000 6 8
2140.600000 145550.700000 192251.800000 6 8
2189.260000 145550.700000 191214.000000 6 8
2189.258000 145550.700000 191214.000000 6 6
2205.560000 142027.100000 187353.000000 4 6
2261.160000 145550.700000 189762.200000 6 8
2261.155000 145550.700000 189762.200000 6 6
2337.153000 178955.940000 221729.920000 8 6
2338.368000 178955.940000 221707.710000 8 6
2338.873000 178955.940000 221698.480000 8 8
2342.861000 178955.940000 221625.720000 8 10
2344.983000 178955.940000 221587.120000 8 8
2345.616000 178955.940000 221575.610000 8 10
2346.807000 178955.940000 221553.990000 8 8
2347.313000 178955.940000 221544.810000 8 6
2356.087000 179073.050000 221503.330000 10 8
2371.539000 178955.940000 221109.780000 8 10
2371.767000 178955.940000 221105.730000 8 8
2372.139000 178955.940000 221099.110000 8 6
2372.206000 178955.940000 221097.920000 8 8
2372.715000 178955.940000 221088.880000 8 6
2375.090000 145550.700000 187641.600000 6 8
2375.085000 145550.700000 187641.600000 6 6
2433.688000 179073.050000 220150.490000 10 8
2465.538000 179073.050000 219619.880000 10 10
2467.311000 179073.050000 219590.760000 10 8
2574.865000 145550.700000 184376.060000 6 8
2632.800000 178955.940000 216927.000000 8 6
2669.816000 178955.940000 216400.570000 8 6
2676.304000 184376.060000 221729.920000 8 6
2677.897000 184376.060000 221707.710000 8 6
2678.559000 184376.060000 221698.480000 8 8
2683.791000 184376.060000 221625.720000 8 10
2686.575000 184376.060000 221587.120000 8 8
2687.407000 184376.060000 221575.610000 8 10
2688.969000 184376.060000 221553.990000 8 8
2689.634000 184376.060000 221544.810000 8 6
2690.320000 184466.500000 221625.720000 12 10
2691.830000 184466.500000 221604.900000 12 12
2693.960000 184466.500000 221575.610000 12 10
2697.959000 184449.270000 221503.330000 10 8
2709.850000 150461.580000 187353.000000 6 6
2709.854000 150461.580000 187353.000000 6 4
2710.230000 150466.690000 187353.000000 4 6
2710.229000 150466.690000 187353.000000 4 4
2721.488000 184376.060000 221109.780000 8 10
2721.788000 184376.060000 221105.730000 8 8
2722.279000 184376.060000 221099.110000 8 6
2722.367000 184376.060000 221097.920000 8 8
2723.038000 184376.060000 221088.880000 8 6
2728.210000 184466.500000 221109.780000 12 10
2786.725000 178955.940000 214829.770000 8 8
2789.408000 178955.940000 214795.270000 8 6
2800.199000 184449.270000 220150.490000 10 8
2842.447000 184449.270000 219619.880000 10 10
2844.803000 184449.270000 219590.760000 10 8
2864.010000 187353.000000 222258.800000 6 4
2927.370000 187353.000000 221503.330000 6 8
2931.020000 187353.000000 221460.880000 6 6
2931.016000 187353.000000 221460.880000 4 6
2932.700000 187641.600000 221729.920000 8 6
2934.610000 187641.600000 221707.710000 8 6
2935.410000 187641.600000 221698.480000 8 8
2941.690000 187641.600000 221625.720000 8 10
2945.040000 187641.600000 221587.120000 8 8
2946.030000 187641.600000 221575.610000 8 10
2946.800000 187701.000000 221625.720000 12 10
2947.910000 187641.600000 221553.990000 8 8
2948.700000 187701.000000 221604.900000 12 12
2948.710000 187641.600000 221544.810000 8 6
2951.200000 187701.000000 221575.610000 12 10
2956.670000 187691.400000 221503.330000 10 8
2986.060000 187353.000000 220832.150000 6 4
2987.040000 187641.600000 221109.780000 8 10
2987.400000 187641.600000 221105.730000 8 8
2987.890000 187353.000000 220811.690000 6 6
2987.990000 187641.600000 221099.110000 8 6
2988.100000 187641.600000 221097.920000 8 8
2988.910000 187641.600000 221088.880000 8 6
2992.400000 187701.000000 221109.780000 12 10
2992.670000 145550.700000 178955.940000 6 8
3005.600000 187353.000000 220614.510000 6 6
3005.602000 187353.000000 220614.510000 4 6
3006.780000 187353.000000 220601.530000 6 4
3006.775000 187353.000000 220601.530000 4 4
3048.130000 187353.000000 220150.490000 6 8
3049.160000 187353.000000 220139.410000 6 6
3049.950000 187353.000000 220130.860000 6 4
3071.200000 184376.060000 216927.000000 8 6
3079.910000 187691.400000 220150.490000 10 8
3101.050000 187353.000000 219590.760000 6 8
3103.040000 187353.000000 219570.150000 6 6
3104.350000 187353.000000 219556.540000 6 4
3121.703000 184376.060000 216400.570000 8 6
3131.090000 187691.400000 219619.880000 10 10
3133.950000 187691.400000 219590.760000 10 8
3141.500000 189803.000000 221625.720000 12 10
3143.560000 189803.000000 221604.900000 12 12
3146.450000 189803.000000 221575.610000 12 10
3152.750000 189794.200000 221503.330000 10 8
3193.270000 189803.000000 221109.780000 12 10
3282.726000 184376.060000 214829.770000 8 8
3286.450000 184376.060000 214795.270000 8 6
3290.430000 191243.300000 221625.720000 12 10
3292.690000 191243.300000 221604.900000 12 12
3293.260000 189794.200000 220150.490000 10 8
3295.870000 191243.300000 221575.610000 12 10
3303.180000 191238.200000 221503.330000 10 8
3347.270000 191243.300000 221109.780000 12 10
3351.850000 189794.200000 219619.880000 10 10
3355.130000 189794.200000 219590.760000 10 8
3391.370000 192251.800000 221729.920000 8 6
3393.930000 192251.800000 221707.710000 8 6
3394.990000 192251.800000 221698.480000 8 8
3403.400000 192251.800000 221625.720000 8 10
3405.930000 192273.600000 221625.720000 12 10
3407.880000 192251.800000 221587.120000 8 8
3408.350000 192273.600000 221604.900000 12 12
3409.220000 192251.800000 221575.610000 8 10
3411.760000 192273.600000 221575.610000 12 10
3411.740000 192251.800000 221553.990000 8 8
3412.800000 192251.800000 221544.810000 8 6
3413.700000 187641.600000 216927.000000 8 6
3419.750000 192269.800000 221503.330000 10 8
3457.750000 191238.200000 220150.490000 10 8
3464.250000 192251.800000 221109.780000 8 10
3465.540000 192251.800000 221099.110000 8 6
3466.760000 192251.800000 221088.880000 8 6
3466.870000 192273.600000 221109.780000 12 10
3476.180000 187641.600000 216400.570000 8 6
3482.020000 193019.200000 221729.920000 8 6
3484.720000 193019.200000 221707.710000 8 6
3485.840000 193019.200000 221698.480000 8 8
3494.710000 193019.200000 221625.720000 8 10
3496.740000 193035.800000 221625.720000 12 10
3499.280000 193035.800000 221604.900000 12 12
3499.430000 193019.200000 221587.120000 8 8
3500.840000 193019.200000 221575.610000 8 10
3502.880000 193035.800000 221575.610000 12 10
3503.490000 193019.200000 221553.990000 8 8
3504.620000 193019.200000 221544.810000 8 6
3511.410000 193032.900000 221503.330000 10 8
3522.390000 191238.200000 219619.880000 10 10
3526.010000 191238.200000 219590.760000 10 8
3554.250000 193602.600000 221729.920000 8 6
3557.060000 193602.600000 221707.710000 8 6
3558.220000 193602.600000 221698.480000 8 8
3558.900000 193019.200000 221109.780000 8 10
3559.410000 193019.200000 221105.730000 8 8
3560.250000 193019.200000 221099.110000 8 6
3560.400000 193019.200000 221097.920000 8 8
3561.000000 193035.800000 221109.780000 12 10
3561.550000 193019.200000 221088.880000 8 6
3567.460000 193602.600000 221625.720000 8 10
3569.110000 193615.500000 221625.720000 12 10
3571.760000 193615.500000 221604.900000 12 12
3572.380000 193602.600000 221587.120000 8 8
3573.850000 193602.600000 221575.610000 8 10
3575.500000 193615.500000 221575.610000 12 10
3576.620000 193602.600000 221553.990000 8 8
3577.790000 193602.600000 221544.810000 8 6
3584.490000 193613.300000 221503.330000 10 8
3585.690000 192269.800000 220150.490000 10 8
3612.530000 194056.400000 221729.920000 8 6
3615.430000 194056.400000 221707.710000 8 6
3616.640000 194056.400000 221698.480000 8 8
3626.190000 194056.400000 221625.720000 8 10
3627.530000 194066.600000 221625.720000 12 10
3630.270000 194066.600000 221604.900000 12 12
3631.270000 194056.400000 221587.120000 8 8
3632.790000 194056.400000 221575.610000 8 10
3634.140000 194066.600000 221575.610000 12 10
3634.380000 193602.600000 221109.780000 8 10
3634.910000 193602.600000 221105.730000 8 8
3635.650000 194056.400000 221553.990000 8 8
3635.790000 193602.600000 221099.110000 8 6
3635.950000 193602.600000 221097.920000 8 8
3636.080000 193615.500000 221109.780000 12 10
3636.860000 194056.400000 221544.810000 8 6
3637.140000 193602.600000 221088.880000 8 6
3643.490000 194064.900000 221503.330000 10 8
3655.260000 192269.800000 219619.880000 10 10
3659.150000 192269.800000 219590.760000 10 8
3677.020000 187641.600000 214829.770000 8 8
3681.700000 187641.600000 214795.270000 8 6
3686.590000 193032.900000 220150.490000 10 8
3695.340000 194056.400000 221109.780000 8 10
3695.900000 194056.400000 221105.730000 8 8
3696.740000 194066.600000 221109.780000 12 10
3696.800000 194056.400000 221099.110000 8 6
3696.960000 194056.400000 221097.920000 8 8
3698.200000 194056.400000 221088.880000 8 6
3760.170000 193032.900000 219619.880000 10 10
3764.290000 193032.900000 219590.760000 10 8
3767.230000 193613.300000 220150.490000 10 8
3832.450000 194064.900000 220150.490000 10 8
3844.090000 193613.300000 219619.880000 10 10
3848.400000 193613.300000 219590.760000 10 8
3855.150000 168124.450000 194056.400000 6 8
3912.020000 194064.900000 219619.880000 10 10
3916.490000 194064.900000 219590.760000 10 8
3923.820000 168124.450000 193602.600000 6 8
3985.140000 168978.770000 194064.900000 8 10
4026.500000 162524.570000 187353.000000 4 6
4026.503000 162524.570000 187353.000000 4 4
4058.200000 168978.770000 193613.300000 8 10
4156.120000 168978.770000 193032.900000 8 10
4181.600000 193019.200000 216927.000000 8 6
4292.290000 168978.770000 192269.800000 8 10
4371.200000 194056.400000 216927.000000 8 6
4385.120000 193602.600000 216400.570000 8 6
4474.180000 194056.400000 216400.570000 8 6
4489.220000 187353.000000 209622.320000 6 6
4498.490000 187353.000000 209576.460000 6 4
4781.021000 179073.050000 199983.240000 10 8
4802.790000 168978.770000 189794.200000 8 10
4812.510000 194056.400000 214829.770000 8 8
4820.520000 194056.400000 214795.270000 8 6
4909.670000 166990.730000 187353.000000 4 6
4920.540000 167035.710000 187353.000000 6 6
5122.270000 168124.450000 187641.600000 6 8
5122.272000 168124.450000 187641.600000 6 6
5342.500000 168978.770000 187691.400000 8 10
5373.490000 168748.300000 187353.000000 4 6
5373.492000 168748.300000 187353.000000 4 4
5440.890000 168978.770000 187353.000000 8 6
5440.770000 168978.340000 187353.000000 6 6
5440.765000 168978.340000 187353.000000 6 4
5709.794000 179073.050000 196581.960000 10 8
5971.840000 179073.050000 195813.660000 10 10
5981.820000 179073.050000 195785.740000 10 8
6151.530000 168124.450000 184376.060000 6 8
6151.534000 168124.450000 184376.060000 6 6
6435.730000 184449.270000 199983.240000 10 8
6462.130000 168978.770000 184449.270000 8 10
6616.800000 178955.940000 194064.900000 8 10
6667.700000 179073.050000 194066.600000 10 12
6742.660000 187353.000000 202179.850000 6 4
6820.600000 178955.940000 193613.300000 8 10
6874.500000 179073.050000 193615.500000 10 12
7101.800000 178955.940000 193032.900000 8 10
7915.300000 187353.000000 199983.240000 6 8
7941.600000 187353.000000 199941.410000 6 6
7941.630000 187353.000000 199941.410000 4 6
8133.200000 187691.400000 199983.240000 10 8
8239.930000 184449.270000 196581.960000 10 8
8290.800000 175294.750000 187353.000000 4 6
8290.798000 175294.750000 187353.000000 4 4
8684.000000 187353.000000 198865.250000 6 4
8700.100000 187353.000000 198844.000000 6 6
8797.000000 184449.270000 195813.660000 10 10
8818.670000 184449.270000 195785.740000 10 8
9020.100000 187353.000000 198436.310000 6 6
9020.099000 187353.000000 198436.310000 4 6
9029.000000 187353.000000 198425.430000 6 4
9028.963000 187353.000000 198425.430000 4 4
9224.000000 178955.940000 189794.200000 8 10
9224.042000 178955.940000 189794.200000 8 8
9224.042000 178955.940000 189794.200000 6 8
9229.810000 168124.450000 178955.940000 6 8
9229.807000 168124.450000 178955.940000 6 6
9811.800000 189794.200000 199983.240000 10 8
10318.300000 184376.060000 194064.900000 8 10
10350.060000 178955.940000 188615.070000 8 6
10415.500000 184466.500000 194064.900000 12 10
10458.000000 177793.540000 187353.000000 4 6
10457.976000 177793.540000 187353.000000 4 4
10832.500000 187353.000000 196581.960000 6 8
10844.400000 187353.000000 196571.820000 6 6
10854.300000 187353.000000 196563.410000 6 4
10930.900000 178495.710000 187641.600000 6 8
10930.879000 178495.710000 187641.600000 6 6
11244.800000 187691.400000 196581.960000 10 8
11444.500000 178955.940000 187691.400000 8 10
11444.461000 178955.940000 187691.400000 8 8
11444.461000 178955.940000 187691.400000 6 8
11587.000000 179073.050000 187701.000000 10 12
11587.067000 179073.050000 187701.000000 10 10
11587.067000 179073.050000 187701.000000 8 10
11667.400000 179073.050000 187641.600000 10 8
11667.392000 179073.050000 187641.600000 8 6
11855.300000 187353.000000 195785.740000 6 8
11883.300000 187353.000000 195765.850000 6 6
11902.100000 187353.000000 195752.580000 6 4
11905.700000 178955.940000 187353.000000 8 6
11905.671000 178955.940000 187353.000000 6 6
11905.671000 178955.940000 187353.000000 6 4
12308.500000 187691.400000 195813.660000 10 10
12350.900000 187691.400000 195785.740000 10 8
13311.800000 178955.940000 186466.020000 8 6
14728.400000 189794.200000 196581.960000 10 8
15709.000000 187701.000000 194064.900000 12 10
16608.200000 189794.200000 195813.660000 10 10
16685.600000 189794.200000 195785.740000 10 8
16928.600000 181736.050000 187641.600000 6 8
17001.150000 178495.710000 184376.060000 6 8
17001.147000 178495.710000 184376.060000 6 6
17033.500000 181772.410000 187641.600000 8 8
18198.920000 178955.940000 184449.270000 8 10
18198.925000 178955.940000 184449.270000 8 8
18198.925000 178955.940000 184449.270000 6 8
18451.500000 184376.060000 189794.200000 8 10
18451.480000 184376.060000 189794.200000 8 8
18451.480000 184376.060000 189794.200000 6 8
18535.900000 179073.050000 184466.500000 10 12
18535.947000 179073.050000 184466.500000 10 10
18535.947000 179073.050000 184466.500000 8 10
18764.702000 184466.500000 189794.200000 10 8
18852.100000 179073.050000 184376.060000 10 8
18852.068000 179073.050000 184376.060000 8 6
19528.400000 178955.940000 184075.280000 8 6
19528.436000 178955.940000 184075.280000 6 6
20330.300000 145549.270000 150466.690000 4 4
20336.200000 145550.700000 150466.690000 6 4
20351.500000 145549.270000 150461.580000 4 6
20357.400000 145550.700000 150461.580000 6 6
20496.300000 209552.360000 214429.950000 2 4
20598.100000 209576.460000 214429.950000 4 4
20604.600000 209552.360000 214404.330000 2 2
20626.800000 215767.770000 220614.510000 4 6
20682.200000 215767.770000 220601.530000 4 4
20707.400000 209576.460000 214404.330000 4 2
20794.600000 209622.320000 214429.950000 6 4
20839.300000 214772.840000 219570.150000 4 6
20842.300000 214759.910000 219556.540000 2 4
20847.200000 214795.270000 219590.760000 6 8
20870.700000 214829.770000 219619.880000 8 10
20898.600000 214772.840000 219556.540000 4 4
20937.200000 214795.270000 219570.150000 6 6
20997.100000 214795.270000 219556.540000 6 4
20998.300000 214829.770000 219590.760000 8 8
21089.600000 214829.770000 219570.150000 8 6
21169.700000 182023.860000 186746.300000 2 4
21171.500000 182023.860000 186745.900000 2 2
21257.700000 182043.410000 186746.300000 4 4
21259.500000 182043.410000 186745.900000 4 2
21647.000000 168729.530000 173347.840000 2 2
21735.400000 168748.300000 173347.840000 4 2
22050.000000 216927.000000 221460.880000 6 6
22223.300000 178495.110000 182993.660000 4 4
22225.400000 178495.110000 182993.230000 4 2
22226.300000 178495.710000 182993.660000 6 4
22304.200000 216362.840000 220845.070000 2 2
22368.700000 216362.840000 220832.150000 2 4
22387.900000 216379.590000 220845.070000 4 2
22452.900000 216379.590000 220832.150000 4 4
22487.500000 173347.840000 177793.540000 2 4
22556.500000 216379.590000 220811.690000 4 6
22559.200000 216400.570000 220832.150000 6 4
22583.800000 173347.840000 177774.590000 2 2
22663.800000 216400.570000 220811.690000 6 6
22868.500000 215767.770000 220139.410000 4 6
22913.300000 215767.770000 220130.860000 4 4
22933.000000 182993.660000 187353.000000 4 6
22933.000000 182993.660000 187353.000000 4 4
22941.400000 215767.770000 220125.510000 4 2
23419.300000 177774.590000 182043.410000 2 4
23523.700000 177793.540000 182043.410000 4 4
23527.000000 177774.590000 182023.860000 2 2
23584.000000 184376.060000 188615.070000 8 6
23584.000000 184376.060000 188615.070000 6 6
23585.800000 216362.840000 220601.530000 2 4
23606.800000 216379.590000 220614.510000 4 6
23632.400000 177793.540000 182023.860000 4 2
23679.300000 216379.590000 220601.530000 4 4
23724.300000 216400.570000 220614.510000 6 6
23773.700000 184376.060000 188581.250000 6 4
23797.600000 216400.570000 220601.530000 6 4
25357.600000 177793.540000 181736.050000 4 6
25396.700000 177774.590000 181711.030000 2 4
25489.800000 177774.590000 181696.660000 2 2
25519.600000 177793.540000 181711.030000 4 4
25613.500000 177793.540000 181696.660000 4 2
26292.100000 215767.770000 219570.150000 4 6
26386.600000 215767.770000 219556.540000 4 4
26531.900000 216362.840000 220130.860000 2 4
26569.600000 216362.840000 220125.510000 2 2
26589.800000 216379.590000 220139.410000 4 6
26650.400000 216379.590000 220130.860000 4 4
26660.000000 216400.570000 220150.490000 6 8
26688.400000 216379.590000 220125.510000 4 2
26739.000000 216400.570000 220139.410000 6 6
26800.300000 216400.570000 220130.860000 6 4
28027.000000 184074.590000 187641.600000 4 6
28384.000000 142027.100000 145549.270000 4 4
28648.400000 177774.590000 181264.240000 2 2
28791.000000 182993.660000 186466.020000 4 6
28804.800000 177793.540000 181264.240000 4 2
28973.700000 182993.230000 186443.690000 2 4
28977.400000 182993.660000 186443.690000 4 4
29111.600000 182993.230000 186427.350000 2 2
29115.200000 182993.660000 186427.350000 4 2
30744.474000 184449.270000 187701.000000 10 12
30744.474000 184449.270000 187701.000000 10 10
30744.474000 184449.270000 187701.000000 8 10
31166.300000 175287.390000 178495.110000 2 4
31232.100000 175294.750000 178495.710000 4 6
31238.000000 175294.750000 178495.110000 4 4
31303.100000 216362.840000 219556.540000 2 4
31333.900000 216379.590000 219570.150000 4 6
31337.500000 216400.570000 219590.760000 6 8
31468.100000 216379.590000 219556.540000 4 4
31541.300000 216400.570000 219570.150000 6 6
31677.300000 216400.570000 219556.540000 6 4
32380.100000 178955.940000 182043.410000 6 4
33882.000000 184690.980000 187641.600000 4 6
35495.800000 178955.940000 181772.410000 8 8
35495.800000 178955.940000 181772.410000 6 8
35960.000000 178955.940000 181736.050000 8 6
35960.000000 178955.940000 181736.050000 6 6
36286.600000 178955.940000 181711.030000 6 4
36490.400000 182993.230000 185732.930000 2 2
36496.100000 182993.660000 185732.930000 4 2
37108.000000 181772.410000 184466.500000 8 10
37419.000000 184074.590000 186746.300000 4 4
37512.800000 181711.030000 184376.060000 4 6
37868.300000 181736.050000 184376.060000 6 8
37868.300000 181736.050000 184376.060000 6 6
38397.100000 181772.410000 184376.060000 8 8
38397.100000 181772.410000 184376.060000 8 6
42282.000000 191238.200000 193602.600000 8 8
42282.000000 191238.200000 193602.600000 10 8
42282.000000 191238.200000 193602.600000 8 6
42858.000000 182043.410000 184376.060000 4 6
45530.700000 219556.540000 221752.260000 4 4
45728.000000 219556.540000 221742.790000 4 2
45814.700000 219570.150000 221752.260000 6 4
45998.700000 219556.540000 221729.920000 4 6
46003.600000 219556.540000 221729.690000 4 4
46288.600000 219570.150000 221729.920000 6 6
46293.500000 219570.150000 221729.690000 6 4
46473.700000 219556.540000 221707.710000 4 6
46734.600000 219590.760000 221729.920000 8 6
46769.600000 219570.150000 221707.710000 6 6
46972.400000 219570.150000 221698.480000 6 8
47224.900000 219590.760000 221707.710000 8 6
47431.700000 219590.760000 221698.480000 8 8
47760.720000 187701.000000 189794.200000 12 10
47760.720000 187701.000000 189794.200000 10 8
47834.800000 184376.060000 186466.020000 8 6
47834.800000 184376.060000 186466.020000 6 6
48096.200000 219619.880000 221698.480000 10 8
48351.400000 184376.060000 186443.690000 6 4
48641.000000 184690.980000 186746.300000 4 4
49127.600000 219590.760000 221625.720000 8 10
49565.800000 219570.150000 221587.120000 6 8
49840.800000 219619.880000 221625.720000 10 10
50077.500000 219590.760000 221587.120000 8 8
50281.300000 219556.540000 221544.810000 4 6
50363.600000 219619.880000 221604.900000 10 12
50367.900000 219590.760000 221575.610000 8 10
50393.600000 219570.150000 221553.990000 6 8
50627.800000 219570.150000 221544.810000 6 6
50818.800000 219619.880000 221587.120000 10 8
50922.600000 219590.760000 221553.990000 8 8
51117.900000 219619.880000 221575.610000 10 10
51161.800000 219590.760000 221544.810000 8 6
51349.400000 173347.840000 175294.750000 2 4
51544.300000 173347.840000 175287.390000 2 2
51689.300000 219619.880000 221553.990000 10 8
57807.100000 181264.240000 182993.660000 2 4
57821.500000 181264.240000 182993.230000 2 2
61985.000000 220139.410000 221752.260000 6 4
62320.000000 220125.510000 221729.690000 2 4
62865.000000 220139.410000 221729.690000 6 4
63746.000000 220139.410000 221707.710000 6 6
65242.000000 219556.540000 221088.880000 4 6
65386.000000 219570.150000 221099.110000 6 6
65437.000000 219570.150000 221097.920000 6 8
65814.000000 219590.760000 221109.780000 8 10
65990.000000 219590.760000 221105.730000 8 8
66332.000000 219590.760000 221097.920000 8 8
66732.000000 219590.760000 221088.880000 8 6
67283.000000 219619.880000 221105.730000 10 8
70673.000000 220139.410000 221553.990000 6 8
71231.000000 220150.490000 221553.990000 8 8
71700.000000 220150.490000 221544.810000 8 6
77080.000000 181696.660000 182993.660000 2 4
86436.000000 166967.130000 168123.740000 2 4
87869.000000 220614.510000 221752.260000 6 4
88181.000000 166990.730000 168124.450000 4 6
89647.000000 220614.510000 221729.690000 6 4
91884.000000 167035.710000 168123.740000 6 4
92451.000000 182993.230000 184074.590000 2 4
98653.744000 185732.930000 186746.300000 2 4
98692.700000 185732.930000 186745.900000 2 2
102697.304000 187641.600000 188615.070000 8 6
102788.000000 220614.510000 221587.120000 6 8
103086.000000 182023.860000 182993.660000 2 4
103251.000000 220130.860000 221099.110000 4 6
103457.000000 220139.410000 221105.730000 6 8
103804.000000 220130.860000 221093.950000 4 4
104171.000000 220139.410000 221099.110000 6 6
104300.000000 220139.410000 221097.920000 6 8
104657.000000 220150.490000 221105.730000 8 8
104734.000000 220139.410000 221093.950000 6 4
105520.000000 220150.490000 221097.920000 8 8
105984.000000 220601.530000 221544.810000 4 6
106393.598000 187641.600000 188581.250000 6 4
106413.000000 220614.510000 221553.990000 6 8
107463.000000 220614.510000 221544.810000 6 6
108653.000000 220832.150000 221752.260000 4 4
109783.000000 220832.150000 221742.790000 4 2
111363.000000 220845.070000 221742.790000 2 2
113012.000000 220845.070000 221729.690000 2 4
116982.000000 168123.740000 168978.340000 4 6
117079.000000 168124.450000 168978.340000 6 6
136366.000000 220811.690000 221544.810000 6 6
138751.000000 177774.590000 178495.110000 2 4
140020.000000 221544.810000 222258.800000 6 4
140281.000000 220832.150000 221544.810000 4 6
142377.000000 177793.540000 178495.710000 4 6
160069.000000 168123.740000 168748.300000 4 4
164672.617000 186745.900000 187353.000000 2 4
164781.186000 186746.300000 187353.000000 4 6
164781.186000 186746.300000 187353.000000 4 4
208520.000000 220614.510000 221093.950000 6 4
216940.620000 178495.110000 178955.940000 4 6
217223.444000 178495.710000 178955.940000 6 8
