18564.300000 221354.470000 226739.680000 5 5
18554.510000 221351.630000 226739.680000 3 5
18365.710000 221296.240000 226739.680000 5 5
18352.460000 221292.310000 226739.680000 7 5
18133.880000 221226.650000 226739.680000 7 5
17630.430000 221069.220000 226739.680000 7 5
17592.550000 221057.010000 226739.680000 5 5
17584.780000 221054.500000 226739.680000 7 5
6555.830000 211490.300000 226739.680000 5 5
6554.230000 211486.580000 226739.680000 3 5
6523.690000 211415.160000 226739.680000 5 5
6521.690000 211410.470000 226739.680000 7 5
6469.680000 211287.230000 226739.680000 7 5
6374.400000 211056.260000 226739.680000 7 5
6364.930000 211032.930000 226739.680000 5 5
6363.770000 211030.070000 226739.680000 7 5
18564.300000 221354.470000 226739.680000 5 7
18416.020000 221311.110000 226739.680000 9 7
18365.710000 221296.240000 226739.680000 5 7
18352.460000 221292.310000 226739.680000 7 7
18151.240000 221231.920000 226739.680000 9 7
18133.880000 221226.650000 226739.680000 7 7
17643.280000 221073.350000 226739.680000 9 7
17630.430000 221069.220000 226739.680000 7 7
17592.550000 221057.010000 226739.680000 5 7
17584.780000 221054.500000 226739.680000 7 7
6555.830000 211490.300000 226739.680000 5 7
6523.690000 211415.160000 226739.680000 5 7
6521.690000 211410.470000 226739.680000 7 7
6518.100000 211402.030000 226739.680000 9 7
6472.870000 211294.850000 226739.680000 9 7
6469.680000 211287.230000 226739.680000 7 7
6376.010000 211060.240000 226739.680000 9 7
6374.400000 211056.260000 226739.680000 7 7
6364.930000 211032.930000 226739.680000 5 7
6363.770000 211030.070000 226739.680000 7 7
18622.640000 221364.000000 226732.340000 13 13
18622.570000 221363.980000 226732.340000 11 13
18622.640000 221364.000000 226732.340000 13 13
18622.570000 221363.980000 226732.340000 11 13
18481.010000 221322.860000 226732.340000 11 13
18622.640000 221364.000000 226732.340000 13 11
18622.570000 221363.980000 226732.340000 11 11
18481.010000 221322.860000 226732.340000 11 11
17964.670000 221167.380000 226732.340000 9 11
18622.640000 221364.000000 226732.340000 13 11
18622.570000 221363.980000 226732.340000 11 11
18481.010000 221322.860000 226732.340000 11 11
18480.670000 221322.760000 226732.340000 9 11
17964.670000 221167.380000 226732.340000 9 11
18622.570000 221363.980000 226732.340000 11 9
18549.420000 221342.810000 226732.340000 7 9
18481.010000 221322.860000 226732.340000 11 9
18480.670000 221322.760000 226732.340000 9 9
17964.670000 221167.380000 226732.340000 9 9
18679.360000 221380.300000 226732.340000 7 9
18549.420000 221342.810000 226732.340000 7 9
18481.010000 221322.860000 226732.340000 11 9
18480.670000 221322.760000 226732.340000 9 9
17964.670000 221167.380000 226732.340000 9 9
18679.360000 221380.300000 226732.340000 7 7
18679.360000 221380.300000 226732.340000 5 7
18549.420000 221342.810000 226732.340000 7 7
18480.670000 221322.760000 226732.340000 9 7
17964.670000 221167.380000 226732.340000 9 7
18622.640000 221364.000000 226732.340000 13 15
18414.060000 221301.100000 226730.250000 11 13
6516.980000 211389.950000 226730.250000 11 13
18448.120000 221311.110000 226730.240000 9 11
18414.100000 221301.100000 226730.240000 11 11
18182.420000 221231.920000 226730.240000 9 11
17672.740000 221073.350000 226730.240000 9 11
6522.120000 211402.030000 226730.240000 9 11
6516.980000 211389.950000 226730.240000 11 11
6476.830000 211294.850000 226730.240000 9 11
6379.860000 211060.240000 226730.240000 9 11
18719.730000 221380.300000 226720.800000 7 5
18719.730000 221380.300000 226720.800000 5 5
18589.230000 221342.810000 226720.800000 7 5
18261.090000 221246.170000 226720.800000 3 5
17990.120000 221163.710000 226720.800000 7 5
17918.860000 221141.610000 226720.800000 7 5
17445.260000 220990.150000 226720.800000 3 5
17374.180000 220966.700000 226720.800000 5 5
16648.800000 220716.000000 226720.800000 7 5
16533.160000 220674.000000 226720.800000 5 5
16453.680000 220644.790000 226720.800000 3 5
16058.730000 220495.360000 226720.800000 5 5
15795.200000 220391.490000 226720.800000 7 5
15714.840000 220359.130000 226720.800000 5 5
6498.190000 211336.160000 226720.800000 3 5
6401.440000 211103.630000 226720.800000 7 5
6260.260000 210751.430000 226720.800000 3 5
6242.210000 210705.260000 226720.800000 5 5
6088.770000 210301.680000 226720.800000 7 5
6075.590000 210266.040000 226720.800000 5 5
6065.920000 210239.830000 226720.800000 3 5
5952.490000 209925.760000 226720.800000 5 5
5886.670000 209737.970000 226720.800000 7 5
5864.460000 209673.650000 226720.800000 5 5
2731.390000 190120.240000 226720.800000 3 5
2674.030000 189335.160000 226720.800000 7 5
2643.900000 188909.170000 226720.800000 3 5
2640.280000 188857.370000 226720.800000 5 5
2548.380000 187491.900000 226720.800000 7 5
2546.410000 187461.560000 226720.800000 5 5
2544.850000 187437.560000 226720.800000 3 5
2522.620000 187091.370000 226720.800000 5 5
2489.920000 186570.980000 226720.800000 7 5
2486.240000 186511.580000 226720.800000 5 5
18727.440000 221380.300000 226718.600000 5 3
18268.430000 221246.170000 226718.600000 3 3
17490.760000 221002.860000 226718.600000 1 3
17451.960000 220990.150000 226718.600000 3 3
17380.830000 220966.700000 226718.600000 5 3
16539.170000 220674.000000 226718.600000 5 3
16459.640000 220644.790000 226718.600000 3 3
16064.410000 220495.360000 226718.600000 5 3
15720.280000 220359.130000 226718.600000 5 3
6499.120000 211336.160000 226718.600000 3 3
6270.950000 210776.450000 226718.600000 1 3
6261.120000 210751.430000 226718.600000 3 3
6243.070000 210705.260000 226718.600000 5 3
6076.400000 210266.040000 226718.600000 5 3
6066.730000 210239.830000 226718.600000 3 3
5953.270000 209925.760000 226718.600000 5 3
5865.210000 209673.650000 226718.600000 5 3
2731.550000 190120.240000 226718.600000 3 3
2646.020000 188937.240000 226718.600000 1 3
2644.060000 188909.170000 226718.600000 3 3
2640.440000 188857.370000 226718.600000 5 3
2546.550000 187461.560000 226718.600000 5 3
2544.990000 187437.560000 226718.600000 3 3
2522.760000 187091.370000 226718.600000 5 3
2486.380000 186511.580000 226718.600000 5 3
18639.390000 221354.470000 226717.990000 5 7
18489.910000 221311.110000 226717.990000 9 7
18439.200000 221296.240000 226717.990000 5 7
18425.840000 221292.310000 226717.990000 7 7
18223.010000 221231.920000 226717.990000 9 7
18205.520000 221226.650000 226717.990000 7 7
17711.090000 221073.350000 226717.990000 9 7
17698.140000 221069.220000 226717.990000 7 7
17659.970000 221057.010000 226717.990000 5 7
17652.140000 221054.500000 226717.990000 7 7
6565.170000 211490.300000 226717.990000 5 7
6532.930000 211415.160000 226717.990000 5 7
6530.930000 211410.470000 226717.990000 7 7
6527.330000 211402.030000 226717.990000 9 7
6481.970000 211294.850000 226717.990000 9 7
6478.770000 211287.230000 226717.990000 7 7
6384.850000 211060.240000 226717.990000 9 7
6383.230000 211056.260000 226717.990000 7 7
6373.730000 211032.930000 226717.990000 5 7
6372.570000 211030.070000 226717.990000 7 7
18529.450000 221311.110000 226706.450000 9 11
18495.140000 221301.100000 226706.450000 11 11
18261.420000 221231.920000 226706.450000 9 11
17747.370000 221073.350000 226706.450000 9 11
6532.260000 211402.030000 226706.450000 9 11
6527.100000 211389.950000 226706.450000 11 11
6486.830000 211294.850000 226706.450000 9 11
6389.560000 211060.240000 226706.450000 9 11
18529.650000 221311.110000 226706.390000 9 9
18495.340000 221301.100000 226706.390000 11 9
18465.310000 221292.310000 226706.390000 7 9
18261.620000 221231.920000 226706.390000 9 9
18244.050000 221226.650000 226706.390000 7 9
17747.550000 221073.350000 226706.390000 9 9
17734.550000 221069.220000 226706.390000 7 9
17688.360000 221054.500000 226706.390000 7 9
6535.880000 211410.470000 226706.390000 7 9
6532.280000 211402.030000 226706.390000 9 9
6527.130000 211389.950000 226706.390000 11 9
6486.850000 211294.850000 226706.390000 9 9
6483.650000 211287.230000 226706.390000 7 9
6389.580000 211060.240000 226706.390000 9 9
6387.960000 211056.260000 226706.390000 7 9
6377.280000 211030.070000 226706.390000 7 9
18806.350000 221380.300000 226696.200000 7 9
18748.800000 221363.980000 226696.200000 11 9
18675.320000 221343.000000 226696.200000 9 9
18674.650000 221342.810000 226696.200000 7 9
18605.320000 221322.860000 226696.200000 11 9
18604.970000 221322.760000 226696.200000 9 9
18082.730000 221167.570000 226696.200000 11 9
18082.100000 221167.380000 226696.200000 9 9
18070.110000 221163.710000 226696.200000 7 9
18070.110000 221163.710000 226696.200000 9 9
17998.210000 221141.610000 226696.200000 7 9
16717.280000 220716.000000 226696.200000 7 9
16190.390000 220521.390000 226696.200000 9 9
15856.830000 220391.490000 226696.200000 7 9
6411.540000 211103.630000 226696.200000 7 9
6097.910000 210301.680000 226696.200000 7 9
5925.240000 209823.910000 226696.200000 9 9
5895.210000 209737.970000 226696.200000 7 9
2675.790000 189335.160000 226696.200000 7 9
2549.980000 187491.900000 226696.200000 7 9
2496.520000 186652.490000 226696.200000 9 9
2491.450000 186570.980000 226696.200000 7 9
18774.570000 221364.000000 226688.900000 13 11
18774.500000 221363.980000 226688.900000 11 11
18700.820000 221343.000000 226688.900000 9 11
18630.630000 221322.860000 226688.900000 11 11
18630.280000 221322.760000 226688.900000 9 11
18106.630000 221167.570000 226688.900000 11 11
18106.010000 221167.380000 226688.900000 9 11
18093.980000 221163.710000 226688.900000 9 11
16209.560000 220521.390000 226688.900000 9 11
5927.800000 209823.910000 226688.900000 9 11
2496.970000 186652.490000 226688.900000 9 11
18869.540000 221380.300000 226678.400000 7 5
18869.540000 221380.300000 226678.400000 5 5
18736.950000 221342.810000 226678.400000 7 5
18403.620000 221246.170000 226678.400000 3 5
18128.430000 221163.710000 226678.400000 7 5
18056.080000 221141.610000 226678.400000 7 5
17575.290000 220990.150000 226678.400000 3 5
17503.150000 220966.700000 226678.400000 5 5
16767.190000 220716.000000 226678.400000 7 5
16649.900000 220674.000000 226678.400000 5 5
16569.310000 220644.790000 226678.400000 3 5
16168.860000 220495.360000 226678.400000 5 5
15901.730000 220391.490000 226678.400000 7 5
15820.280000 220359.130000 226678.400000 5 5
6516.150000 211336.160000 226678.400000 3 5
6418.870000 211103.630000 226678.400000 7 5
6276.920000 210751.430000 226678.400000 3 5
6258.780000 210705.260000 226678.400000 5 5
6104.540000 210301.680000 226678.400000 7 5
6091.280000 210266.040000 226678.400000 5 5
6081.570000 210239.830000 226678.400000 3 5
5967.560000 209925.760000 226678.400000 5 5
5901.400000 209737.970000 226678.400000 7 5
5879.080000 209673.650000 226678.400000 5 5
2734.560000 190120.240000 226678.400000 3 5
2677.070000 189335.160000 226678.400000 7 5
2646.870000 188909.170000 226678.400000 3 5
2643.240000 188857.370000 226678.400000 5 5
2551.130000 187491.900000 226678.400000 7 5
2549.160000 187461.560000 226678.400000 5 5
2547.600000 187437.560000 226678.400000 3 5
2525.320000 187091.370000 226678.400000 5 5
2492.550000 186570.980000 226678.400000 7 5
2488.870000 186511.580000 226678.400000 5 5
18878.130000 221380.300000 226675.990000 7 7
18878.130000 221380.300000 226675.990000 5 7
18746.090000 221343.000000 226675.990000 9 7
18745.420000 221342.810000 226675.990000 7 7
18675.210000 221322.760000 226675.990000 9 7
18148.440000 221167.380000 226675.990000 9 7
18136.360000 221163.710000 226675.990000 7 7
18136.360000 221163.710000 226675.990000 9 7
18063.940000 221141.610000 226675.990000 7 7
17510.540000 220966.700000 226675.990000 5 7
16773.970000 220716.000000 226675.990000 7 7
16656.590000 220674.000000 226675.990000 5 7
16243.560000 220521.390000 226675.990000 9 7
16175.160000 220495.360000 226675.990000 5 7
15907.830000 220391.490000 226675.990000 7 7
15826.320000 220359.130000 226675.990000 5 7
6419.860000 211103.630000 226675.990000 7 7
6259.720000 210705.260000 226675.990000 5 7
6105.440000 210301.680000 226675.990000 7 7
6092.180000 210266.040000 226675.990000 5 7
5968.410000 209925.760000 226675.990000 5 7
5932.340000 209823.910000 226675.990000 9 7
5902.240000 209737.970000 226675.990000 7 7
5879.910000 209673.650000 226675.990000 5 7
2677.240000 189335.160000 226675.990000 7 7
2643.410000 188857.370000 226675.990000 5 7
2551.290000 187491.900000 226675.990000 7 7
2549.320000 187461.560000 226675.990000 5 7
2525.470000 187091.370000 226675.990000 5 7
2497.780000 186652.490000 226675.990000 9 7
2492.700000 186570.980000 226675.990000 7 7
2489.020000 186511.580000 226675.990000 5 7
18835.580000 221354.470000 226662.120000 5 3
18825.510000 221351.630000 226662.120000 3 3
18631.180000 221296.240000 226662.120000 5 3
17835.990000 221057.010000 226662.120000 5 3
15738.470000 220310.000000 226662.120000 1 3
15713.730000 220300.000000 226662.120000 3 3
15689.070000 220290.000000 226662.120000 5 3
13181.750000 219077.950000 226662.120000 1 3
11987.380000 218322.300000 226662.120000 5 3
10862.380000 217458.560000 226662.120000 3 3
10709.370000 217327.060000 226662.120000 5 3
10671.700000 217294.110000 226662.120000 3 3
10553.720000 217189.390000 226662.120000 1 3
10349.440000 217002.410000 226662.120000 5 3
10323.770000 216978.390000 226662.120000 3 3
10059.300000 216723.800000 226662.120000 3 3
6589.350000 211490.300000 226662.120000 5 3
6587.730000 211486.580000 226662.120000 3 3
6556.870000 211415.160000 226662.120000 5 3
6396.520000 211032.930000 226662.120000 5 3
5061.400000 206910.240000 226662.120000 1 3
4690.890000 205350.180000 226662.120000 5 3
4323.210000 203537.660000 226662.120000 3 3
4271.730000 203258.980000 226662.120000 5 3
4259.000000 203189.030000 226662.120000 3 3
4254.190000 203162.480000 226662.120000 1 3
4183.470000 202765.260000 226662.120000 5 3
4174.540000 202714.120000 226662.120000 3 3
4081.900000 202170.630000 226662.120000 3 3
2065.940000 178273.380000 226662.120000 1 3
1906.570000 174212.030000 226662.120000 5 3
1785.850000 170666.230000 226662.120000 5 3
1783.990000 170607.890000 226662.120000 3 3
1782.860000 170572.610000 226662.120000 1 3
1731.000000 168892.210000 226662.120000 3 3
1664.460000 166582.450000 226662.120000 5 3
1662.770000 166521.690000 226662.120000 3 3
1611.570000 164610.760000 226662.120000 3 3
18743.930000 221311.110000 226644.720000 9 9
18708.810000 221301.100000 226644.720000 11 9
18678.090000 221292.310000 226644.720000 7 9
18469.700000 221231.920000 226644.720000 9 9
18451.740000 221226.650000 226644.720000 7 9
17944.020000 221073.350000 226644.720000 9 9
17930.730000 221069.220000 226644.720000 7 9
17883.520000 221054.500000 226644.720000 7 9
6562.350000 211410.470000 226644.720000 7 9
6558.710000 211402.030000 226644.720000 9 9
6553.520000 211389.950000 226644.720000 11 9
6512.920000 211294.850000 226644.720000 9 9
6509.680000 211287.230000 226644.720000 7 9
6414.870000 211060.240000 226644.720000 9 9
6413.230000 211056.260000 226644.720000 7 9
6402.470000 211030.070000 226644.720000 7 9
18995.560000 221380.300000 226643.250000 7 9
18936.840000 221363.980000 226643.250000 11 9
18861.880000 221343.000000 226643.250000 9 9
18861.210000 221342.810000 226643.250000 7 9
18790.480000 221322.860000 226643.250000 11 9
18790.130000 221322.760000 226643.250000 9 9
18257.590000 221167.570000 226643.250000 11 9
18256.950000 221167.380000 226643.250000 9 9
18244.720000 221163.710000 226643.250000 7 9
18244.720000 221163.710000 226643.250000 9 9
18171.440000 221141.610000 226643.250000 7 9
16866.620000 220716.000000 226643.250000 7 9
16330.430000 220521.390000 226643.250000 9 9
15991.130000 220391.490000 226643.250000 7 9
6433.390000 211103.630000 226643.250000 7 9
6117.670000 210301.680000 226643.250000 7 9
5943.890000 209823.910000 226643.250000 9 9
5913.670000 209737.970000 226643.250000 7 9
2679.590000 189335.160000 226643.250000 7 9
2553.420000 187491.900000 226643.250000 7 9
2499.820000 186652.490000 226643.250000 9 9
2494.740000 186570.980000 226643.250000 7 9
19006.510000 221380.300000 226640.220000 7 7
19006.510000 221380.300000 226640.220000 5 7
18872.670000 221343.000000 226640.220000 9 7
18872.000000 221342.810000 226640.220000 7 7
18800.840000 221322.760000 226640.220000 9 7
18267.060000 221167.380000 226640.220000 9 7
18254.820000 221163.710000 226640.220000 7 7
18254.820000 221163.710000 226640.220000 9 7
18181.450000 221141.610000 226640.220000 7 7
17620.940000 220966.700000 226640.220000 5 7
16875.250000 220716.000000 226640.220000 7 7
16756.450000 220674.000000 226640.220000 5 7
16338.520000 220521.390000 226640.220000 9 7
16269.320000 220495.360000 226640.220000 5 7
15998.890000 220391.490000 226640.220000 7 7
15916.450000 220359.130000 226640.220000 5 7
6434.640000 211103.630000 226640.220000 7 7
6273.770000 210705.260000 226640.220000 5 7
6118.800000 210301.680000 226640.220000 7 7
6105.490000 210266.040000 226640.220000 5 7
5981.190000 209925.760000 226640.220000 5 7
5944.960000 209823.910000 226640.220000 9 7
5914.730000 209737.970000 226640.220000 7 7
5892.310000 209673.650000 226640.220000 5 7
2679.810000 189335.160000 226640.220000 7 7
2645.920000 188857.370000 226640.220000 5 7
2553.620000 187491.900000 226640.220000 7 7
2551.640000 187461.560000 226640.220000 5 7
2527.760000 187091.370000 226640.220000 5 7
2500.010000 186652.490000 226640.220000 9 7
2494.930000 186570.980000 226640.220000 7 7
2491.230000 186511.580000 226640.220000 5 7
18843.150000 221311.110000 226616.630000 9 9
18807.670000 221301.100000 226616.630000 11 9
18776.620000 221292.310000 226616.630000 7 9
18566.040000 221231.920000 226616.630000 9 9
18547.880000 221226.650000 226616.630000 7 9
18034.940000 221073.350000 226616.630000 9 9
18021.510000 221069.220000 226616.630000 7 9
17973.820000 221054.500000 226616.630000 7 9
6574.470000 211410.470000 226616.630000 7 9
6570.820000 211402.030000 226616.630000 9 9
6565.610000 211389.950000 226616.630000 11 9
6524.850000 211294.850000 226616.630000 9 9
6521.610000 211287.230000 226616.630000 7 9
6426.450000 211060.240000 226616.630000 9 9
6424.810000 211056.260000 226616.630000 7 9
6414.010000 211030.070000 226616.630000 7 9
19052.250000 221354.470000 226601.760000 5 7
18896.110000 221311.110000 226601.760000 9 7
18843.150000 221296.240000 226601.760000 5 7
18829.200000 221292.310000 226601.760000 7 7
18617.440000 221231.920000 226601.760000 9 7
18599.190000 221226.650000 226601.760000 7 7
18083.440000 221073.350000 226601.760000 9 7
18069.940000 221069.220000 226601.760000 7 7
18030.150000 221057.010000 226601.760000 5 7
18021.990000 221054.500000 226601.760000 7 7
15839.110000 220290.000000 226601.760000 5 7
12074.770000 218322.300000 226601.760000 5 7
10779.070000 217327.060000 226601.760000 5 7
10566.000000 217140.040000 226601.760000 7 7
10414.520000 217002.410000 226601.760000 5 7
6615.670000 211490.300000 226601.760000 5 7
6582.930000 211415.160000 226601.760000 5 7
6580.900000 211410.470000 226601.760000 7 7
6577.250000 211402.030000 226601.760000 9 7
6531.190000 211294.850000 226601.760000 9 7
6527.940000 211287.230000 226601.760000 7 7
6432.600000 211060.240000 226601.760000 9 7
6430.950000 211056.260000 226601.760000 7 7
6421.310000 211032.930000 226601.760000 5 7
6420.140000 211030.070000 226601.760000 7 7
4704.220000 205350.180000 226601.760000 5 7
4282.770000 203258.980000 226601.760000 5 7
4211.040000 202861.360000 226601.760000 7 7
4194.060000 202765.260000 226601.760000 5 7
1908.770000 174212.030000 226601.760000 5 7
1787.770000 170666.230000 226601.760000 5 7
1668.800000 166678.640000 226601.760000 7 7
1666.130000 166582.450000 226601.760000 5 7
19170.430000 221343.000000 226557.940000 9 9
18546.530000 221167.570000 226557.940000 11 9
18533.260000 221163.710000 226557.940000 7 9
18533.260000 221163.710000 226557.940000 9 9
18546.530000 221167.570000 226557.940000 11 13
19170.430000 221343.000000 226557.940000 9 11
18546.530000 221167.570000 226557.940000 11 11
19170.430000 221343.000000 226557.940000 9 11
18546.530000 221167.570000 226557.940000 11 11
18533.260000 221163.710000 226557.940000 9 11
19107.960000 221311.110000 226543.100000 9 11
19071.470000 221301.100000 226543.100000 11 11
18823.060000 221231.920000 226543.100000 9 11
18277.370000 221073.350000 226543.100000 9 11
6602.730000 211402.030000 226543.100000 9 11
6597.460000 211389.950000 226543.100000 11 11
6556.320000 211294.850000 226543.100000 9 11
6456.970000 211060.240000 226543.100000 9 11
19275.930000 221354.470000 226540.870000 5 7
19116.120000 221311.110000 226540.870000 9 7
19061.920000 221296.240000 226540.870000 5 7
19047.640000 221292.310000 226540.870000 7 7
18830.970000 221231.920000 226540.870000 9 7
18812.300000 221226.650000 226540.870000 7 7
18284.830000 221073.350000 226540.870000 9 7
18271.030000 221069.220000 226540.870000 7 7
18230.350000 221057.010000 226540.870000 5 7
18222.010000 221054.500000 226540.870000 7 7
6642.430000 211490.300000 226540.870000 5 7
6609.430000 211415.160000 226540.870000 5 7
6607.390000 211410.470000 226540.870000 7 7
6603.700000 211402.030000 226540.870000 9 7
6557.280000 211294.850000 226540.870000 9 7
6554.000000 211287.230000 226540.870000 7 7
6457.900000 211060.240000 226540.870000 9 7
6456.240000 211056.260000 226540.870000 7 7
6446.530000 211032.930000 226540.870000 5 7
6445.340000 211030.070000 226540.870000 7 7
19116.120000 221311.110000 226540.870000 9 9
19079.600000 221301.100000 226540.870000 11 9
19047.640000 221292.310000 226540.870000 7 9
18830.970000 221231.920000 226540.870000 9 9
18812.300000 221226.650000 226540.870000 7 9
18284.830000 221073.350000 226540.870000 9 9
18271.030000 221069.220000 226540.870000 7 9
18222.010000 221054.500000 226540.870000 7 9
6607.390000 211410.470000 226540.870000 7 9
6603.700000 211402.030000 226540.870000 9 9
6598.440000 211389.950000 226540.870000 11 9
6557.280000 211294.850000 226540.870000 9 9
6554.000000 211287.230000 226540.870000 7 9
6457.900000 211060.240000 226540.870000 9 9
6456.240000 211056.260000 226540.870000 7 9
6445.340000 211030.070000 226540.870000 7 9
19336.440000 221351.630000 226521.800000 3 1
16068.130000 220300.000000 226521.800000 3 1
11030.560000 217458.560000 226521.800000 3 1
10833.980000 217294.110000 226521.800000 3 1
10475.560000 216978.390000 226521.800000 3 1
10203.370000 216723.800000 226521.800000 3 1
6649.210000 211486.580000 226521.800000 3 1
4349.600000 203537.660000 226521.800000 3 1
4284.610000 203189.030000 226521.800000 3 1
4199.140000 202714.120000 226521.800000 3 1
4105.420000 202170.630000 226521.800000 3 1
1788.460000 170607.890000 226521.800000 3 1
1735.220000 168892.210000 226521.800000 3 1
1666.660000 166521.690000 226521.800000 3 1
1615.220000 164610.760000 226521.800000 3 1
19374.500000 221354.470000 226514.480000 5 3
19363.850000 221351.630000 226514.480000 3 3
19158.310000 221296.240000 226514.480000 5 3
18318.490000 221057.010000 226514.480000 5 3
16112.970000 220310.000000 226514.480000 1 3
16087.050000 220300.000000 226514.480000 3 3
16061.200000 220290.000000 226514.480000 5 3
13443.450000 219077.950000 226514.480000 1 3
12203.420000 218322.300000 226514.480000 5 3
11039.470000 217458.560000 226514.480000 3 3
10881.470000 217327.060000 226514.480000 5 3
10842.580000 217294.110000 226514.480000 3 3
10720.810000 217189.390000 226514.480000 1 3
10510.080000 217002.410000 226514.480000 5 3
10483.600000 216978.390000 226514.480000 3 3
10210.990000 216723.800000 226514.480000 3 3
6654.100000 211490.300000 226514.480000 5 3
6652.450000 211486.580000 226514.480000 3 3
6620.980000 211415.160000 226514.480000 5 3
6457.520000 211032.930000 226514.480000 5 3
5099.520000 206910.240000 226514.480000 1 3
4723.620000 205350.180000 226514.480000 5 3
4350.990000 203537.660000 226514.480000 3 3
4298.850000 203258.980000 226514.480000 5 3
4285.960000 203189.030000 226514.480000 3 3
4281.080000 203162.480000 226514.480000 1 3
4209.480000 202765.260000 226514.480000 5 3
4200.430000 202714.120000 226514.480000 3 3
4106.650000 202170.630000 226514.480000 3 3
2072.260000 178273.380000 226514.480000 1 3
1911.960000 174212.030000 226514.480000 5 3
1790.570000 170666.230000 226514.480000 5 3
1788.700000 170607.890000 226514.480000 3 3
1787.570000 170572.610000 226514.480000 1 3
1735.440000 168892.210000 226514.480000 3 3
1668.560000 166582.450000 226514.480000 5 3
1666.870000 166521.690000 226514.480000 3 3
1615.410000 164610.760000 226514.480000 3 3
19425.300000 221354.470000 226500.990000 5 5
19414.590000 221351.630000 226500.990000 3 5
19207.970000 221296.240000 226500.990000 5 5
19193.480000 221292.310000 226500.990000 7 5
18954.540000 221226.650000 226500.990000 7 5
18405.180000 221069.220000 226500.990000 7 5
18363.900000 221057.010000 226500.990000 5 5
18355.430000 221054.500000 226500.990000 7 5
16122.050000 220300.000000 226500.990000 3 5
16096.090000 220290.000000 226500.990000 5 5
12223.550000 218322.300000 226500.990000 5 5
11055.940000 217458.560000 226500.990000 3 5
10897.470000 217327.060000 226500.990000 5 5
10858.470000 217294.110000 226500.990000 3 5
10679.750000 217140.040000 226500.990000 7 5
10525.010000 217002.410000 226500.990000 5 5
10498.460000 216978.390000 226500.990000 3 5
10225.090000 216723.800000 226500.990000 3 5
6660.080000 211490.300000 226500.990000 5 5
6658.430000 211486.580000 226500.990000 3 5
6626.910000 211415.160000 226500.990000 5 5
6624.850000 211410.470000 226500.990000 7 5
6571.180000 211287.230000 226500.990000 7 5
6472.910000 211056.260000 226500.990000 7 5
6463.150000 211032.930000 226500.990000 5 5
6461.950000 211030.070000 226500.990000 7 5
4726.630000 205350.180000 226500.990000 5 5
4353.550000 203537.660000 226500.990000 3 5
4301.340000 203258.980000 226500.990000 5 5
4288.440000 203189.030000 226500.990000 3 5
4228.990000 202861.360000 226500.990000 7 5
4211.870000 202765.260000 226500.990000 5 5
4202.820000 202714.120000 226500.990000 3 5
4108.930000 202170.630000 226500.990000 3 5
1912.450000 174212.030000 226500.990000 5 5
1791.000000 170666.230000 226500.990000 5 5
1789.130000 170607.890000 226500.990000 3 5
1735.850000 168892.210000 226500.990000 3 5
1671.620000 166678.640000 226500.990000 7 5
1668.930000 166582.450000 226500.990000 5 5
1667.240000 166521.690000 226500.990000 3 5
1615.760000 164610.760000 226500.990000 3 5
19557.280000 221380.300000 226492.090000 7 9
19495.040000 221363.980000 226492.090000 11 9
19415.610000 221343.000000 226492.090000 9 9
19414.890000 221342.810000 226492.090000 7 9
19339.960000 221322.860000 226492.090000 11 9
19339.590000 221322.760000 226492.090000 9 9
18775.910000 221167.570000 226492.090000 11 9
18775.240000 221167.380000 226492.090000 9 9
18762.310000 221163.710000 226492.090000 7 9
18762.310000 221163.710000 226492.090000 9 9
18684.810000 221141.610000 226492.090000 7 9
17308.020000 220716.000000 226492.090000 7 9
16743.870000 220521.390000 226492.090000 9 9
16387.360000 220391.490000 226492.090000 7 9
6496.580000 211103.630000 226492.090000 7 9
6174.790000 210301.680000 226492.090000 7 9
5997.790000 209823.910000 226492.090000 9 9
5967.030000 209737.970000 226492.090000 7 9
2690.490000 189335.160000 226492.090000 7 9
2563.320000 187491.900000 226492.090000 7 9
2509.310000 186652.490000 226492.090000 9 9
2504.190000 186570.980000 226492.090000 7 9
19569.910000 221380.300000 226488.790000 7 7
19569.910000 221380.300000 226488.790000 5 7
19428.060000 221343.000000 226488.790000 9 7
19427.340000 221342.810000 226488.790000 7 7
19351.940000 221322.760000 226488.790000 9 7
18786.880000 221167.380000 226488.790000 9 7
18773.930000 221163.710000 226488.790000 7 7
18773.930000 221163.710000 226488.790000 9 7
18696.340000 221141.610000 226488.790000 7 7
18104.160000 220966.700000 226488.790000 5 7
17317.920000 220716.000000 226488.790000 7 7
17192.830000 220674.000000 226488.790000 5 7
16753.130000 220521.390000 226488.790000 9 7
16680.380000 220495.360000 226488.790000 5 7
16396.230000 220391.490000 226488.790000 7 7
16309.650000 220359.130000 226488.790000 5 7
6497.970000 211103.630000 226488.790000 7 7
6333.970000 210705.260000 226488.790000 5 7
6176.050000 210301.680000 226488.790000 7 7
6162.480000 210266.040000 226488.790000 5 7
6035.870000 209925.760000 226488.790000 5 7
5998.980000 209823.910000 226488.790000 9 7
5968.200000 209737.970000 226488.790000 7 7
5945.370000 209673.650000 226488.790000 5 7
2690.730000 189335.160000 226488.790000 7 7
2656.560000 188857.370000 226488.790000 5 7
2563.540000 187491.900000 226488.790000 7 7
2561.550000 187461.560000 226488.790000 5 7
2537.470000 187091.370000 226488.790000 5 7
2509.520000 186652.490000 226488.790000 9 7
2504.390000 186570.980000 226488.790000 7 7
2500.670000 186511.580000 226488.790000 5 7
19585.820000 221380.300000 226484.640000 7 5
19585.820000 221380.300000 226484.640000 5 5
19443.020000 221342.810000 226484.640000 7 5
19084.330000 221246.170000 226484.640000 3 5
18788.580000 221163.710000 226484.640000 7 5
18710.860000 221141.610000 226484.640000 7 5
18195.080000 220990.150000 226484.640000 3 5
18117.770000 220966.700000 226484.640000 5 5
17330.370000 220716.000000 226484.640000 7 5
17205.110000 220674.000000 226484.640000 5 5
17119.060000 220644.790000 226484.640000 3 5
16691.940000 220495.360000 226484.640000 5 5
16407.400000 220391.490000 226484.640000 7 5
16320.700000 220359.130000 226484.640000 5 5
6599.500000 211336.160000 226484.640000 3 5
6499.730000 211103.630000 226484.640000 7 5
6354.230000 210751.430000 226484.640000 3 5
6335.630000 210705.260000 226484.640000 5 5
6177.630000 210301.680000 226484.640000 7 5
6164.050000 210266.040000 226484.640000 5 5
6154.110000 210239.830000 226484.640000 3 5
6037.380000 209925.760000 226484.640000 5 5
5969.680000 209737.970000 226484.640000 7 5
5946.840000 209673.650000 226484.640000 5 5
2749.130000 190120.240000 226484.640000 3 5
2691.030000 189335.160000 226484.640000 7 5
2660.520000 188909.170000 226484.640000 3 5
2656.860000 188857.370000 226484.640000 5 5
2563.810000 187491.900000 226484.640000 7 5
2561.820000 187461.560000 226484.640000 5 5
2560.240000 187437.560000 226484.640000 3 5
2537.740000 187091.370000 226484.640000 5 5
2504.650000 186570.980000 226484.640000 7 5
2500.930000 186511.580000 226484.640000 5 5
19593.350000 221380.300000 226482.680000 7 7
19593.350000 221380.300000 226482.680000 5 7
19451.150000 221343.000000 226482.680000 9 7
19450.430000 221342.810000 226482.680000 7 7
19374.860000 221322.760000 226482.680000 9 7
18808.480000 221167.380000 226482.680000 9 7
18795.500000 221163.710000 226482.680000 7 7
18795.500000 221163.710000 226482.680000 9 7
18717.730000 221141.610000 226482.680000 7 7
18124.210000 220966.700000 226482.680000 5 7
17336.270000 220716.000000 226482.680000 7 7
17210.910000 220674.000000 226482.680000 5 7
16770.300000 220521.390000 226482.680000 9 7
16697.400000 220495.360000 226482.680000 5 7
16412.680000 220391.490000 226482.680000 7 7
16325.930000 220359.130000 226482.680000 5 7
6500.560000 211103.630000 226482.680000 7 7
6336.420000 210705.260000 226482.680000 5 7
6178.380000 210301.680000 226482.680000 7 7
6164.800000 210266.040000 226482.680000 5 7
6038.100000 209925.760000 226482.680000 5 7
6001.180000 209823.910000 226482.680000 9 7
5970.380000 209737.970000 226482.680000 7 7
5947.540000 209673.650000 226482.680000 5 7
2691.170000 189335.160000 226482.680000 7 7
2656.990000 188857.370000 226482.680000 5 7
2563.940000 187491.900000 226482.680000 7 7
2561.950000 187461.560000 226482.680000 5 7
2537.870000 187091.370000 226482.680000 5 7
2509.900000 186652.490000 226482.680000 9 7
2504.780000 186570.980000 226482.680000 7 7
2501.050000 186511.580000 226482.680000 5 7
19984.510000 221354.470000 226356.980000 5 7
19812.780000 221311.110000 226356.980000 9 7
19754.560000 221296.240000 226356.980000 5 7
19739.230000 221292.310000 226356.980000 7 7
19506.640000 221231.920000 226356.980000 9 7
19486.600000 221226.650000 226356.980000 7 7
18921.210000 221073.350000 226356.980000 9 7
18906.430000 221069.220000 226356.980000 7 7
18862.880000 221057.010000 226356.980000 5 7
18853.950000 221054.500000 226356.980000 7 7
16478.160000 220290.000000 226356.980000 5 7
12442.640000 218322.300000 226356.980000 5 7
11071.270000 217327.060000 226356.980000 5 7
10846.610000 217140.040000 226356.980000 7 7
10687.040000 217002.410000 226356.980000 5 7
6724.590000 211490.300000 226356.980000 5 7
6690.780000 211415.160000 226356.980000 5 7
6688.680000 211410.470000 226356.980000 7 7
6684.900000 211402.030000 226356.980000 9 7
6637.330000 211294.850000 226356.980000 9 7
6633.980000 211287.230000 226356.980000 7 7
6535.530000 211060.240000 226356.980000 9 7
6533.830000 211056.260000 226356.980000 7 7
6523.890000 211032.930000 226356.980000 5 7
6522.670000 211030.070000 226356.980000 7 7
4759.030000 205350.180000 226356.980000 5 7
4328.160000 203258.980000 226356.980000 5 7
4254.910000 202861.360000 226356.980000 7 7
4237.580000 202765.260000 226356.980000 5 7
1917.730000 174212.030000 226356.980000 5 7
1795.630000 170666.230000 226356.980000 5 7
1675.650000 166678.640000 226356.980000 7 7
1672.950000 166582.450000 226356.980000 5 7
19848.990000 221296.240000 226332.900000 5 5
19833.520000 221292.310000 226332.900000 7 5
19578.480000 221226.650000 226332.900000 7 5
18992.910000 221069.220000 226332.900000 7 5
18948.960000 221057.010000 226332.900000 5 5
18939.950000 221054.500000 226332.900000 7 5
16571.240000 220300.000000 226332.900000 3 5
16543.810000 220290.000000 226332.900000 5 5
12480.040000 218322.300000 226332.900000 5 5
11265.350000 217458.560000 226332.900000 3 5
11100.860000 217327.060000 226332.900000 5 5
11060.390000 217294.110000 226332.900000 3 5
10875.020000 217140.040000 226332.900000 7 5
10714.610000 217002.410000 226332.900000 5 5
10687.100000 216978.390000 226332.900000 3 5
10403.950000 216723.800000 226332.900000 3 5
6735.500000 211490.300000 226332.900000 5 5
6733.810000 211486.580000 226332.900000 3 5
6701.580000 211415.160000 226332.900000 5 5
6699.470000 211410.470000 226332.900000 7 5
6644.590000 211287.230000 226332.900000 7 5
6544.130000 211056.260000 226332.900000 7 5
6534.150000 211032.930000 226332.900000 5 5
6532.930000 211030.070000 226332.900000 7 5
4764.490000 205350.180000 226332.900000 5 5
4385.650000 203537.660000 226332.900000 3 5
4332.680000 203258.980000 226332.900000 5 5
4319.580000 203189.030000 226332.900000 3 5
4259.280000 202861.360000 226332.900000 7 5
4241.910000 202765.260000 226332.900000 5 5
4232.730000 202714.120000 226332.900000 3 5
4137.520000 202170.630000 226332.900000 3 5
1918.620000 174212.030000 226332.900000 5 5
1796.410000 170666.230000 226332.900000 5 5
1794.530000 170607.890000 226332.900000 3 5
1740.930000 168892.210000 226332.900000 3 5
1676.330000 166678.640000 226332.900000 7 5
1673.630000 166582.450000 226332.900000 5 5
1671.930000 166521.690000 226332.900000 3 5
1620.160000 164610.760000 226332.900000 3 5
19940.240000 221231.920000 226245.540000 9 9
19919.300000 221226.650000 226245.540000 7 9
19328.910000 221073.350000 226245.540000 9 9
19313.480000 221069.220000 226245.540000 7 9
19258.720000 221054.500000 226245.540000 7 9
10979.370000 217140.040000 226245.540000 7 9
6738.930000 211410.470000 226245.540000 7 9
6735.090000 211402.030000 226245.540000 9 9
6729.620000 211389.950000 226245.540000 11 9
6686.810000 211294.850000 226245.540000 9 9
6683.400000 211287.230000 226245.540000 7 9
6583.500000 211060.240000 226245.540000 9 9
6581.770000 211056.260000 226245.540000 7 9
6570.440000 211030.070000 226245.540000 7 9
4275.190000 202861.360000 226245.540000 7 9
1678.780000 166678.640000 226245.540000 7 9
19281.940000 221057.010000 226241.800000 5 3
16853.700000 220310.000000 226241.800000 1 3
16825.330000 220300.000000 226241.800000 3 3
16797.060000 220290.000000 226241.800000 5 3
13955.160000 219077.950000 226241.800000 1 3
12623.610000 218322.300000 226241.800000 5 3
11382.210000 217458.560000 226241.800000 3 3
11214.310000 217327.060000 226241.800000 5 3
11173.020000 217294.110000 226241.800000 3 3
11043.760000 217189.390000 226241.800000 1 3
10820.270000 217002.410000 226241.800000 5 3
10792.210000 216978.390000 226241.800000 3 3
10503.540000 216723.800000 226241.800000 3 3
6777.100000 211490.300000 226241.800000 5 3
6775.390000 211486.580000 226241.800000 3 3
6742.760000 211415.160000 226241.800000 5 3
6573.300000 211032.930000 226241.800000 5 3
5171.450000 206910.240000 226241.800000 1 3
4785.270000 205350.180000 226241.800000 5 3
4403.250000 203537.660000 226241.800000 3 3
4349.850000 203258.980000 226241.800000 5 3
4336.650000 203189.030000 226241.800000 3 3
4331.670000 203162.480000 226241.800000 1 3
4258.370000 202765.260000 226241.800000 5 3
4249.120000 202714.120000 226241.800000 3 3
4153.180000 202170.630000 226241.800000 3 3
2084.040000 178273.380000 226241.800000 1 3
1921.980000 174212.030000 226241.800000 5 3
1799.350000 170666.230000 226241.800000 5 3
1797.470000 170607.890000 226241.800000 3 3
1796.330000 170572.610000 226241.800000 1 3
1743.690000 168892.210000 226241.800000 3 3
1676.180000 166582.450000 226241.800000 5 3
1674.480000 166521.690000 226241.800000 3 3
1622.560000 164610.760000 226241.800000 3 3
19653.150000 221069.220000 226156.070000 7 5
19606.090000 221057.010000 226156.070000 5 5
19596.440000 221054.500000 226156.070000 7 5
17071.620000 220300.000000 226156.070000 3 5
17042.520000 220290.000000 226156.070000 5 5
12761.740000 218322.300000 226156.070000 5 5
11494.390000 217458.560000 226156.070000 3 5
11323.190000 217327.060000 226156.070000 5 5
11281.090000 217294.110000 226156.070000 3 5
11088.310000 217140.040000 226156.070000 7 5
10921.600000 217002.410000 226156.070000 5 5
10893.010000 216978.390000 226156.070000 3 5
10598.990000 216723.800000 226156.070000 3 5
6816.720000 211490.300000 226156.070000 5 5
6814.990000 211486.580000 226156.070000 3 5
6781.970000 211415.160000 226156.070000 5 5
6779.810000 211410.470000 226156.070000 7 5
6723.620000 211287.230000 226156.070000 7 5
6620.770000 211056.260000 226156.070000 7 5
6610.560000 211032.930000 226156.070000 5 5
6609.310000 211030.070000 226156.070000 7 5
4804.990000 205350.180000 226156.070000 5 5
4419.940000 203537.660000 226156.070000 3 5
4366.140000 203258.980000 226156.070000 5 5
4352.840000 203189.030000 226156.070000 3 5
4291.610000 202861.360000 226156.070000 7 5
4273.980000 202765.260000 226156.070000 5 5
4264.660000 202714.120000 226156.070000 3 5
4168.020000 202170.630000 226156.070000 3 5
1925.150000 174212.030000 226156.070000 5 5
1802.130000 170666.230000 226156.070000 5 5
1800.240000 170607.890000 226156.070000 3 5
1746.300000 168892.210000 226156.070000 3 5
1681.310000 166678.640000 226156.070000 7 5
1678.600000 166582.450000 226156.070000 5 5
1676.880000 166521.690000 226156.070000 3 5
1624.820000 164610.760000 226156.070000 3 5
19902.010000 221073.350000 226096.600000 9 7
19885.660000 221069.220000 226096.600000 7 7
19837.480000 221057.010000 226096.600000 5 7
19827.610000 221054.500000 226096.600000 7 7
17217.090000 220290.000000 226096.600000 5 7
12859.380000 218322.300000 226096.600000 5 7
11399.990000 217327.060000 226096.600000 5 7
11161.940000 217140.040000 226096.600000 7 7
10993.030000 217002.410000 226096.600000 5 7
6844.470000 211490.300000 226096.600000 5 7
6809.440000 211415.160000 226096.600000 5 7
6807.270000 211410.470000 226096.600000 7 7
6803.360000 211402.030000 226096.600000 9 7
6754.090000 211294.850000 226096.600000 9 7
6750.620000 211287.230000 226096.600000 7 7
6648.710000 211060.240000 226096.600000 9 7
6646.950000 211056.260000 226096.600000 7 7
6636.660000 211032.930000 226096.600000 5 7
6635.400000 211030.070000 226096.600000 7 7
4818.760000 205350.180000 226096.600000 5 7
4377.510000 203258.980000 226096.600000 5 7
4302.600000 202861.360000 226096.600000 7 7
4284.880000 202765.260000 226096.600000 5 7
1927.360000 174212.030000 226096.600000 5 7
1804.070000 170666.230000 226096.600000 5 7
1682.990000 166678.640000 226096.600000 7 7
1680.270000 166582.450000 226096.600000 5 7
19959.170000 221069.220000 226078.080000 7 5
19910.640000 221057.010000 226078.080000 5 5
19900.690000 221054.500000 226078.080000 7 5
17302.060000 220300.000000 226078.080000 3 5
17272.170000 220290.000000 226078.080000 5 5
12890.080000 218322.300000 226078.080000 5 5
11598.390000 217458.560000 226078.080000 3 5
11424.110000 217327.060000 226078.080000 5 5
11381.260000 217294.110000 226078.080000 3 5
11185.070000 217140.040000 226078.080000 7 5
11015.460000 217002.410000 226078.080000 5 5
10986.380000 216978.390000 226078.080000 3 5
10687.370000 216723.800000 226078.080000 3 5
6853.160000 211490.300000 226078.080000 5 5
6851.410000 211486.580000 226078.080000 3 5
6818.040000 211415.160000 226078.080000 5 5
6815.860000 211410.470000 226078.080000 7 5
6759.070000 211287.230000 226078.080000 7 5
6655.150000 211056.260000 226078.080000 7 5
6644.830000 211032.930000 226078.080000 5 5
6643.560000 211030.070000 226078.080000 7 5
4823.070000 205350.180000 226078.080000 5 5
4435.230000 203537.660000 226078.080000 3 5
4381.060000 203258.980000 226078.080000 5 5
4367.670000 203189.030000 226078.080000 3 5
4306.030000 202861.360000 226078.080000 7 5
4288.280000 202765.260000 226078.080000 5 5
4278.890000 202714.120000 226078.080000 3 5
4181.620000 202170.630000 226078.080000 3 5
1928.040000 174212.030000 226078.080000 5 5
1804.670000 170666.230000 226078.080000 5 5
1802.770000 170607.890000 226078.080000 3 5
1748.680000 168892.210000 226078.080000 3 5
1683.520000 166678.640000 226078.080000 7 5
1680.800000 166582.450000 226078.080000 5 5
1679.080000 166521.690000 226078.080000 3 5
1626.880000 164610.760000 226078.080000 3 5
18578.070000 220290.000000 225671.220000 5 7
13603.720000 218322.300000 225671.220000 5 7
11981.150000 217327.060000 225671.220000 5 7
11718.490000 217140.040000 225671.220000 7 7
11532.450000 217002.410000 225671.220000 5 7
7221.590000 211827.670000 225671.220000 5 7
5012.040000 205724.810000 225671.220000 7 7
4994.360000 205654.220000 225671.220000 5 7
4919.630000 205350.180000 225671.220000 5 7
4460.600000 203258.980000 225671.220000 5 7
4382.840000 202861.360000 225671.220000 7 7
4364.450000 202765.260000 225671.220000 5 7
1943.290000 174212.030000 225671.220000 5 7
1818.020000 170666.230000 225671.220000 5 7
1695.130000 166678.640000 225671.220000 7 7
1692.370000 166582.450000 225671.220000 5 7
18765.510000 220300.000000 225627.470000 3 5
18730.350000 220290.000000 225627.470000 5 5
13685.190000 218322.300000 225627.470000 5 5
12238.180000 217458.560000 225627.470000 3 5
12044.300000 217327.060000 225627.470000 5 5
11996.680000 217294.110000 225627.470000 3 5
11778.900000 217140.040000 225627.470000 7 5
11590.950000 217002.410000 225627.470000 5 5
11558.760000 216978.390000 225627.470000 3 5
11228.250000 216723.800000 225627.470000 3 5
7244.490000 211827.670000 225627.470000 5 5
7219.260000 211779.450000 225627.470000 3 5
5023.050000 205724.810000 225627.470000 7 5
5005.300000 205654.220000 225627.470000 5 5
4991.240000 205597.970000 225627.470000 3 5
4930.250000 205350.180000 225627.470000 5 5
4525.700000 203537.660000 225627.470000 3 5
4469.320000 203258.980000 225627.470000 5 5
4455.390000 203189.030000 225627.470000 3 5
4391.260000 202861.360000 225627.470000 7 5
4372.800000 202765.260000 225627.470000 5 5
4363.040000 202714.120000 225627.470000 3 5
4261.950000 202170.630000 225627.470000 3 5
1944.940000 174212.030000 225627.470000 5 5
1819.460000 170666.230000 225627.470000 5 5
1817.530000 170607.890000 225627.470000 3 5
1762.570000 168892.210000 225627.470000 3 5
1696.390000 166678.640000 225627.470000 7 5
1693.620000 166582.450000 225627.470000 5 5
1691.880000 166521.690000 225627.470000 3 5
1638.900000 164610.760000 225627.470000 3 5
18885.930000 220310.000000 225603.500000 1 3
18850.320000 220300.000000 225603.500000 3 3
18814.840000 220290.000000 225603.500000 5 3
15320.180000 219077.950000 225603.500000 1 3
13730.240000 218322.300000 225603.500000 5 3
12274.200000 217458.560000 225603.500000 3 3
12079.190000 217327.060000 225603.500000 5 3
12031.280000 217294.110000 225603.500000 3 3
11881.540000 217189.390000 225603.500000 1 3
11623.250000 217002.410000 225603.500000 5 3
11590.880000 216978.390000 225603.500000 3 3
11258.560000 216723.800000 225603.500000 3 3
7257.090000 211827.670000 225603.500000 5 3
7231.780000 211779.450000 225603.500000 3 3
7216.060000 211749.350000 225603.500000 1 3
5348.030000 206910.240000 225603.500000 1 3
5011.310000 205654.220000 225603.500000 5 3
4997.220000 205597.970000 225603.500000 3 3
4936.080000 205350.180000 225603.500000 5 3
4530.620000 203537.660000 225603.500000 3 3
4474.110000 203258.980000 225603.500000 5 3
4460.150000 203189.030000 225603.500000 3 3
4454.870000 203162.480000 225603.500000 1 3
4377.390000 202765.260000 225603.500000 5 3
4367.610000 202714.120000 225603.500000 3 3
4266.310000 202170.630000 225603.500000 3 3
2112.150000 178273.380000 225603.500000 1 3
1945.850000 174212.030000 225603.500000 5 3
1820.260000 170666.230000 225603.500000 5 3
1818.330000 170607.890000 225603.500000 3 3
1817.160000 170572.610000 225603.500000 1 3
1763.320000 168892.210000 225603.500000 3 3
1694.310000 166582.450000 225603.500000 5 3
1692.570000 166521.690000 225603.500000 3 3
1639.540000 164610.760000 225603.500000 3 3
9432.280000 214829.180000 225428.160000 3 1
8949.720000 214257.690000 225428.160000 3 1
7094.270000 211336.160000 225428.160000 3 1
6811.630000 210751.430000 225428.160000 3 1
6582.180000 210239.830000 225428.160000 3 1
3626.170000 197858.690000 225428.160000 3 1
3466.880000 196592.070000 225428.160000 3 1
2831.390000 190120.240000 225428.160000 3 1
2737.490000 188909.170000 225428.160000 3 1
2631.450000 187437.560000 225428.160000 3 1
1704.670000 166765.660000 225428.160000 3 1
1422.450000 155126.730000 225428.160000 3 1
1311.640000 149187.800000 225428.160000 3 1
1307.390000 148940.170000 225428.160000 3 1
9823.080000 214829.180000 225006.500000 3 5
9411.520000 214384.130000 225006.500000 5 5
9300.810000 214257.690000 225006.500000 3 5
7313.090000 211336.160000 225006.500000 3 5
7190.780000 211103.630000 225006.500000 7 5
7013.120000 210751.430000 225006.500000 3 5
6990.470000 210705.260000 225006.500000 5 5
6798.620000 210301.680000 225006.500000 7 5
6782.180000 210266.040000 225006.500000 5 5
6770.140000 210239.830000 225006.500000 3 5
6629.150000 209925.760000 225006.500000 5 5
6547.610000 209737.970000 225006.500000 7 5
6520.140000 209673.650000 225006.500000 5 5
3682.490000 197858.690000 225006.500000 3 5
3533.190000 196711.540000 225006.500000 5 5
3518.330000 196592.070000 225006.500000 3 5
2865.620000 190120.240000 225006.500000 3 5
2802.550000 189335.160000 225006.500000 7 5
2769.470000 188909.170000 225006.500000 3 5
2765.500000 188857.370000 225006.500000 5 5
2664.840000 187491.900000 225006.500000 7 5
2662.680000 187461.560000 225006.500000 5 5
2660.980000 187437.560000 225006.500000 3 5
2636.680000 187091.370000 225006.500000 5 5
2600.980000 186570.980000 225006.500000 7 5
2596.970000 186511.580000 225006.500000 5 5
1717.010000 166765.660000 225006.500000 3 5
1431.030000 155126.730000 225006.500000 3 5
1318.940000 149187.800000 225006.500000 3 5
1317.000000 149076.520000 225006.500000 5 5
1314.640000 148940.170000 225006.500000 3 5
1237.340000 144187.940000 225006.500000 5 5
10306.070000 214829.180000 224529.540000 3 3
9853.970000 214384.130000 224529.540000 5 3
9732.670000 214257.690000 224529.540000 3 3
9689.530000 214211.960000 224529.540000 1 3
7577.470000 211336.160000 224529.540000 3 3
7269.090000 210776.450000 224529.540000 1 3
7255.890000 210751.430000 224529.540000 3 3
7231.650000 210705.260000 224529.540000 5 3
7008.970000 210266.040000 224529.540000 5 3
6996.110000 210239.830000 224529.540000 3 3
6845.650000 209925.760000 224529.540000 5 3
6729.480000 209673.650000 224529.540000 5 3
3748.350000 197858.690000 224529.540000 3 3
3593.770000 196711.540000 224529.540000 5 3
3578.400000 196592.070000 224529.540000 3 3
3571.770000 196540.230000 224529.540000 1 3
2905.340000 190120.240000 224529.540000 3 3
2808.770000 188937.240000 224529.540000 1 3
2806.560000 188909.170000 224529.540000 3 3
2802.480000 188857.370000 224529.540000 5 3
2696.950000 187461.560000 224529.540000 5 3
2695.200000 187437.560000 224529.540000 3 3
2670.280000 187091.370000 224529.540000 5 3
2629.550000 186511.580000 224529.540000 5 3
1731.190000 166765.660000 224529.540000 3 3
1440.860000 155126.730000 224529.540000 3 3
1327.290000 149187.800000 224529.540000 3 3
1325.330000 149076.520000 224529.540000 5 3
1322.940000 148940.170000 224529.540000 3 3
1322.380000 148908.590000 224529.540000 1 3
1244.690000 144187.940000 224529.540000 5 3
10383.300000 214829.180000 224457.390000 3 5
9924.550000 214384.130000 224457.390000 5 5
9801.520000 214257.690000 224457.390000 3 5
7619.140000 211336.160000 224457.390000 3 5
7486.460000 211103.630000 224457.390000 7 5
7294.080000 210751.430000 224457.390000 3 5
7269.600000 210705.260000 224457.390000 5 5
7062.340000 210301.680000 224457.390000 7 5
7044.600000 210266.040000 224457.390000 5 5
7031.620000 210239.830000 224457.390000 3 5
6879.640000 209925.760000 224457.390000 5 5
6791.870000 209737.970000 224457.390000 7 5
6762.320000 209673.650000 224457.390000 5 5
3758.510000 197858.690000 224457.390000 3 5
3603.110000 196711.540000 224457.390000 5 5
3587.670000 196592.070000 224457.390000 3 5
2911.440000 190120.240000 224457.390000 3 5
2846.360000 189335.160000 224457.390000 7 5
2812.250000 188909.170000 224457.390000 3 5
2808.160000 188857.370000 224457.390000 5 5
2704.420000 187491.900000 224457.390000 7 5
2702.210000 187461.560000 224457.390000 5 5
2700.450000 187437.560000 224457.390000 3 5
2675.430000 187091.370000 224457.390000 5 5
2638.680000 186570.980000 224457.390000 7 5
2634.550000 186511.580000 224457.390000 5 5
1733.350000 166765.660000 224457.390000 3 5
1442.360000 155126.730000 224457.390000 3 5
1328.560000 149187.800000 224457.390000 3 5
1326.600000 149076.520000 224457.390000 5 5
1324.200000 148940.170000 224457.390000 3 5
1245.800000 144187.940000 224457.390000 5 5
10402.810000 214829.180000 224439.330000 3 3
9942.380000 214384.130000 224439.330000 5 3
9818.910000 214257.690000 224439.330000 3 3
9775.000000 214211.960000 224439.330000 1 3
7629.640000 211336.160000 224439.330000 3 3
7317.080000 210776.450000 224439.330000 1 3
7303.710000 210751.430000 224439.330000 3 3
7279.160000 210705.260000 224439.330000 5 3
7053.580000 210266.040000 224439.330000 5 3
7040.560000 210239.830000 224439.330000 3 3
6888.200000 209925.760000 224439.330000 5 3
6770.590000 209673.650000 224439.330000 5 3
3761.070000 197858.690000 224439.330000 3 3
3605.460000 196711.540000 224439.330000 5 3
3589.990000 196592.070000 224439.330000 3 3
3583.320000 196540.230000 224439.330000 1 3
2912.980000 190120.240000 224439.330000 3 3
2815.910000 188937.240000 224439.330000 1 3
2813.680000 188909.170000 224439.330000 3 3
2809.590000 188857.370000 224439.330000 5 3
2703.530000 187461.560000 224439.330000 5 3
2701.770000 187437.560000 224439.330000 3 3
2676.730000 187091.370000 224439.330000 5 3
2635.810000 186511.580000 224439.330000 5 3
1733.890000 166765.660000 224439.330000 3 3
1442.740000 155126.730000 224439.330000 3 3
1328.880000 149187.800000 224439.330000 3 3
1326.910000 149076.520000 224439.330000 5 3
1324.520000 148940.170000 224439.330000 3 3
1323.960000 148908.590000 224439.330000 1 3
1246.080000 144187.940000 224439.330000 5 3
10026.490000 214384.130000 224354.980000 5 7
7544.320000 211103.630000 224354.980000 7 7
7324.140000 210705.260000 224354.980000 5 7
7113.810000 210301.680000 224354.980000 7 7
7095.810000 210266.040000 224354.980000 5 7
6928.470000 209925.760000 224354.980000 5 7
6879.910000 209823.910000 224354.980000 9 7
6839.460000 209737.970000 224354.980000 7 7
6809.490000 209673.650000 224354.980000 5 7
3616.460000 196711.540000 224354.980000 5 7
2854.690000 189335.160000 224354.980000 7 7
2816.260000 188857.370000 224354.980000 5 7
2711.940000 187491.900000 224354.980000 7 7
2709.710000 187461.560000 224354.980000 5 7
2682.790000 187091.370000 224354.980000 5 7
2651.560000 186652.490000 224354.980000 9 7
2645.840000 186570.980000 224354.980000 7 7
2641.680000 186511.580000 224354.980000 5 7
1328.400000 149076.520000 224354.980000 5 7
1247.400000 144187.940000 224354.980000 5 7
10552.370000 214829.180000 224303.130000 3 1
9952.040000 214257.690000 224303.130000 3 1
7709.780000 211336.160000 224303.130000 3 1
7377.120000 210751.430000 224303.130000 3 1
7108.750000 210239.830000 224303.130000 3 1
3780.440000 197858.690000 224303.130000 3 1
3607.640000 196592.070000 224303.130000 3 1
2924.580000 190120.240000 224303.130000 3 1
2824.510000 188909.170000 224303.130000 3 1
2711.750000 187437.560000 224303.130000 3 1
1738.000000 166765.660000 224303.130000 3 1
1445.580000 155126.730000 224303.130000 3 1
1331.290000 149187.800000 224303.130000 3 1
1326.910000 148940.170000 224303.130000 3 1
10667.710000 214829.180000 224200.700000 3 5
10184.070000 214384.130000 224200.700000 5 5
10054.560000 214257.690000 224200.700000 3 5
7771.170000 211336.160000 224200.700000 3 5
7633.200000 211103.630000 224200.700000 7 5
7433.300000 210751.430000 224200.700000 3 5
7407.870000 210705.260000 224200.700000 5 5
7192.770000 210301.680000 224200.700000 7 5
7174.370000 210266.040000 224200.700000 5 5
7160.910000 210239.830000 224200.700000 3 5
7003.350000 209925.760000 224200.700000 5 5
6912.420000 209737.970000 224200.700000 7 5
6881.810000 209673.650000 224200.700000 5 5
3795.140000 197858.690000 224200.700000 3 5
3636.760000 196711.540000 224200.700000 5 5
3621.020000 196592.070000 224200.700000 3 5
2933.370000 190120.240000 224200.700000 3 5
2867.320000 189335.160000 224200.700000 7 5
2832.710000 188909.170000 224200.700000 3 5
2828.560000 188857.370000 224200.700000 5 5
2723.340000 187491.900000 224200.700000 7 5
2721.090000 187461.560000 224200.700000 5 5
2719.310000 187437.560000 224200.700000 3 5
2693.940000 187091.370000 224200.700000 5 5
2656.680000 186570.980000 224200.700000 7 5
2652.500000 186511.580000 224200.700000 5 5
1741.100000 166765.660000 224200.700000 3 5
1447.720000 155126.730000 224200.700000 3 5
1333.100000 149187.800000 224200.700000 3 5
1331.130000 149076.520000 224200.700000 5 5
1328.720000 148940.170000 224200.700000 3 5
1249.800000 144187.940000 224200.700000 5 5
10682.690000 214829.180000 224187.550000 3 3
10197.720000 214384.130000 224187.550000 5 3
10067.870000 214257.690000 224187.550000 3 3
10021.720000 214211.960000 224187.550000 1 3
7779.120000 211336.160000 224187.550000 3 3
7454.450000 210776.450000 224187.550000 1 3
7440.570000 210751.430000 224187.550000 3 3
7415.090000 210705.260000 224187.550000 5 3
7181.150000 210266.040000 224187.550000 5 3
7167.650000 210239.830000 224187.550000 3 3
7009.810000 209925.760000 224187.550000 5 3
6888.040000 209673.650000 224187.550000 5 3
3797.030000 197858.690000 224187.550000 3 3
3638.500000 196711.540000 224187.550000 5 3
3622.750000 196592.070000 224187.550000 3 3
3615.960000 196540.230000 224187.550000 1 3
2934.510000 190120.240000 224187.550000 3 3
2836.020000 188937.240000 224187.550000 1 3
2833.760000 188909.170000 224187.550000 3 3
2829.610000 188857.370000 224187.550000 5 3
2722.060000 187461.560000 224187.550000 5 3
2720.280000 187437.560000 224187.550000 3 3
2694.900000 187091.370000 224187.550000 5 3
2653.420000 186511.580000 224187.550000 5 3
1741.500000 166765.660000 224187.550000 3 3
1448.000000 155126.730000 224187.550000 3 3
1333.340000 149187.800000 224187.550000 3 3
1331.360000 149076.520000 224187.550000 5 3
1328.950000 148940.170000 224187.550000 3 3
1328.390000 148908.590000 224187.550000 1 3
1250.010000 144187.940000 224187.550000 5 3
10843.810000 214829.180000 224048.500000 3 3
10344.450000 214384.130000 224048.500000 5 3
10210.860000 214257.690000 224048.500000 3 3
10163.390000 214211.960000 224048.500000 1 3
7864.210000 211336.160000 224048.500000 3 3
7532.550000 210776.450000 224048.500000 1 3
7518.380000 210751.430000 224048.500000 3 3
7492.370000 210705.260000 224048.500000 5 3
7253.600000 210266.040000 224048.500000 5 3
7239.830000 210239.830000 224048.500000 3 3
7078.830000 209925.760000 224048.500000 5 3
6954.670000 209673.650000 224048.500000 5 3
3817.200000 197858.690000 224048.500000 3 3
3657.010000 196711.540000 224048.500000 5 3
3641.100000 196592.070000 224048.500000 3 3
3634.230000 196540.230000 224048.500000 1 3
2946.530000 190120.240000 224048.500000 3 3
2847.250000 188937.240000 224048.500000 1 3
2844.980000 188909.170000 224048.500000 3 3
2840.790000 188857.370000 224048.500000 5 3
2732.410000 187461.560000 224048.500000 5 3
2730.620000 187437.560000 224048.500000 3 3
2705.040000 187091.370000 224048.500000 5 3
2663.250000 186511.580000 224048.500000 5 3
1745.720000 166765.660000 224048.500000 3 3
1450.920000 155126.730000 224048.500000 3 3
1335.810000 149187.800000 224048.500000 3 3
1333.830000 149076.520000 224048.500000 5 3
1331.410000 148940.170000 224048.500000 3 3
1330.850000 148908.590000 224048.500000 1 3
1252.180000 144187.940000 224048.500000 5 3
15043.720000 217140.040000 223785.510000 7 9
5535.350000 205724.810000 223785.510000 7 9
4777.830000 202861.360000 223785.510000 7 9
1751.100000 166678.640000 223785.510000 7 9
18481.660000 218322.300000 223731.590000 5 7
15609.690000 217327.060000 223731.590000 5 7
15166.780000 217140.040000 223731.590000 7 7
14856.590000 217002.410000 223731.590000 5 7
8398.290000 211827.670000 223731.590000 5 7
5551.920000 205724.810000 223731.590000 7 7
5530.240000 205654.220000 223731.590000 5 7
5438.770000 205350.180000 223731.590000 5 7
4883.210000 203258.980000 223731.590000 5 7
4790.170000 202861.360000 223731.590000 7 7
4768.220000 202765.260000 223731.590000 5 7
2018.750000 174212.030000 223731.590000 5 7
1884.470000 170666.230000 223731.590000 5 7
1752.760000 166678.640000 223731.590000 7 7
1749.810000 166582.450000 223731.590000 5 7
18630.240000 218322.300000 223688.450000 5 5
16047.250000 217458.560000 223688.450000 3 5
15715.540000 217327.060000 223688.450000 5 5
15634.560000 217294.110000 223688.450000 3 5
15266.700000 217140.040000 223688.450000 7 5
14952.450000 217002.410000 223688.450000 5 5
14898.920000 216978.390000 223688.450000 3 5
14354.300000 216723.800000 223688.450000 3 5
8428.830000 211827.670000 223688.450000 5 5
8394.700000 211779.450000 223688.450000 3 5
5565.250000 205724.810000 223688.450000 7 5
5543.470000 205654.220000 223688.450000 5 5
5526.230000 205597.970000 223688.450000 3 5
5451.560000 205350.180000 223688.450000 5 5
4961.200000 203537.660000 223688.450000 3 5
4893.520000 203258.980000 223688.450000 5 5
4876.820000 203189.030000 223688.450000 3 5
4800.100000 202861.360000 223688.450000 7 5
4778.050000 202765.260000 223688.450000 5 5
4766.400000 202714.120000 223688.450000 3 5
4646.010000 202170.630000 223688.450000 3 5
2020.510000 174212.030000 223688.450000 5 5
1886.000000 170666.230000 223688.450000 5 5
1883.930000 170607.890000 223688.450000 3 5
1824.940000 168892.210000 223688.450000 3 5
1754.080000 166678.640000 223688.450000 7 5
1751.130000 166582.450000 223688.450000 5 5
1749.270000 166521.690000 223688.450000 3 5
1692.690000 164610.760000 223688.450000 3 5
18734.630000 218322.300000 223658.550000 5 3
16124.640000 217458.560000 223658.550000 3 3
15789.760000 217327.060000 223658.550000 5 3
15708.010000 217294.110000 223658.550000 3 3
15453.720000 217189.390000 223658.550000 1 3
15019.620000 217002.410000 223658.550000 5 3
14965.610000 216978.390000 223658.550000 3 3
14416.190000 216723.800000 223658.550000 3 3
8450.130000 211827.670000 223658.550000 5 3
8415.830000 211779.450000 223658.550000 3 3
8394.560000 211749.350000 223658.550000 1 3
5969.100000 206910.240000 223658.550000 1 3
5552.680000 205654.220000 223658.550000 5 3
5535.380000 205597.970000 223658.550000 3 3
5460.460000 205350.180000 223658.550000 5 3
4968.570000 203537.660000 223658.550000 3 3
4900.700000 203258.980000 223658.550000 5 3
4883.950000 203189.030000 223658.550000 3 3
4877.620000 203162.480000 223658.550000 1 3
4784.890000 202765.260000 223658.550000 5 3
4773.200000 202714.120000 223658.550000 3 3
4652.470000 202170.630000 223658.550000 3 3
2202.680000 178273.380000 223658.550000 1 3
2021.740000 174212.030000 223658.550000 5 3
1887.070000 170666.230000 223658.550000 5 3
1884.990000 170607.890000 223658.550000 3 3
1883.740000 170572.610000 223658.550000 1 3
1825.940000 168892.210000 223658.550000 3 3
1752.050000 166582.450000 223658.550000 5 3
1750.180000 166521.690000 223658.550000 3 3
1693.540000 164610.760000 223658.550000 3 3
16164.400000 217458.560000 223643.300000 3 1
15745.740000 217294.110000 223643.300000 3 1
14999.850000 216978.390000 223643.300000 3 1
14447.960000 216723.800000 223643.300000 3 1
8426.650000 211779.450000 223643.300000 3 1
5540.060000 205597.970000 223643.300000 3 1
4972.340000 203537.660000 223643.300000 3 1
4887.590000 203189.030000 223643.300000 3 1
4776.680000 202714.120000 223643.300000 3 1
4655.780000 202170.630000 223643.300000 3 1
1885.530000 170607.890000 223643.300000 3 1
1826.450000 168892.210000 223643.300000 3 1
1750.650000 166521.690000 223643.300000 3 1
1693.980000 164610.760000 223643.300000 3 1
17715.410000 217458.560000 223101.820000 3 3
17312.020000 217327.060000 223101.820000 5 3
17213.790000 217294.110000 223101.820000 3 3
16908.890000 217189.390000 223101.820000 1 3
16390.560000 217002.410000 223101.820000 5 3
16326.260000 216978.390000 223101.820000 3 3
15674.570000 216723.800000 223101.820000 3 3
8867.410000 211827.670000 223101.820000 5 3
8829.650000 211779.450000 223101.820000 3 3
8806.240000 211749.350000 223101.820000 1 3
6174.340000 206910.240000 223101.820000 1 3
5729.860000 205654.220000 223101.820000 5 3
5711.440000 205597.970000 223101.820000 3 3
5631.720000 205350.180000 223101.820000 5 3
5109.960000 203537.660000 223101.820000 3 3
5038.200000 203258.980000 223101.820000 5 3
5020.500000 203189.030000 223101.820000 3 3
5013.810000 203162.480000 223101.820000 1 3
4915.880000 202765.260000 223101.820000 5 3
4903.550000 202714.120000 223101.820000 3 3
4776.220000 202170.630000 223101.820000 3 3
2230.030000 178273.380000 223101.820000 1 3
2044.760000 174212.030000 223101.820000 5 3
1907.100000 170666.230000 223101.820000 5 3
1904.980000 170607.890000 223101.820000 3 3
1903.700000 170572.610000 223101.820000 1 3
1844.690000 168892.210000 223101.820000 3 3
1769.300000 166582.450000 223101.820000 5 3
1767.400000 166521.690000 223101.820000 3 3
1709.660000 164610.760000 223101.820000 3 3
17818.970000 217458.560000 223069.020000 3 3
17410.900000 217327.060000 223069.020000 5 3
17311.560000 217294.110000 223069.020000 3 3
17003.210000 217189.390000 223069.020000 1 3
16479.170000 217002.410000 223069.020000 5 3
16414.180000 216978.390000 223069.020000 3 3
15755.590000 216723.800000 223069.020000 3 3
8893.290000 211827.670000 223069.020000 5 3
8855.300000 211779.450000 223069.020000 3 3
8831.750000 211749.350000 223069.020000 1 3
6186.870000 206910.240000 223069.020000 1 3
5740.650000 205654.220000 223069.020000 5 3
5722.170000 205597.970000 223069.020000 3 3
5642.140000 205350.180000 223069.020000 5 3
5118.540000 203537.660000 223069.020000 3 3
5046.540000 203258.980000 223069.020000 5 3
5028.780000 203189.030000 223069.020000 3 3
5022.070000 203162.480000 223069.020000 1 3
4923.820000 202765.260000 223069.020000 5 3
4911.450000 202714.120000 223069.020000 3 3
4783.720000 202170.630000 223069.020000 3 3
2231.670000 178273.380000 223069.020000 1 3
2046.130000 174212.030000 223069.020000 5 3
1908.300000 170666.230000 223069.020000 5 3
1906.170000 170607.890000 223069.020000 3 3
1904.890000 170572.610000 223069.020000 1 3
1845.810000 168892.210000 223069.020000 3 3
1770.330000 166582.450000 223069.020000 5 3
1768.430000 166521.690000 223069.020000 3 3
1710.620000 164610.760000 223069.020000 3 3
18445.720000 217458.560000 222878.390000 3 5
18008.790000 217327.060000 222878.390000 5 5
17902.520000 217294.110000 222878.390000 3 5
17421.850000 217140.040000 222878.390000 7 5
17013.800000 217002.410000 222878.390000 5 5
16944.530000 216978.390000 222878.390000 3 5
16243.600000 216723.800000 222878.390000 3 5
9046.700000 211827.670000 222878.390000 5 5
9007.400000 211779.450000 222878.390000 3 5
5828.070000 205724.810000 222878.390000 7 5
5804.190000 205654.220000 222878.390000 5 5
5785.290000 205597.970000 222878.390000 3 5
5703.510000 205350.180000 222878.390000 5 5
5169.000000 203537.660000 222878.390000 3 5
5095.570000 203258.980000 222878.390000 5 5
5077.470000 203189.030000 222878.390000 3 5
4994.350000 202861.360000 222878.390000 7 5
4970.490000 202765.260000 222878.390000 5 5
4957.880000 202714.120000 222878.390000 3 5
4827.760000 202170.630000 222878.390000 3 5
2054.150000 174212.030000 222878.390000 5 5
1915.260000 170666.230000 222878.390000 5 5
1913.130000 170607.890000 222878.390000 3 5
1852.330000 168892.210000 222878.390000 3 5
1779.370000 166678.640000 222878.390000 7 5
1776.330000 166582.450000 222878.390000 5 5
1774.410000 166521.690000 222878.390000 3 5
1716.220000 164610.760000 222878.390000 3 5
18914.150000 217458.560000 222744.160000 3 3
18455.030000 217327.060000 222744.160000 5 3
18343.450000 217294.110000 222744.160000 3 3
17997.610000 217189.390000 222744.160000 1 3
17411.540000 217002.410000 222744.160000 5 3
17339.000000 216978.390000 222744.160000 3 3
16605.770000 216723.800000 222744.160000 3 3
9157.940000 211827.670000 222744.160000 5 3
9117.670000 211779.450000 222744.160000 3 3
9092.710000 211749.350000 222744.160000 1 3
6313.810000 206910.240000 222744.160000 1 3
5849.770000 205654.220000 222744.160000 5 3
5830.580000 205597.970000 222744.160000 3 3
5747.520000 205350.180000 222744.160000 5 3
5205.120000 203537.660000 222744.160000 3 3
5130.680000 203258.980000 222744.160000 5 3
5112.320000 203189.030000 222744.160000 3 3
5105.390000 203162.480000 222744.160000 1 3
5003.880000 202765.260000 222744.160000 5 3
4991.110000 202714.120000 222744.160000 3 3
4859.260000 202170.630000 222744.160000 3 3
2247.970000 178273.380000 222744.160000 1 3
2059.830000 174212.030000 222744.160000 5 3
1920.200000 170666.230000 222744.160000 5 3
1918.050000 170607.890000 222744.160000 3 3
1916.750000 170572.610000 222744.160000 1 3
1856.940000 168892.210000 222744.160000 3 3
1780.570000 166582.450000 222744.160000 5 3
1778.650000 166521.690000 222744.160000 3 3
1720.180000 164610.760000 222744.160000 3 3
19075.150000 217458.560000 222699.550000 3 1
18494.840000 217294.110000 222699.550000 3 1
17474.210000 216978.390000 222699.550000 3 1
16729.740000 216723.800000 222699.550000 3 1
9154.920000 211779.450000 222699.550000 3 1
5845.790000 205597.970000 222699.550000 3 1
5217.240000 203537.660000 222699.550000 3 1
5124.010000 203189.030000 222699.550000 3 1
5002.250000 202714.120000 222699.550000 3 1
4869.820000 202170.630000 222699.550000 3 1
1919.690000 170607.890000 222699.550000 3 1
1858.480000 168892.210000 222699.550000 3 1
1780.060000 166521.690000 222699.550000 3 1
1721.500000 164610.760000 222699.550000 3 1
10108.450000 211490.300000 221380.300000 5 7
10032.230000 211415.160000 221380.300000 5 7
10027.510000 211410.470000 221380.300000 7 7
10019.030000 211402.030000 221380.300000 9 7
9912.560000 211294.850000 221380.300000 9 7
9905.070000 211287.230000 221380.300000 7 7
9687.210000 211060.240000 221380.300000 9 7
9683.470000 211056.260000 221380.300000 7 7
9661.640000 211032.930000 221380.300000 5 7
9658.970000 211030.070000 221380.300000 7 7
10108.450000 211490.300000 221380.300000 5 5
10104.650000 211486.580000 221380.300000 3 5
10032.230000 211415.160000 221380.300000 5 5
10027.510000 211410.470000 221380.300000 7 5
9905.070000 211287.230000 221380.300000 7 5
9683.470000 211056.260000 221380.300000 7 5
9661.640000 211032.930000 221380.300000 5 5
9658.970000 211030.070000 221380.300000 7 5
10023.270000 211389.950000 221364.000000 11 13
10035.440000 211402.030000 221363.980000 9 11
10023.290000 211389.950000 221363.980000 11 11
9928.620000 211294.850000 221363.980000 9 11
9702.550000 211060.240000 221363.980000 9 11
9978.990000 211336.160000 221354.470000 3 5
9752.620000 211103.630000 221354.470000 7 5
9428.670000 210751.430000 221354.470000 3 5
9387.790000 210705.260000 221354.470000 5 5
9045.010000 210301.680000 221354.470000 7 5
9015.930000 210266.040000 221354.470000 5 5
8994.670000 210239.830000 221354.470000 3 5
8747.490000 209925.760000 221354.470000 5 5
8606.080000 209737.970000 221354.470000 7 5
8558.690000 209673.650000 221354.470000 5 5
3200.690000 190120.240000 221354.470000 3 5
3122.210000 189335.160000 221354.470000 7 5
3081.220000 188909.170000 221354.470000 3 5
3076.300000 188857.370000 221354.470000 5 5
2952.250000 187491.900000 221354.470000 7 5
2949.610000 187461.560000 221354.470000 5 5
2947.520000 187437.560000 221354.470000 3 5
2917.740000 187091.370000 221354.470000 5 5
2874.080000 186570.980000 221354.470000 7 5
2869.180000 186511.580000 221354.470000 5 5
9981.820000 211336.160000 221351.630000 3 3
9453.510000 210776.450000 221351.630000 1 3
9431.200000 210751.430000 221351.630000 3 3
9390.300000 210705.260000 221351.630000 5 3
9018.240000 210266.040000 221351.630000 5 3
8996.970000 210239.830000 221351.630000 3 3
8749.670000 209925.760000 221351.630000 5 3
8560.770000 209673.650000 221351.630000 5 3
3200.980000 190120.240000 221351.630000 3 3
3084.150000 188937.240000 221351.630000 1 3
3081.490000 188909.170000 221351.630000 3 3
3076.570000 188857.370000 221351.630000 5 3
2949.850000 187461.560000 221351.630000 5 3
2947.770000 187437.560000 221351.630000 3 3
2917.980000 187091.370000 221351.630000 5 3
2869.420000 186511.580000 221351.630000 5 3
10065.170000 211410.470000 221343.000000 7 9
10056.620000 211402.030000 221343.000000 9 9
10044.420000 211389.950000 221343.000000 11 9
9949.350000 211294.850000 221343.000000 9 9
9941.810000 211287.230000 221343.000000 7 9
9722.350000 211060.240000 221343.000000 9 9
9718.590000 211056.260000 221343.000000 7 9
9693.910000 211030.070000 221343.000000 7 9
10146.920000 211490.300000 221342.810000 5 7
10070.120000 211415.160000 221342.810000 5 7
10065.360000 211410.470000 221342.810000 7 7
10056.820000 211402.030000 221342.810000 9 7
9949.540000 211294.850000 221342.810000 9 7
9942.000000 211287.230000 221342.810000 7 7
9722.530000 211060.240000 221342.810000 9 7
9718.770000 211056.260000 221342.810000 7 7
9696.770000 211032.930000 221342.810000 5 7
9694.090000 211030.070000 221342.810000 7 7
10077.040000 211402.030000 221322.860000 9 11
10064.780000 211389.950000 221322.860000 11 11
9969.330000 211294.850000 221322.860000 9 11
9741.430000 211060.240000 221322.860000 9 11
10085.720000 211410.470000 221322.760000 7 9
10077.140000 211402.030000 221322.760000 9 9
10064.890000 211389.950000 221322.760000 11 9
9969.430000 211294.850000 221322.760000 9 9
9961.860000 211287.230000 221322.760000 7 9
9741.520000 211060.240000 221322.760000 9 9
9737.750000 211056.260000 221322.760000 7 9
9712.970000 211030.070000 221322.760000 7 9
9794.050000 211103.630000 221311.110000 7 9
9080.630000 210301.680000 221311.110000 7 9
8702.950000 209823.910000 221311.110000 9 9
8638.320000 209737.970000 221311.110000 7 9
3126.440000 189335.160000 221311.110000 7 9
2956.040000 187491.900000 221311.110000 7 9
2884.440000 186652.490000 221311.110000 9 9
2877.670000 186570.980000 221311.110000 7 9
8710.540000 209823.910000 221301.100000 9 11
2885.270000 186652.490000 221301.100000 9 11
10037.330000 211336.160000 221296.240000 3 5
9808.340000 211103.630000 221296.240000 7 5
9480.740000 210751.430000 221296.240000 3 5
9439.410000 210705.260000 221296.240000 5 5
9092.910000 210301.680000 221296.240000 7 5
9063.530000 210266.040000 221296.240000 5 5
9042.040000 210239.830000 221296.240000 3 5
8792.290000 209925.760000 221296.240000 5 5
8649.440000 209737.970000 221296.240000 7 5
8601.570000 209673.650000 221296.240000 5 5
3206.670000 190120.240000 221296.240000 3 5
3127.900000 189335.160000 221296.240000 7 5
3086.760000 188909.170000 221296.240000 3 5
3081.830000 188857.370000 221296.240000 5 5
2957.340000 187491.900000 221296.240000 7 5
2954.680000 187461.560000 221296.240000 5 5
2952.590000 187437.560000 221296.240000 3 5
2922.700000 187091.370000 221296.240000 5 5
2878.900000 186570.980000 221296.240000 7 5
2873.990000 186511.580000 221296.240000 5 5
9812.120000 211103.630000 221292.310000 7 7
9442.910000 210705.260000 221292.310000 5 7
9096.160000 210301.680000 221292.310000 7 7
9066.760000 210266.040000 221292.310000 5 7
8795.330000 209925.760000 221292.310000 5 7
8717.220000 209823.910000 221292.310000 9 7
8652.380000 209737.970000 221292.310000 7 7
8604.480000 209673.650000 221292.310000 5 7
3128.280000 189335.160000 221292.310000 7 7
3082.200000 188857.370000 221292.310000 5 7
2957.680000 187491.900000 221292.310000 7 7
2955.030000 187461.560000 221292.310000 5 7
2923.040000 187091.370000 221292.310000 5 7
2886.000000 186652.490000 221292.310000 9 7
2879.230000 186570.980000 221292.310000 7 7
2874.310000 186511.580000 221292.310000 5 7
10247.430000 211490.300000 221246.170000 5 3
10243.520000 211486.580000 221246.170000 3 3
10169.110000 211415.160000 221246.170000 5 3
9788.530000 211032.930000 221246.170000 5 3
6973.560000 206910.240000 221246.170000 1 3
6289.160000 205350.180000 221246.170000 5 3
5645.440000 203537.660000 221246.170000 3 3
5557.970000 203258.980000 221246.170000 5 3
5536.440000 203189.030000 221246.170000 3 3
5528.310000 203162.480000 221246.170000 1 3
5409.480000 202765.260000 221246.170000 5 3
5394.560000 202714.120000 221246.170000 3 3
5240.860000 202170.630000 221246.170000 3 3
2326.340000 178273.380000 221246.170000 1 3
2125.440000 174212.030000 221246.170000 5 3
1977.070000 170666.230000 221246.170000 5 3
1974.790000 170607.890000 221246.170000 3 3
1973.420000 170572.610000 221246.170000 1 3
1910.080000 168892.210000 221246.170000 3 3
1829.370000 166582.450000 221246.170000 5 3
1827.340000 166521.690000 221246.170000 3 3
1765.680000 164610.760000 221246.170000 3 3
9870.630000 211103.630000 221231.920000 7 9
9146.420000 210301.680000 221231.920000 7 9
8763.360000 209823.910000 221231.920000 9 9
8697.840000 209737.970000 221231.920000 7 9
3134.210000 189335.160000 221231.920000 7 9
2962.970000 187491.900000 221231.920000 7 9
2891.040000 186652.490000 221231.920000 9 9
2884.250000 186570.980000 221231.920000 7 9
9875.770000 211103.630000 221226.650000 7 7
9501.840000 210705.260000 221226.650000 5 7
9150.830000 210301.680000 221226.650000 7 7
9121.080000 210266.040000 221226.650000 5 7
8846.430000 209925.760000 221226.650000 5 7
8767.410000 209823.910000 221226.650000 9 7
8701.830000 209737.970000 221226.650000 7 7
8653.380000 209673.650000 221226.650000 5 7
3134.720000 189335.160000 221226.650000 7 7
3088.450000 188857.370000 221226.650000 5 7
2963.440000 187491.900000 221226.650000 7 7
2960.770000 187461.560000 221226.650000 5 7
2928.660000 187091.370000 221226.650000 5 7
2891.490000 186652.490000 221226.650000 9 7
2884.680000 186570.980000 221226.650000 7 7
2879.750000 186511.580000 221226.650000 5 7
10237.280000 211402.030000 221167.570000 9 11
10224.640000 211389.950000 221167.570000 11 11
10126.150000 211294.850000 221167.570000 9 11
9891.100000 211060.240000 221167.570000 9 11
10246.340000 211410.470000 221167.380000 7 9
10237.480000 211402.030000 221167.380000 9 9
10224.830000 211389.950000 221167.380000 11 9
10126.340000 211294.850000 221167.380000 9 9
10118.530000 211287.230000 221167.380000 7 9
9891.280000 211060.240000 221167.380000 9 9
9887.390000 211056.260000 221167.380000 7 9
9861.850000 211030.070000 221167.380000 7 9
10334.780000 211490.300000 221163.710000 5 7
10255.130000 211415.160000 221163.710000 5 7
10250.190000 211410.470000 221163.710000 7 7
10241.330000 211402.030000 221163.710000 9 7
10130.110000 211294.850000 221163.710000 9 7
10122.290000 211287.230000 221163.710000 7 7
9894.880000 211060.240000 221163.710000 9 7
9890.980000 211056.260000 221163.710000 7 7
9868.200000 211032.930000 221163.710000 5 7
9865.420000 211030.070000 221163.710000 7 7
10250.190000 211410.470000 221163.710000 7 9
10241.330000 211402.030000 221163.710000 9 9
10228.670000 211389.950000 221163.710000 11 9
10130.110000 211294.850000 221163.710000 9 9
10122.290000 211287.230000 221163.710000 7 9
9894.880000 211060.240000 221163.710000 9 9
9890.980000 211056.260000 221163.710000 7 9
9865.420000 211030.070000 221163.710000 7 9
10358.450000 211490.300000 221141.610000 5 7
10278.430000 211415.160000 221141.610000 5 7
10273.470000 211410.470000 221141.610000 7 7
10264.570000 211402.030000 221141.610000 9 7
10152.840000 211294.850000 221141.610000 9 7
10144.990000 211287.230000 221141.610000 7 7
9916.570000 211060.240000 221141.610000 9 7
9912.650000 211056.260000 221141.610000 7 7
9889.780000 211032.930000 221141.610000 5 7
9886.980000 211030.070000 221141.610000 7 7
6330.800000 205350.180000 221141.610000 5 7
5590.470000 203258.980000 221141.610000 5 7
5468.860000 202861.360000 221141.610000 7 7
5440.260000 202765.260000 221141.610000 5 7
2130.180000 174212.030000 221141.610000 5 7
1981.160000 170666.230000 221141.610000 5 7
1836.110000 166678.640000 221141.610000 7 7
1832.870000 166582.450000 221141.610000 5 7
10027.620000 211103.630000 221073.350000 7 9
9281.060000 210301.680000 221073.350000 7 9
8886.890000 209823.910000 221073.350000 9 9
8819.510000 209737.970000 221073.350000 7 9
3149.870000 189335.160000 221073.350000 7 9
2976.970000 187491.900000 221073.350000 7 9
2904.360000 186652.490000 221073.350000 9 9
2897.500000 186570.980000 221073.350000 7 9
10031.780000 211103.630000 221069.220000 7 7
9646.180000 210705.260000 221069.220000 5 7
9284.620000 210301.680000 221069.220000 7 7
9253.990000 210266.040000 221069.220000 5 7
8971.410000 209925.760000 221069.220000 5 7
8890.160000 209823.910000 221069.220000 9 7
8822.730000 209737.970000 221069.220000 7 7
8772.930000 209673.650000 221069.220000 5 7
3150.280000 189335.160000 221069.220000 7 7
3103.550000 188857.370000 221069.220000 5 7
2977.330000 187491.900000 221069.220000 7 7
2974.640000 187461.560000 221069.220000 5 7
2942.230000 187091.370000 221069.220000 5 7
2904.710000 186652.490000 221069.220000 9 7
2897.850000 186570.980000 221069.220000 7 7
2892.870000 186511.580000 221069.220000 5 7
10284.350000 211336.160000 221057.010000 3 5
10044.080000 211103.630000 221057.010000 7 5
9700.820000 210751.430000 221057.010000 3 5
9657.550000 210705.260000 221057.010000 5 5
9295.160000 210301.680000 221057.010000 7 5
9264.470000 210266.040000 221057.010000 5 5
9242.020000 210239.830000 221057.010000 3 5
8981.250000 209925.760000 221057.010000 5 5
8832.250000 209737.970000 221057.010000 7 5
8782.340000 209673.650000 221057.010000 5 5
3231.470000 190120.240000 221057.010000 3 5
3151.490000 189335.160000 221057.010000 7 5
3109.730000 188909.170000 221057.010000 3 5
3104.720000 188857.370000 221057.010000 5 5
2978.410000 187491.900000 221057.010000 7 5
2975.720000 187461.560000 221057.010000 5 5
2973.600000 187437.560000 221057.010000 3 5
2943.290000 187091.370000 221057.010000 5 5
2898.880000 186570.980000 221057.010000 7 5
2893.890000 186511.580000 221057.010000 5 5
10046.620000 211103.630000 221054.500000 7 7
9659.900000 210705.260000 221054.500000 5 7
9297.330000 210301.680000 221054.500000 7 7
9266.620000 210266.040000 221054.500000 5 7
8983.280000 209925.760000 221054.500000 5 7
8901.810000 209823.910000 221054.500000 9 7
8834.210000 209737.970000 221054.500000 7 7
8784.280000 209673.650000 221054.500000 5 7
3151.740000 189335.160000 221054.500000 7 7
3104.970000 188857.370000 221054.500000 5 7
2978.640000 187491.900000 221054.500000 7 7
2975.950000 187461.560000 221054.500000 5 7
2943.510000 187091.370000 221054.500000 5 7
2905.960000 186652.490000 221054.500000 9 7
2899.090000 186570.980000 221054.500000 7 7
2894.100000 186511.580000 221054.500000 5 7
10505.430000 211486.580000 221002.860000 3 1
5724.080000 203537.660000 221002.860000 3 1
5612.060000 203189.030000 221002.860000 3 1
5466.330000 202714.120000 221002.860000 3 1
5308.570000 202170.630000 221002.860000 3 1
1984.330000 170607.890000 221002.860000 3 1
1918.990000 168892.210000 221002.860000 3 1
1835.500000 166521.690000 221002.860000 3 1
1773.300000 164610.760000 221002.860000 3 1
10523.600000 211490.300000 220990.150000 5 3
10519.480000 211486.580000 220990.150000 3 3
10441.020000 211415.160000 220990.150000 5 3
10040.210000 211032.930000 220990.150000 5 3
7100.360000 206910.240000 220990.150000 1 3
6392.110000 205350.180000 220990.150000 5 3
5728.250000 203537.660000 220990.150000 3 3
5638.220000 203258.980000 220990.150000 5 3
5616.070000 203189.030000 220990.150000 3 3
5607.700000 203162.480000 220990.150000 1 3
5485.480000 202765.260000 220990.150000 5 3
5470.130000 202714.120000 220990.150000 3 3
5312.150000 202170.630000 220990.150000 3 3
2340.280000 178273.380000 220990.150000 1 3
2137.080000 174212.030000 220990.150000 5 3
1987.130000 170666.230000 220990.150000 5 3
1984.830000 170607.890000 220990.150000 3 3
1983.440000 170572.610000 220990.150000 1 3
1919.460000 168892.210000 220990.150000 3 3
1837.980000 166582.450000 220990.150000 5 3
1835.920000 166521.690000 220990.150000 3 3
1773.700000 164610.760000 220990.150000 3 3
10549.640000 211490.300000 220966.700000 5 5
10545.500000 211486.580000 220966.700000 3 5
10466.640000 211415.160000 220966.700000 5 5
10461.510000 211410.470000 220966.700000 7 5
10328.310000 211287.230000 220966.700000 7 5
10087.600000 211056.260000 220966.700000 7 5
10063.910000 211032.930000 220966.700000 5 5
10061.010000 211030.070000 220966.700000 7 5
6401.700000 205350.180000 220966.700000 5 5
5735.960000 203537.660000 220966.700000 3 5
5645.690000 203258.980000 220966.700000 5 5
5623.470000 203189.030000 220966.700000 3 5
5521.700000 202861.360000 220966.700000 7 5
5492.540000 202765.260000 220966.700000 5 5
5477.150000 202714.120000 220966.700000 3 5
5318.780000 202170.630000 220966.700000 3 5
2138.150000 174212.030000 220966.700000 5 5
1988.050000 170666.230000 220966.700000 5 5
1985.750000 170607.890000 220966.700000 3 5
1920.330000 168892.210000 220966.700000 3 5
1842.030000 166678.640000 220966.700000 7 5
1838.770000 166582.450000 220966.700000 5 5
1836.720000 166521.690000 220966.700000 3 5
1774.440000 164610.760000 220966.700000 3 5
10836.320000 211490.300000 220716.000000 5 7
10748.770000 211415.160000 220716.000000 5 7
10743.350000 211410.470000 220716.000000 7 7
10733.620000 211402.030000 220716.000000 9 7
10611.510000 211294.850000 220716.000000 9 7
10602.930000 211287.230000 220716.000000 7 7
10353.680000 211060.240000 220716.000000 9 7
10349.410000 211056.260000 220716.000000 7 7
10324.470000 211032.930000 220716.000000 5 7
10321.430000 211030.070000 220716.000000 7 7
6506.150000 205350.180000 220716.000000 5 7
5726.770000 203258.980000 220716.000000 5 7
5599.230000 202861.360000 220716.000000 7 7
5569.250000 202765.260000 220716.000000 5 7
2149.680000 174212.030000 220716.000000 5 7
1998.010000 170666.230000 220716.000000 5 7
1850.570000 166678.640000 220716.000000 7 7
1847.280000 166582.450000 220716.000000 5 7
10885.880000 211490.300000 220674.000000 5 5
10881.470000 211486.580000 220674.000000 3 5
10797.530000 211415.160000 220674.000000 5 5
10792.060000 211410.470000 220674.000000 7 5
10650.370000 211287.230000 220674.000000 7 5
10394.600000 211056.260000 220674.000000 7 5
10369.450000 211032.930000 220674.000000 5 5
10366.380000 211030.070000 220674.000000 7 5
6523.990000 205350.180000 220674.000000 5 5
5833.930000 203537.660000 220674.000000 3 5
5740.580000 203258.980000 220674.000000 5 5
5717.610000 203189.030000 220674.000000 3 5
5612.430000 202861.360000 220674.000000 7 5
5582.320000 202765.260000 220674.000000 5 5
5566.420000 202714.120000 220674.000000 3 5
5402.920000 202170.630000 220674.000000 3 5
2151.620000 174212.030000 220674.000000 5 5
1999.690000 170666.230000 220674.000000 5 5
1997.360000 170607.890000 220674.000000 3 5
1931.180000 168892.210000 220674.000000 3 5
1852.010000 166678.640000 220674.000000 7 5
1848.720000 166582.450000 220674.000000 5 5
1846.640000 166521.690000 220674.000000 3 5
1783.700000 164610.760000 220674.000000 3 5
10920.610000 211490.300000 220644.790000 5 3
10916.170000 211486.580000 220644.790000 3 3
10831.700000 211415.160000 220644.790000 5 3
10400.960000 211032.930000 220644.790000 5 3
7278.900000 206910.240000 220644.790000 1 3
6536.440000 205350.180000 220644.790000 5 3
5843.890000 203537.660000 220644.790000 3 3
5750.220000 203258.980000 220644.790000 5 3
5727.180000 203189.030000 220644.790000 3 3
5718.480000 203162.480000 220644.790000 1 3
5591.430000 202765.260000 220644.790000 5 3
5575.490000 202714.120000 220644.790000 3 3
5411.460000 202170.630000 220644.790000 3 3
2359.360000 178273.380000 220644.790000 1 3
2152.970000 174212.030000 220644.790000 5 3
2000.210000 170666.230000 220644.790000 5 3
1998.530000 170607.890000 220644.790000 3 3
1997.120000 170572.610000 220644.790000 1 3
1932.270000 168892.210000 220644.790000 3 3
1849.720000 166582.450000 220644.790000 5 3
1847.640000 166521.690000 220644.790000 3 3
1784.630000 164610.760000 220644.790000 3 3
10972.840000 211410.470000 220521.390000 7 9
10962.690000 211402.030000 220521.390000 9 9
10948.180000 211389.950000 220521.390000 11 9
10835.340000 211294.850000 220521.390000 9 9
10826.400000 211287.230000 220521.390000 7 9
10566.650000 211060.240000 220521.390000 9 9
10562.210000 211056.260000 220521.390000 7 9
10533.060000 211030.070000 220521.390000 7 9
5660.940000 202861.360000 220521.390000 7 9
1857.260000 166678.640000 220521.390000 7 9
11101.830000 211490.300000 220495.360000 5 5
11097.240000 211486.580000 220495.360000 3 5
11009.960000 211415.160000 220495.360000 5 5
11004.270000 211410.470000 220495.360000 7 5
10856.990000 211287.230000 220495.360000 7 5
10591.330000 211056.260000 220495.360000 7 5
10565.220000 211032.930000 220495.360000 5 5
10562.020000 211030.070000 220495.360000 7 5
6600.940000 205350.180000 220495.360000 5 5
5895.390000 203537.660000 220495.360000 3 5
5800.070000 203258.980000 220495.360000 5 5
5776.630000 203189.030000 220495.360000 3 5
5669.290000 202861.360000 220495.360000 7 5
5638.560000 202765.260000 220495.360000 5 5
5622.340000 202714.120000 220495.360000 3 5
5455.590000 202170.630000 220495.360000 3 5
2159.930000 174212.030000 220495.360000 5 5
2006.210000 170666.230000 220495.360000 5 5
2003.860000 170607.890000 220495.360000 3 5
1937.870000 168892.210000 220495.360000 3 5
1858.160000 166678.640000 220495.360000 7 5
1854.840000 166582.450000 220495.360000 5 5
1852.760000 166521.690000 220495.360000 3 5
1789.400000 164610.760000 220495.360000 3 5
11231.370000 211490.300000 220391.490000 5 7
11137.360000 211415.160000 220391.490000 5 7
11131.540000 211410.470000 220391.490000 7 7
11121.090000 211402.030000 220391.490000 9 7
10990.060000 211294.850000 220391.490000 9 7
10980.860000 211287.230000 220391.490000 7 7
10713.740000 211060.240000 220391.490000 9 7
10709.170000 211056.260000 220391.490000 7 7
10682.470000 211032.930000 220391.490000 5 7
10679.210000 211030.070000 220391.490000 7 7
6646.520000 205350.180000 220391.490000 5 7
5835.240000 203258.980000 220391.490000 5 7
5702.880000 202861.360000 220391.490000 7 7
5671.790000 202765.260000 220391.490000 5 7
2164.790000 174212.030000 220391.490000 5 7
2010.400000 170666.230000 220391.490000 5 7
1861.750000 166678.640000 220391.490000 7 7
1858.420000 166582.450000 220391.490000 5 7
11272.360000 211490.300000 220359.130000 5 5
11267.640000 211486.580000 220359.130000 3 5
11177.660000 211415.160000 220359.130000 5 5
11171.800000 211410.470000 220359.130000 7 5
11020.040000 211287.230000 220359.130000 7 5
10746.430000 211056.260000 220359.130000 7 5
10719.550000 211032.930000 220359.130000 5 5
10716.260000 211030.070000 220359.130000 7 5
6660.850000 205350.180000 220359.130000 5 5
5943.140000 203537.660000 220359.130000 3 5
5846.280000 203258.980000 220359.130000 5 5
5822.460000 203189.030000 220359.130000 3 5
5713.430000 202861.360000 220359.130000 7 5
5682.220000 202765.260000 220359.130000 5 5
5665.750000 202714.120000 220359.130000 3 5
5496.450000 202170.630000 220359.130000 3 5
2166.300000 174212.030000 220359.130000 5 5
2011.710000 170666.230000 220359.130000 5 5
2009.350000 170607.890000 220359.130000 3 5
1943.000000 168892.210000 220359.130000 3 5
1862.870000 166678.640000 220359.130000 7 5
1859.540000 166582.450000 220359.130000 5 5
1857.440000 166521.690000 220359.130000 3 5
1793.770000 164610.760000 220359.130000 3 5
18240.470000 214829.180000 220310.000000 3 1
16518.110000 214257.690000 220310.000000 3 1
11140.450000 211336.160000 220310.000000 3 1
10458.950000 210751.430000 220310.000000 3 1
9927.600000 210239.830000 220310.000000 3 1
4452.830000 197858.690000 220310.000000 3 1
4215.030000 196592.070000 220310.000000 3 1
3311.430000 190120.240000 220310.000000 3 1
3183.710000 188909.170000 220310.000000 3 1
3041.180000 187437.560000 220310.000000 3 1
1867.610000 166765.660000 220310.000000 3 1
1534.140000 155126.730000 220310.000000 3 1
1406.030000 149187.800000 220310.000000 3 1
1401.150000 148940.170000 220310.000000 3 1
18273.810000 214829.180000 220300.000000 3 3
16899.070000 214384.130000 220300.000000 5 3
16545.440000 214257.690000 220300.000000 3 3
16421.160000 214211.960000 220300.000000 1 3
11152.880000 211336.160000 220300.000000 3 3
10497.410000 210776.450000 220300.000000 1 3
10469.900000 210751.430000 220300.000000 3 3
10419.520000 210705.260000 220300.000000 5 3
9963.420000 210266.040000 220300.000000 5 3
9937.470000 210239.830000 220300.000000 3 3
9636.620000 209925.760000 220300.000000 5 3
9407.990000 209673.650000 220300.000000 5 3
4454.820000 197858.690000 220300.000000 3 3
4238.170000 196711.540000 220300.000000 5 3
4216.810000 196592.070000 220300.000000 3 3
4207.610000 196540.230000 220300.000000 1 3
3312.530000 190120.240000 220300.000000 3 3
3187.570000 188937.240000 220300.000000 1 3
3184.720000 188909.170000 220300.000000 3 3
3179.480000 188857.370000 220300.000000 5 3
3044.330000 187461.560000 220300.000000 5 3
3042.100000 187437.560000 220300.000000 3 3
3010.390000 187091.370000 220300.000000 5 3
2958.730000 186511.580000 220300.000000 5 3
1867.960000 166765.660000 220300.000000 3 3
1534.370000 155126.730000 220300.000000 3 3
1406.230000 149187.800000 220300.000000 3 3
1404.030000 149076.520000 220300.000000 5 3
1401.350000 148940.170000 220300.000000 3 3
1400.730000 148908.590000 220300.000000 1 3
1313.850000 144187.940000 220300.000000 5 3
18307.270000 214829.180000 220290.000000 3 5
16927.680000 214384.130000 220290.000000 5 5
16572.870000 214257.690000 220290.000000 3 5
11165.340000 211336.160000 220290.000000 3 5
10882.710000 211103.630000 220290.000000 7 5
10480.880000 210751.430000 220290.000000 3 5
10430.390000 210705.260000 220290.000000 5 5
10008.950000 210301.680000 220290.000000 7 5
9973.360000 210266.040000 220290.000000 5 5
9947.350000 210239.830000 220290.000000 3 5
9645.920000 209925.760000 220290.000000 5 5
9474.250000 209737.970000 220290.000000 7 5
9416.850000 209673.650000 220290.000000 5 5
4456.800000 197858.690000 220290.000000 3 5
4239.970000 196711.540000 220290.000000 5 5
4218.590000 196592.070000 220290.000000 3 5
3313.620000 190120.240000 220290.000000 3 5
3229.580000 189335.160000 220290.000000 7 5
3185.740000 188909.170000 220290.000000 3 5
3180.490000 188857.370000 220290.000000 5 5
3048.070000 187491.900000 220290.000000 7 5
3045.250000 187461.560000 220290.000000 5 5
3043.030000 187437.560000 220290.000000 3 5
3011.300000 187091.370000 220290.000000 5 5
2964.820000 186570.980000 220290.000000 7 5
2959.610000 186511.580000 220290.000000 5 5
1868.310000 166765.660000 220290.000000 3 5
1534.610000 155126.730000 220290.000000 3 5
1406.430000 149187.800000 220290.000000 3 5
1404.230000 149076.520000 220290.000000 5 5
1401.550000 148940.170000 220290.000000 3 5
1314.020000 144187.940000 220290.000000 5 5
12913.380000 211336.160000 219077.950000 3 1
12006.540000 210751.430000 219077.950000 3 1
11311.530000 210239.830000 219077.950000 3 1
4711.380000 197858.690000 219077.950000 3 1
4445.990000 196592.070000 219077.950000 3 1
3452.320000 190120.240000 219077.950000 3 1
3313.730000 188909.170000 219077.950000 3 1
3159.600000 187437.560000 219077.950000 3 1
1911.600000 166765.660000 219077.950000 3 1
1563.690000 155126.730000 219077.950000 3 1
1430.820000 149187.800000 219077.950000 3 1
1425.770000 148940.170000 219077.950000 3 1
14310.150000 211336.160000 218322.300000 3 5
13849.180000 211103.630000 218322.300000 7 5
13204.910000 210751.430000 218322.300000 3 5
13124.870000 210705.260000 218322.300000 5 5
12464.460000 210301.680000 218322.300000 7 5
12409.310000 210266.040000 218322.300000 5 5
12369.070000 210239.830000 218322.300000 3 5
11906.410000 209925.760000 218322.300000 5 5
11645.950000 209737.970000 218322.300000 7 5
11559.340000 209673.650000 218322.300000 5 5
4885.360000 197858.690000 218322.300000 3 5
4626.030000 196711.540000 218322.300000 5 5
4600.600000 196592.070000 218322.300000 3 5
3544.830000 190120.240000 218322.300000 3 5
3448.820000 189335.160000 218322.300000 7 5
3398.870000 188909.170000 218322.300000 3 5
3392.890000 188857.370000 218322.300000 5 5
3242.620000 187491.900000 218322.300000 7 5
3239.430000 187461.560000 218322.300000 5 5
3236.910000 187437.560000 218322.300000 3 5
3201.030000 187091.370000 218322.300000 5 5
3148.560000 186570.980000 218322.300000 7 5
3142.680000 186511.580000 218322.300000 5 5
1939.610000 166765.660000 218322.300000 3 5
1582.390000 155126.730000 218322.300000 3 5
1446.460000 149187.800000 218322.300000 3 5
1444.130000 149076.520000 218322.300000 5 5
1441.290000 148940.170000 218322.300000 3 5
1348.900000 144187.940000 218322.300000 5 5
16329.010000 211336.160000 217458.560000 3 3
14961.250000 210776.450000 217458.560000 1 3
14905.440000 210751.430000 217458.560000 3 3
14803.540000 210705.260000 217458.560000 5 3
13899.540000 210266.040000 217458.560000 5 3
13849.070000 210239.830000 217458.560000 3 3
13271.650000 209925.760000 217458.560000 5 3
12841.860000 209673.650000 217458.560000 5 3
5100.650000 197858.690000 217458.560000 3 3
4818.620000 196711.540000 217458.560000 5 3
4791.030000 196592.070000 217458.560000 3 3
4779.160000 196540.230000 217458.560000 1 3
3656.830000 190120.240000 217458.560000 3 3
3505.150000 188937.240000 217458.560000 1 3
3501.700000 188909.170000 217458.560000 3 3
3495.360000 188857.370000 217458.560000 5 3
3332.710000 187461.560000 217458.560000 5 3
3330.040000 187437.560000 217458.560000 3 3
3292.080000 187091.370000 217458.560000 5 3
3230.400000 186511.580000 217458.560000 5 3
1972.660000 166765.660000 217458.560000 3 3
1604.320000 155126.730000 217458.560000 3 3
1464.760000 149187.800000 217458.560000 3 3
1462.370000 149076.520000 217458.560000 5 3
1459.460000 148940.170000 217458.560000 3 3
1458.790000 148908.590000 217458.560000 1 3
1364.800000 144187.940000 217458.560000 5 3
16687.420000 211336.160000 217327.060000 3 5
16063.910000 211103.630000 217327.060000 7 5
15203.510000 210751.430000 217327.060000 3 5
15097.500000 210705.260000 217327.060000 5 5
14230.210000 210301.680000 217327.060000 7 5
14158.380000 210266.040000 217327.060000 5 5
14106.020000 210239.830000 217327.060000 3 5
13507.440000 209925.760000 217327.060000 5 5
13173.200000 209737.970000 217327.060000 7 5
13062.490000 209673.650000 217327.060000 5 5
5135.110000 197858.690000 217327.060000 3 5
4849.360000 196711.540000 217327.060000 5 5
4821.420000 196592.070000 217327.060000 3 5
3674.500000 190120.240000 217327.060000 3 5
3571.440000 189335.160000 217327.060000 7 5
3517.900000 188909.170000 217327.060000 3 5
3511.500000 188857.370000 217327.060000 5 5
3350.790000 187491.900000 217327.060000 7 5
3347.380000 187461.560000 217327.060000 5 5
3344.690000 187437.560000 217327.060000 3 5
3306.400000 187091.370000 217327.060000 5 5
3250.450000 186570.980000 217327.060000 7 5
3244.190000 186511.580000 217327.060000 5 5
1977.790000 166765.660000 217327.060000 3 5
1607.710000 155126.730000 217327.060000 3 5
1467.580000 149187.800000 217327.060000 3 5
1465.190000 149076.520000 217327.060000 5 5
1462.270000 148940.170000 217327.060000 3 5
1367.260000 144187.940000 217327.060000 5 5
16779.710000 211336.160000 217294.110000 3 3
15338.740000 210776.450000 217294.110000 1 3
15280.080000 210751.430000 217294.110000 3 3
15173.010000 210705.260000 217294.110000 5 3
14224.770000 210266.040000 217294.110000 5 3
14171.920000 210239.830000 217294.110000 3 3
13567.850000 209925.760000 217294.110000 5 3
13118.980000 209673.650000 217294.110000 5 3
5143.810000 197858.690000 217294.110000 3 3
4857.120000 196711.540000 217294.110000 5 3
4829.090000 196592.070000 217294.110000 3 3
4817.030000 196540.230000 217294.110000 1 3
3678.960000 190120.240000 217294.110000 3 3
3525.470000 188937.240000 217294.110000 1 3
3521.990000 188909.170000 217294.110000 3 3
3515.570000 188857.370000 217294.110000 5 3
3351.080000 187461.560000 217294.110000 5 3
3348.390000 187437.560000 217294.110000 3 3
3310.000000 187091.370000 217294.110000 5 3
3247.660000 186511.580000 217294.110000 5 3
1979.080000 166765.660000 217294.110000 3 3
1608.560000 155126.730000 217294.110000 3 3
1468.290000 149187.800000 217294.110000 3 3
1465.900000 149076.520000 217294.110000 5 3
1462.970000 148940.170000 217294.110000 3 3
1462.300000 148908.590000 217294.110000 1 3
1367.870000 144187.940000 217294.110000 5 3
17079.930000 211336.160000 217189.390000 3 1
15528.640000 210751.430000 217189.390000 3 1
14385.480000 210239.830000 217189.390000 3 1
5171.680000 197858.690000 217189.390000 3 1
4853.650000 196592.070000 217189.390000 3 1
3693.190000 190120.240000 217189.390000 3 1
3535.030000 188909.170000 217189.390000 3 1
3360.170000 187437.560000 217189.390000 3 1
1983.190000 166765.660000 217189.390000 3 1
1611.270000 155126.730000 217189.390000 3 1
1470.550000 149187.800000 217189.390000 3 1
1465.220000 148940.170000 217189.390000 3 1
16561.620000 211103.630000 217140.040000 7 7
15536.310000 210705.260000 217140.040000 5 7
14619.400000 210301.680000 217140.040000 7 7
14543.600000 210266.040000 217140.040000 5 7
13857.610000 209925.760000 217140.040000 5 7
13664.700000 209823.910000 217140.040000 9 7
13506.050000 209737.970000 217140.040000 7 7
13389.700000 209673.650000 217140.040000 5 7
4893.760000 196711.540000 217140.040000 5 7
3595.470000 189335.160000 217140.040000 7 7
3534.720000 188857.370000 217140.040000 5 7
3371.920000 187491.900000 217140.040000 7 7
3368.480000 187461.560000 217140.040000 5 7
3326.980000 187091.370000 217140.040000 5 7
3279.080000 186652.490000 217140.040000 9 7
3270.340000 186570.980000 217140.040000 7 7
3264.000000 186511.580000 217140.040000 5 7
1469.220000 149076.520000 217140.040000 5 7
1370.760000 144187.940000 217140.040000 5 7
17643.530000 211336.160000 217002.410000 3 5
16948.020000 211103.630000 217002.410000 7 5
15993.120000 210751.430000 217002.410000 3 5
15875.860000 210705.260000 217002.410000 5 5
14919.660000 210301.680000 217002.410000 7 5
14840.730000 210266.040000 217002.410000 5 5
14783.210000 210239.830000 217002.410000 3 5
14127.110000 209925.760000 217002.410000 5 5
13761.920000 209737.970000 217002.410000 7 5
13641.140000 209673.650000 217002.410000 5 5
5222.190000 197858.690000 217002.410000 3 5
4926.950000 196711.540000 217002.410000 5 5
4898.110000 196592.070000 217002.410000 3 5
3718.880000 190120.240000 217002.410000 3 5
3613.350000 189335.160000 217002.410000 7 5
3558.560000 188909.170000 217002.410000 3 5
3552.010000 188857.370000 217002.410000 5 5
3387.650000 187491.900000 217002.410000 7 5
3384.170000 187461.560000 217002.410000 5 5
3381.420000 187437.560000 217002.410000 3 5
3342.290000 187091.370000 217002.410000 5 5
3285.130000 186570.980000 217002.410000 7 5
3278.730000 186511.580000 217002.410000 5 5
1990.570000 166765.660000 217002.410000 3 5
1616.140000 155126.730000 217002.410000 3 5
1474.610000 149187.800000 217002.410000 3 5
1472.190000 149076.520000 217002.410000 5 5
1469.240000 148940.170000 217002.410000 3 5
1373.350000 144187.940000 217002.410000 5 5
17718.650000 211336.160000 216978.390000 3 3
16119.580000 210776.450000 216978.390000 1 3
16054.810000 210751.430000 216978.390000 3 3
15936.650000 210705.260000 216978.390000 5 3
14893.840000 210266.040000 216978.390000 5 3
14835.910000 210239.830000 216978.390000 3 3
14175.230000 209925.760000 216978.390000 5 3
13686.000000 209673.650000 216978.390000 5 3
5228.750000 197858.690000 216978.390000 3 3
4932.790000 196711.540000 216978.390000 5 3
4903.880000 196592.070000 216978.390000 3 3
4891.440000 196540.230000 216978.390000 1 3
3722.210000 190120.240000 216978.390000 3 3
3565.170000 188937.240000 216978.390000 1 3
3561.600000 188909.170000 216978.390000 3 3
3555.040000 188857.370000 216978.390000 5 3
3386.930000 187461.560000 216978.390000 5 3
3384.170000 187437.560000 216978.390000 3 3
3344.970000 187091.370000 216978.390000 5 3
3281.310000 186511.580000 216978.390000 5 3
1991.530000 166765.660000 216978.390000 3 3
1616.770000 155126.730000 216978.390000 3 3
1475.130000 149187.800000 216978.390000 3 3
1472.710000 149076.520000 216978.390000 5 3
1469.760000 148940.170000 216978.390000 3 3
1469.080000 148908.590000 216978.390000 1 3
1373.810000 144187.940000 216978.390000 5 3
18555.930000 211336.160000 216723.800000 3 3
16809.620000 210776.450000 216723.800000 1 3
16739.200000 210751.430000 216723.800000 3 3
16610.780000 210705.260000 216723.800000 5 3
15481.010000 210266.040000 216723.800000 5 3
15418.430000 210239.830000 216723.800000 3 3
14706.100000 209925.760000 216723.800000 5 3
14180.220000 209673.650000 216723.800000 5 3
5299.320000 197858.690000 216723.800000 3 3
4995.540000 196711.540000 216723.800000 5 3
4965.900000 196592.070000 216723.800000 3 3
4953.140000 196540.230000 216723.800000 1 3
3757.830000 190120.240000 216723.800000 3 3
3597.840000 188937.240000 216723.800000 1 3
3594.200000 188909.170000 216723.800000 3 3
3587.520000 188857.370000 216723.800000 5 3
3416.390000 187461.560000 216723.800000 5 3
3413.590000 187437.560000 216723.800000 3 3
3373.710000 187091.370000 216723.800000 5 3
3308.970000 186511.580000 216723.800000 5 3
2001.030000 166765.660000 216723.800000 3 3
1623.450000 155126.730000 216723.800000 3 3
1480.690000 149187.800000 216723.800000 3 3
1478.260000 149076.520000 216723.800000 5 3
1475.280000 148940.170000 216723.800000 3 3
1474.600000 148908.590000 216723.800000 1 3
1378.630000 144187.940000 216723.800000 5 3
12624.500000 206910.240000 214829.180000 1 3
10896.250000 205654.220000 214829.180000 5 3
10829.850000 205597.970000 214829.180000 3 3
10546.750000 205350.180000 214829.180000 5 3
8853.770000 203537.660000 214829.180000 3 3
8640.520000 203258.980000 214829.180000 5 3
8588.600000 203189.030000 214829.180000 3 3
8569.050000 203162.480000 214829.180000 1 3
8286.900000 202765.260000 214829.180000 5 3
8251.920000 202714.120000 214829.180000 3 3
7897.630000 202170.630000 214829.180000 3 3
2734.730000 178273.380000 214829.180000 1 3
2461.270000 174212.030000 214829.180000 5 3
2263.640000 170666.230000 214829.180000 5 3
2260.650000 170607.890000 214829.180000 3 3
2258.850000 170572.610000 214829.180000 1 3
2176.210000 168892.210000 214829.180000 3 3
2072.020000 166582.450000 214829.180000 5 3
2069.410000 166521.690000 214829.180000 3 3
1991.300000 164610.760000 214829.180000 3 3
11545.090000 205724.810000 214384.130000 7 5
11451.740000 205654.220000 214384.130000 5 5
11378.420000 205597.970000 214384.130000 3 5
11066.320000 205350.180000 214384.130000 5 5
9217.060000 203537.660000 214384.130000 3 5
8986.180000 203258.980000 214384.130000 5 5
8930.030000 203189.030000 214384.130000 3 5
8676.090000 202861.360000 214384.130000 7 5
8604.330000 202765.260000 214384.130000 5 5
8566.620000 202714.120000 214384.130000 3 5
8185.410000 202170.630000 214384.130000 3 5
2488.540000 174212.030000 214384.130000 5 5
2286.690000 170666.230000 214384.130000 5 5
2283.640000 170607.890000 214384.130000 3 5
2197.510000 168892.210000 214384.130000 3 5
2095.530000 166678.640000 214384.130000 7 5
2091.310000 166582.450000 214384.130000 5 5
2088.660000 166521.690000 214384.130000 3 5
2008.460000 164610.760000 214384.130000 3 5
13606.440000 206910.240000 214257.690000 1 3
11620.040000 205654.220000 214257.690000 5 3
11544.560000 205597.970000 214257.690000 3 3
11223.410000 205350.180000 214257.690000 5 3
9325.770000 203537.660000 214257.690000 3 3
9089.480000 203258.980000 214257.690000 5 3
9032.040000 203189.030000 214257.690000 3 3
9010.420000 203162.480000 214257.690000 1 3
8698.990000 202765.260000 214257.690000 5 3
8660.450000 202714.120000 214257.690000 3 3
8271.040000 202170.630000 214257.690000 3 3
2778.170000 178273.380000 214257.690000 1 3
2496.400000 174212.030000 214257.690000 5 3
2293.320000 170666.230000 214257.690000 5 3
2290.260000 170607.890000 214257.690000 3 3
2288.410000 170572.610000 214257.690000 1 3
2203.630000 168892.210000 214257.690000 3 3
2096.860000 166582.450000 214257.690000 5 3
2094.190000 166521.690000 214257.690000 3 3
2013.570000 164610.760000 214257.690000 3 3
11605.850000 205597.970000 214211.960000 3 1
9365.730000 203537.660000 214211.960000 3 1
9069.510000 203189.030000 214211.960000 3 1
8694.900000 202714.120000 214211.960000 3 1
8302.450000 202170.630000 214211.960000 3 1
2292.660000 170607.890000 214211.960000 3 1
2205.860000 168892.210000 214211.960000 3 1
2096.200000 166521.690000 214211.960000 3 1
2015.430000 164610.760000 214211.960000 3 1
7156.750000 197858.690000 211827.670000 3 5
6613.620000 196711.540000 211827.670000 5 5
6561.760000 196592.070000 211827.670000 3 5
2218.470000 166765.660000 211827.670000 3 5
1763.640000 155126.730000 211827.670000 3 5
1596.430000 149187.800000 211827.670000 3 5
1593.600000 149076.520000 211827.670000 5 5
1590.140000 148940.170000 211827.670000 3 5
1478.420000 144187.940000 211827.670000 5 5
7181.540000 197858.690000 211779.450000 3 3
6634.790000 196711.540000 211779.450000 5 3
6582.600000 196592.070000 211779.450000 3 3
6560.200000 196540.230000 211779.450000 1 3
2220.850000 166765.660000 211779.450000 3 3
1765.140000 155126.730000 211779.450000 3 3
1597.660000 149187.800000 211779.450000 3 3
1594.820000 149076.520000 211779.450000 5 3
1591.360000 148940.170000 211779.450000 3 3
1590.560000 148908.590000 211779.450000 1 3
1479.480000 144187.940000 211779.450000 5 3
7197.100000 197858.690000 211749.350000 3 1
6595.670000 196592.070000 211749.350000 3 1
2222.340000 166765.660000 211749.350000 3 1
1766.080000 155126.730000 211749.350000 3 1
1598.430000 149187.800000 211749.350000 3 1
1592.120000 148940.170000 211749.350000 3 1
4678.130000 190120.240000 211490.300000 3 5
4512.360000 189335.160000 211490.300000 7 5
4427.230000 188909.170000 211490.300000 3 5
4417.100000 188857.370000 211490.300000 5 5
4165.770000 187491.900000 211490.300000 7 5
4160.510000 187461.560000 211490.300000 5 5
4156.360000 187437.560000 211490.300000 3 5
4097.380000 187091.370000 211490.300000 5 5
4011.820000 186570.980000 211490.300000 7 5
4002.280000 186511.580000 211490.300000 5 5
4678.950000 190120.240000 211486.580000 3 3
4433.470000 188937.240000 211486.580000 1 3
4427.960000 188909.170000 211486.580000 3 3
4417.830000 188857.370000 211486.580000 5 3
4161.150000 187461.560000 211486.580000 5 3
4157.000000 187437.560000 211486.580000 3 3
4098.010000 187091.370000 211486.580000 5 3
4002.870000 186511.580000 211486.580000 5 3
4694.640000 190120.240000 211415.160000 3 5
4527.720000 189335.160000 211415.160000 7 5
4442.010000 188909.170000 211415.160000 3 5
4431.810000 188857.370000 211415.160000 5 5
4178.850000 187491.900000 211415.160000 7 5
4173.560000 187461.560000 211415.160000 5 5
4169.380000 187437.560000 211415.160000 3 5
4110.040000 187091.370000 211415.160000 5 5
4023.950000 186570.980000 211415.160000 7 5
4014.350000 186511.580000 211415.160000 5 5
4528.680000 189335.160000 211410.470000 7 7
4432.740000 188857.370000 211410.470000 5 7
4179.670000 187491.900000 211410.470000 7 7
4174.380000 187461.560000 211410.470000 5 7
4110.830000 187091.370000 211410.470000 5 7
4037.960000 186652.490000 211410.470000 9 7
4024.710000 186570.980000 211410.470000 7 7
4015.110000 186511.580000 211410.470000 5 7
4530.410000 189335.160000 211402.030000 7 9
4181.150000 187491.900000 211402.030000 7 9
4039.340000 186652.490000 211402.030000 9 9
4026.080000 186570.980000 211402.030000 7 9
4041.310000 186652.490000 211389.950000 9 11
16701.140000 205350.180000 211336.160000 5 3
12819.470000 203537.660000 211336.160000 3 3
12377.170000 203258.980000 211336.160000 5 3
12270.900000 203189.030000 211336.160000 3 3
12231.040000 203162.480000 211336.160000 1 3
11664.190000 202765.260000 211336.160000 5 3
11595.010000 202714.120000 211336.160000 3 3
10907.460000 202170.630000 211336.160000 3 3
3023.670000 178273.380000 211336.160000 1 3
2692.870000 174212.030000 211336.160000 5 3
2458.080000 170666.230000 211336.160000 5 3
2454.550000 170607.890000 211336.160000 3 3
2452.430000 170572.610000 211336.160000 1 3
2355.330000 168892.210000 211336.160000 3 3
2233.760000 166582.450000 211336.160000 5 3
2230.730000 166521.690000 211336.160000 3 3
2139.490000 164610.760000 211336.160000 3 3
4552.520000 189335.160000 211294.850000 7 9
4199.980000 187491.900000 211294.850000 7 9
4056.910000 186652.490000 211294.850000 9 9
4043.530000 186570.980000 211294.850000 7 9
4554.100000 189335.160000 211287.230000 7 7
4457.090000 188857.370000 211287.230000 5 7
4201.320000 187491.900000 211287.230000 7 7
4195.970000 187461.560000 211287.230000 5 7
4131.770000 187091.370000 211287.230000 5 7
4058.160000 186652.490000 211287.230000 9 7
4044.780000 186570.980000 211287.230000 7 7
4035.080000 186511.580000 211287.230000 5 7
17376.130000 205350.180000 211103.630000 5 7
12744.050000 203258.980000 211103.630000 5 7
12129.260000 202861.360000 211103.630000 7 7
11989.470000 202765.260000 211103.630000 5 7
2709.840000 174212.030000 211103.630000 5 7
2472.210000 170666.230000 211103.630000 5 7
2250.290000 166678.640000 211103.630000 7 7
2245.430000 166582.450000 211103.630000 5 7
4601.690000 189335.160000 211060.240000 7 9
4241.790000 187491.900000 211060.240000 7 9
4095.900000 186652.490000 211060.240000 9 9
4082.270000 186570.980000 211060.240000 7 9
4602.530000 189335.160000 211056.260000 7 7
4503.470000 188857.370000 211056.260000 5 7
4242.500000 187491.900000 211056.260000 7 7
4237.050000 187461.560000 211056.260000 5 7
4171.600000 187091.370000 211056.260000 5 7
4096.570000 186652.490000 211056.260000 9 7
4082.930000 186570.980000 211056.260000 7 7
4073.050000 186511.580000 211056.260000 5 7
4780.450000 190120.240000 211032.930000 3 5
4607.480000 189335.160000 211032.930000 7 5
4518.760000 188909.170000 211032.930000 3 5
4508.200000 188857.370000 211032.930000 5 5
4246.710000 187491.900000 211032.930000 7 5
4241.240000 187461.560000 211032.930000 5 5
4236.930000 187437.560000 211032.930000 3 5
4175.660000 187091.370000 211032.930000 5 5
4086.830000 186570.980000 211032.930000 7 5
4076.930000 186511.580000 211032.930000 5 5
4608.090000 189335.160000 211030.070000 7 7
4508.790000 188857.370000 211030.070000 5 7
4247.220000 187491.900000 211030.070000 7 7
4241.760000 187461.560000 211030.070000 5 7
4176.160000 187091.370000 211030.070000 5 7
4100.970000 186652.490000 211030.070000 9 7
4087.310000 186570.980000 211030.070000 7 7
4077.400000 186511.580000 211030.070000 5 7
13810.690000 203537.660000 210776.450000 3 1
13176.110000 203189.030000 210776.450000 3 1
12399.970000 202714.120000 210776.450000 3 1
11616.860000 202170.630000 210776.450000 3 1
2488.760000 170607.890000 210776.450000 3 1
2386.810000 168892.210000 210776.450000 3 1
2258.940000 166521.690000 210776.450000 3 1
2165.430000 164610.760000 210776.450000 3 1
18509.180000 205350.180000 210751.430000 5 3
13858.590000 203537.660000 210751.430000 3 3
13343.120000 203258.980000 210751.430000 5 3
13219.700000 203189.030000 210751.430000 3 3
13173.450000 203162.480000 210751.430000 1 3
12518.220000 202765.260000 210751.430000 5 3
12438.570000 202714.120000 210751.430000 3 3
11650.740000 202170.630000 210751.430000 3 3
3078.110000 178273.380000 210751.430000 1 3
2735.960000 174212.030000 210751.430000 5 3
2493.930000 170666.230000 210751.430000 5 3
2490.310000 170607.890000 210751.430000 3 3
2488.120000 170572.610000 210751.430000 1 3
2388.230000 168892.210000 210751.430000 3 3
2263.330000 166582.450000 210751.430000 5 3
2260.220000 166521.690000 210751.430000 3 3
2166.610000 164610.760000 210751.430000 3 3
18668.760000 205350.180000 210705.260000 5 5
13947.860000 203537.660000 210705.260000 3 5
13425.850000 203258.980000 210705.260000 5 5
13300.900000 203189.030000 210705.260000 3 5
12745.270000 202861.360000 210705.260000 7 5
12591.010000 202765.260000 210705.260000 5 5
12510.440000 202714.120000 210705.260000 3 5
11713.760000 202170.630000 210705.260000 3 5
2739.420000 174212.030000 210705.260000 5 5
2496.810000 170666.230000 210705.260000 5 5
2493.180000 170607.890000 210705.260000 3 5
2390.870000 168892.210000 210705.260000 3 5
2270.650000 166678.640000 210705.260000 7 5
2265.700000 166582.450000 210705.260000 5 5
2262.580000 166521.690000 210705.260000 3 5
2168.780000 164610.760000 210705.260000 3 5
14195.220000 203258.980000 210301.680000 5 7
13436.610000 202861.360000 210301.680000 7 7
13265.270000 202765.260000 210301.680000 5 7
2770.060000 174212.030000 210301.680000 5 7
2522.240000 170666.230000 210301.680000 5 7
2291.660000 166678.640000 210301.680000 7 7
2286.620000 166582.450000 210301.680000 5 7
14858.360000 203537.660000 210266.040000 3 5
14267.420000 203258.980000 210266.040000 5 5
14126.400000 203189.030000 210266.040000 3 5
13501.280000 202861.360000 210266.040000 7 5
13328.300000 202765.260000 210266.040000 5 5
13238.050000 202714.120000 210266.040000 3 5
12349.300000 202170.630000 210266.040000 3 5
2772.800000 174212.030000 210266.040000 5 5
2524.510000 170666.230000 210266.040000 5 5
2520.790000 170607.890000 210266.040000 3 5
2416.250000 168892.210000 210266.040000 3 5
2293.530000 166678.640000 210266.040000 7 5
2288.480000 166582.450000 210266.040000 5 5
2285.300000 166521.690000 210266.040000 3 5
2189.640000 164610.760000 210266.040000 3 5
14916.460000 203537.660000 210239.830000 3 3
14320.990000 203258.980000 210239.830000 5 3
14178.910000 203189.030000 210239.830000 3 3
14125.720000 203162.480000 210239.830000 1 3
13375.040000 202765.260000 210239.830000 5 3
13284.150000 202714.120000 210239.830000 3 3
12389.410000 202170.630000 210239.830000 3 3
3127.370000 178273.380000 210239.830000 1 3
2774.820000 174212.030000 210239.830000 5 3
2526.180000 170666.230000 210239.830000 5 3
2522.460000 170607.890000 210239.830000 3 3
2520.210000 170572.610000 210239.830000 1 3
2417.780000 168892.210000 210239.830000 3 3
2289.860000 166582.450000 210239.830000 5 3
2286.670000 166521.690000 210239.830000 3 3
2190.900000 164610.760000 210239.830000 3 3
15649.830000 203537.660000 209925.760000 3 5
14995.650000 203258.980000 209925.760000 5 5
14839.940000 203189.030000 209925.760000 3 5
14151.620000 202861.360000 209925.760000 7 5
13961.690000 202765.260000 209925.760000 5 5
13862.680000 202714.120000 209925.760000 3 5
12891.160000 202170.630000 209925.760000 3 5
2799.220000 174212.030000 209925.760000 5 5
2546.390000 170666.230000 209925.760000 5 5
2542.610000 170607.890000 209925.760000 3 5
2436.290000 168892.210000 209925.760000 3 5
2311.580000 166678.640000 209925.760000 7 5
2306.450000 166582.450000 209925.760000 5 5
2303.220000 166521.690000 209925.760000 3 5
2206.090000 164610.760000 209925.760000 3 5
14358.630000 202861.360000 209823.910000 7 9
2317.040000 166678.640000 209823.910000 7 9
15430.290000 203258.980000 209737.970000 5 7
14538.080000 202861.360000 209737.970000 7 7
14337.710000 202765.260000 209737.970000 5 7
2814.020000 174212.030000 209737.970000 5 7
2558.630000 170666.230000 209737.970000 5 7
2321.660000 166678.640000 209737.970000 7 7
2316.490000 166582.450000 209737.970000 5 7
16292.840000 203537.660000 209673.650000 3 5
15585.010000 203258.980000 209673.650000 5 5
15416.890000 203189.030000 209673.650000 3 5
14675.340000 202861.360000 209673.650000 7 5
14471.200000 202765.260000 209673.650000 5 5
14364.860000 202714.120000 209673.650000 3 5
13324.320000 202170.630000 209673.650000 3 5
2819.120000 174212.030000 209673.650000 5 5
2562.850000 170666.230000 209673.650000 5 5
2559.020000 170607.890000 209673.650000 3 5
2451.350000 168892.210000 209673.650000 3 5
2325.140000 166678.640000 209673.650000 7 5
2319.950000 166582.450000 209673.650000 5 5
2316.680000 166521.690000 209673.650000 3 5
2218.430000 164610.760000 209673.650000 3 5
11044.810000 197858.690000 206910.240000 3 1
9688.980000 196592.070000 206910.240000 3 1
5954.280000 190120.240000 206910.240000 3 1
5553.680000 188909.170000 206910.240000 3 1
5133.970000 187437.560000 206910.240000 3 1
2490.240000 166765.660000 206910.240000 3 1
1931.120000 155126.730000 206910.240000 3 1
1732.430000 149187.800000 206910.240000 3 1
1725.030000 148940.170000 206910.240000 3 1
1023.610000 109216.600000 206910.240000 3 1
11091.710000 196711.540000 205724.810000 5 7
1765.280000 149076.520000 205724.810000 5 7
1625.040000 144187.940000 205724.810000 5 7
1036.190000 109217.600000 205724.810000 5 7
12824.350000 197858.690000 205654.220000 3 5
11179.270000 196711.540000 205654.220000 5 5
11031.890000 196592.070000 205654.220000 3 5
2570.680000 166765.660000 205654.220000 3 5
1979.120000 155126.730000 205654.220000 3 5
1770.960000 149187.800000 205654.220000 3 5
1767.480000 149076.520000 205654.220000 5 5
1763.230000 148940.170000 205654.220000 3 5
1626.910000 144187.940000 205654.220000 5 5
1036.950000 109217.600000 205654.220000 5 5
1036.940000 109216.600000 205654.220000 3 5
12917.560000 197858.690000 205597.970000 3 3
11250.030000 196711.540000 205597.970000 5 3
11100.790000 196592.070000 205597.970000 3 3
11037.260000 196540.230000 205597.970000 1 3
2574.400000 166765.660000 205597.970000 3 3
1981.330000 155126.730000 205597.970000 3 3
1772.730000 149187.800000 205597.970000 3 3
1769.240000 149076.520000 205597.970000 5 3
1764.980000 148940.170000 205597.970000 3 3
1764.000000 148908.590000 205597.970000 1 3
1628.400000 144187.940000 205597.970000 5 3
1037.620000 109223.500000 205597.970000 1 3
1037.560000 109217.600000 205597.970000 5 3
1037.540000 109216.600000 205597.970000 3 3
13344.830000 197858.690000 205350.180000 3 5
11572.730000 196711.540000 205350.180000 5 5
11414.860000 196592.070000 205350.180000 3 5
6564.200000 190120.240000 205350.180000 3 5
6242.410000 189335.160000 205350.180000 7 5
6080.670000 188909.170000 205350.180000 3 5
6061.570000 188857.370000 205350.180000 5 5
5598.090000 187491.900000 205350.180000 7 5
5588.590000 187461.560000 205350.180000 5 5
5581.110000 187437.560000 205350.180000 3 5
5475.290000 187091.370000 205350.180000 5 5
5323.560000 186570.980000 205350.180000 7 5
5306.770000 186511.580000 205350.180000 5 5
2590.940000 166765.660000 205350.180000 3 5
1991.100000 155126.730000 205350.180000 3 5
1780.550000 149187.800000 205350.180000 3 5
1777.030000 149076.520000 205350.180000 5 5
1772.740000 148940.170000 205350.180000 3 5
1635.000000 144187.940000 205350.180000 5 5
1040.230000 109217.600000 205350.180000 5 5
1040.220000 109216.600000 205350.180000 3 5
17604.020000 197858.690000 203537.660000 3 3
14645.610000 196711.540000 203537.660000 5 3
14393.690000 196592.070000 203537.660000 3 3
14287.060000 196540.230000 203537.660000 1 3
7450.950000 190120.240000 203537.660000 3 3
6847.230000 188937.240000 203537.660000 1 3
6834.090000 188909.170000 203537.660000 3 3
6809.980000 188857.370000 203537.660000 5 3
6218.690000 187461.560000 203537.660000 5 3
6209.420000 187437.560000 203537.660000 3 3
6078.720000 187091.370000 203537.660000 5 3
5871.710000 186511.580000 203537.660000 5 3
2718.650000 166765.660000 203537.660000 3 3
2064.990000 155126.730000 203537.660000 3 3
1839.930000 149187.800000 203537.660000 3 3
1836.170000 149076.520000 203537.660000 5 3
1831.590000 148940.170000 203537.660000 3 3
1830.530000 148908.590000 203537.660000 1 3
1684.930000 144187.940000 203537.660000 5 3
1060.290000 109223.500000 203537.660000 1 3
1060.220000 109217.600000 203537.660000 5 3
1060.210000 109216.600000 203537.660000 3 3
18512.470000 197858.690000 203258.980000 3 5
15268.970000 196711.540000 203258.980000 5 5
14995.350000 196592.070000 203258.980000 3 5
7608.990000 190120.240000 203258.980000 3 5
7179.960000 189335.160000 203258.980000 7 5
6966.810000 188909.170000 203258.980000 3 5
6941.750000 188857.370000 203258.980000 5 5
6340.580000 187491.900000 203258.980000 7 5
6328.400000 187461.560000 203258.980000 5 5
6318.800000 187437.560000 203258.980000 3 5
6183.490000 187091.370000 203258.980000 5 5
5990.670000 186570.980000 203258.980000 7 5
5969.420000 186511.580000 203258.980000 5 5
2739.420000 166765.660000 203258.980000 3 5
2076.950000 155126.730000 203258.980000 3 5
1849.410000 149187.800000 203258.980000 3 5
1845.620000 149076.520000 203258.980000 5 5
1840.980000 148940.170000 203258.980000 3 5
1692.880000 144187.940000 203258.980000 5 5
1063.360000 109217.600000 203258.980000 5 5
1063.350000 109216.600000 203258.980000 3 5
18755.410000 197858.690000 203189.030000 3 3
15433.860000 196711.540000 203189.030000 5 3
15154.360000 196592.070000 203189.030000 3 3
15036.200000 196540.230000 203189.030000 1 3
7649.710000 190120.240000 203189.030000 3 3
7014.730000 188937.240000 203189.030000 1 3
7000.940000 188909.170000 203189.030000 3 3
6975.630000 188857.370000 203189.030000 5 3
6356.540000 187461.560000 203189.030000 5 3
6346.860000 187437.560000 203189.030000 3 3
6210.360000 187091.370000 203189.030000 5 3
5994.460000 186511.580000 203189.030000 5 3
2744.680000 166765.660000 203189.030000 3 3
2079.970000 155126.730000 203189.030000 3 3
1851.810000 149187.800000 203189.030000 3 3
1848.000000 149076.520000 203189.030000 5 3
1843.360000 148940.170000 203189.030000 3 3
1842.280000 148908.590000 203189.030000 1 3
1694.880000 144187.940000 203189.030000 5 3
1064.220000 109223.500000 203189.030000 1 3
1064.150000 109217.600000 203189.030000 5 3
1064.140000 109216.600000 203189.030000 3 3
18849.290000 197858.690000 203162.480000 3 1
15215.590000 196592.070000 203162.480000 3 1
7665.280000 190120.240000 203162.480000 3 1
7013.980000 188909.170000 203162.480000 3 1
6357.570000 187437.560000 203162.480000 3 1
2746.680000 166765.660000 203162.480000 3 1
2081.120000 155126.730000 203162.480000 3 1
1852.720000 149187.800000 203162.480000 3 1
1844.260000 148940.170000 203162.480000 3 1
1064.440000 109216.600000 203162.480000 3 1
16256.200000 196711.540000 202861.360000 5 7
7391.020000 189335.160000 202861.360000 7 7
7138.850000 188857.370000 202861.360000 5 7
6504.610000 187491.900000 202861.360000 7 7
6491.800000 187461.560000 202861.360000 5 7
6339.410000 187091.370000 202861.360000 5 7
6167.750000 186652.490000 202861.360000 9 7
6136.890000 186570.980000 202861.360000 7 7
6114.600000 186511.580000 202861.360000 5 7
1859.260000 149076.520000 202861.360000 5 7
1704.350000 144187.940000 202861.360000 5 7
1067.880000 109217.600000 202861.360000 5 7
16514.260000 196711.540000 202765.260000 5 5
16194.660000 196592.070000 202765.260000 3 5
7906.080000 190120.240000 202765.260000 3 5
7443.910000 189335.160000 202765.260000 7 5
7215.050000 188909.170000 202765.260000 3 5
7188.180000 188857.370000 202765.260000 5 5
6545.540000 187491.900000 202765.260000 7 5
6532.560000 187461.560000 202765.260000 5 5
6522.330000 187437.560000 202765.260000 3 5
6378.270000 187091.370000 202765.260000 5 5
6173.310000 186570.980000 202765.260000 7 5
6150.750000 186511.580000 202765.260000 5 5
2776.990000 166765.660000 202765.260000 3 5
2098.470000 155126.730000 202765.260000 3 5
1866.460000 149187.800000 202765.260000 3 5
1862.590000 149076.520000 202765.260000 5 5
1857.870000 148940.170000 202765.260000 3 5
1707.150000 144187.940000 202765.260000 5 5
1068.970000 109217.600000 202765.260000 5 5
1068.960000 109216.600000 202765.260000 3 5
16654.950000 196711.540000 202714.120000 5 3
16329.940000 196592.070000 202714.120000 3 3
16192.820000 196540.230000 202714.120000 1 3
7938.180000 190120.240000 202714.120000 3 3
7256.540000 188937.240000 202714.120000 1 3
7241.780000 188909.170000 202714.120000 3 3
7214.710000 188857.370000 202714.120000 5 3
6554.470000 187461.560000 202714.120000 5 3
6544.170000 187437.560000 202714.120000 3 3
6399.150000 187091.370000 202714.120000 5 3
6170.160000 186511.580000 202714.120000 5 3
2780.940000 166765.660000 202714.120000 3 3
2100.730000 155126.730000 202714.120000 3 3
1868.240000 149187.800000 202714.120000 3 3
1864.360000 149076.520000 202714.120000 5 3
1859.640000 148940.170000 202714.120000 3 3
1858.550000 148908.590000 202714.120000 1 3
1708.640000 144187.940000 202714.120000 5 3
1069.630000 109223.500000 202714.120000 1 3
1069.560000 109217.600000 202714.120000 5 3
1069.550000 109216.600000 202714.120000 3 3
18313.070000 196711.540000 202170.630000 5 3
17920.880000 196592.070000 202170.630000 3 3
17755.880000 196540.230000 202170.630000 1 3
8296.210000 190120.240000 202170.630000 3 3
7554.560000 188937.240000 202170.630000 1 3
7538.570000 188909.170000 202170.630000 3 3
7509.240000 188857.370000 202170.630000 5 3
6796.650000 187461.560000 202170.630000 5 3
6785.580000 187437.560000 202170.630000 3 3
6629.790000 187091.370000 202170.630000 5 3
6384.320000 186511.580000 202170.630000 5 3
2823.630000 166765.660000 202170.630000 3 3
2125.000000 155126.730000 202170.630000 3 3
1887.400000 149187.800000 202170.630000 3 3
1883.450000 149076.520000 202170.630000 5 3
1878.620000 148940.170000 202170.630000 3 3
1877.510000 148908.590000 202170.630000 1 3
1724.650000 144187.940000 202170.630000 5 3
1075.880000 109223.500000 202170.630000 1 3
1075.810000 109217.600000 202170.630000 5 3
1075.800000 109216.600000 202170.630000 3 3
5104.440000 178273.380000 197858.690000 1 3
4227.740000 174212.030000 197858.690000 5 3
3676.440000 170666.230000 197858.690000 5 3
3668.570000 170607.890000 197858.690000 3 3
3663.830000 170572.610000 197858.690000 1 3
3451.280000 168892.210000 197858.690000 3 3
3196.390000 166582.450000 197858.690000 5 3
3190.190000 166521.690000 197858.690000 3 3
3006.830000 164610.760000 197858.690000 3 3
4443.290000 174212.030000 196711.540000 5 5
3838.370000 170666.230000 196711.540000 5 5
3829.800000 170607.890000 196711.540000 3 5
3593.600000 168892.210000 196711.540000 3 5
3328.720000 166678.640000 196711.540000 7 5
3318.100000 166582.450000 196711.540000 5 5
3311.420000 166521.690000 196711.540000 3 5
3114.290000 164610.760000 196711.540000 3 5
5457.390000 178273.380000 196592.070000 1 3
4467.010000 174212.030000 196592.070000 5 3
3856.060000 170666.230000 196592.070000 5 3
3847.400000 170607.890000 196592.070000 3 3
3842.190000 170572.610000 196592.070000 1 3
3609.100000 168892.210000 196592.070000 3 3
3331.310000 166582.450000 196592.070000 5 3
3324.580000 166521.690000 196592.070000 3 3
3125.920000 164610.760000 196592.070000 3 3
3855.100000 170607.890000 196540.230000 3 1
3615.860000 168892.210000 196540.230000 3 1
3330.320000 166521.690000 196540.230000 3 1
3131.000000 164610.760000 196540.230000 3 1
8438.740000 178273.380000 190120.240000 1 3
6284.320000 174212.030000 190120.240000 5 3
5138.900000 170666.230000 190120.240000 5 3
5123.530000 170607.890000 190120.240000 3 3
5114.280000 170572.610000 190120.240000 1 3
4709.430000 168892.210000 190120.240000 3 3
4247.290000 166582.450000 190120.240000 5 3
4236.360000 166521.690000 190120.240000 3 3
3919.000000 164610.760000 190120.240000 3 3
6610.560000 174212.030000 189335.160000 5 7
5355.000000 170666.230000 189335.160000 5 7
4412.500000 166678.640000 189335.160000 7 7
4393.850000 166582.450000 189335.160000 5 7
5454.210000 170607.890000 188937.240000 3 1
4987.380000 168892.210000 188937.240000 3 1
4459.940000 166521.690000 188937.240000 3 1
4109.590000 164610.760000 188937.240000 3 1
9399.640000 178273.380000 188909.170000 1 3
6802.170000 174212.030000 188909.170000 5 3
5480.050000 170666.230000 188909.170000 5 3
5462.580000 170607.890000 188909.170000 3 3
5452.070000 170572.610000 188909.170000 1 3
4994.370000 168892.210000 188909.170000 3 3
4477.680000 166582.450000 188909.170000 5 3
4465.530000 166521.690000 188909.170000 3 3
4114.330000 164610.760000 188909.170000 3 3
6826.230000 174212.030000 188857.370000 5 5
5495.650000 170666.230000 188857.370000 5 5
5478.090000 170607.890000 188857.370000 3 5
5007.330000 168892.210000 188857.370000 3 5
4507.560000 166678.640000 188857.370000 7 5
4488.090000 166582.450000 188857.370000 5 5
4475.890000 166521.690000 188857.370000 3 5
4123.120000 164610.760000 188857.370000 3 5
7528.120000 174212.030000 187491.900000 5 7
5941.650000 170666.230000 187491.900000 5 7
4803.290000 166678.640000 187491.900000 7 7
4781.190000 166582.450000 187491.900000 5 7
7545.360000 174212.030000 187461.560000 5 5
5952.390000 170666.230000 187461.560000 5 5
5931.780000 170607.890000 187461.560000 3 5
5383.720000 168892.210000 187461.560000 3 5
4810.300000 166678.640000 187461.560000 7 5
4788.140000 166582.450000 187461.560000 5 5
4774.240000 166521.690000 187461.560000 3 5
4374.980000 164610.760000 187461.560000 3 5
10909.060000 178273.380000 187437.560000 1 3
7559.050000 174212.030000 187437.560000 5 3
5960.900000 170666.230000 187437.560000 5 3
5940.240000 170607.890000 187437.560000 3 3
5927.810000 170572.610000 187437.560000 1 3
5390.690000 168892.210000 187437.560000 3 3
4793.650000 166582.450000 187437.560000 5 3
4779.720000 166521.690000 187437.560000 3 3
4379.580000 164610.760000 187437.560000 3 3
7762.240000 174212.030000 187091.370000 5 5
6086.540000 170666.230000 187091.370000 5 5
6065.000000 170607.890000 187091.370000 3 5
5493.230000 168892.210000 187091.370000 3 5
4897.540000 166678.640000 187091.370000 7 5
4874.570000 166582.450000 187091.370000 5 5
4860.170000 166521.690000 187091.370000 3 5
4447.030000 164610.760000 187091.370000 3 5
5005.150000 166678.640000 186652.490000 7 9
8089.080000 174212.030000 186570.980000 5 7
6285.690000 170666.230000 186570.980000 5 7
5025.660000 166678.640000 186570.980000 7 7
5001.470000 166582.450000 186570.980000 5 7
8128.140000 174212.030000 186511.580000 5 5
6309.250000 170666.230000 186511.580000 5 5
6286.110000 170607.890000 186511.580000 3 5
5674.000000 168892.210000 186511.580000 3 5
5040.710000 166678.640000 186511.580000 7 5
5016.380000 166582.450000 186511.580000 5 5
5001.130000 166521.690000 186511.580000 3 5
4564.760000 164610.760000 186511.580000 3 5
8687.430000 166765.660000 178273.380000 3 1
4319.060000 155126.730000 178273.380000 3 1
3437.140000 149187.800000 178273.380000 3 1
3408.130000 148940.170000 178273.380000 3 1
1448.080000 109216.600000 178273.380000 3 1
1162.500000 92251.800000 178273.380000 3 1
13425.690000 166765.660000 174212.030000 3 5
5238.180000 155126.730000 174212.030000 3 5
3995.000000 149187.800000 174212.030000 3 5
3977.310000 149076.520000 174212.030000 5 5
3955.850000 148940.170000 174212.030000 3 5
3329.700000 144187.940000 174212.030000 5 5
1538.590000 109217.600000 174212.030000 5 5
1538.570000 109216.600000 174212.030000 3 5
1220.100000 92251.800000 174212.030000 3 5
1220.080000 92250.300000 174212.030000 5 5
1219.890000 92237.200000 174212.030000 7 5
6433.430000 155126.730000 170666.230000 3 5
4654.530000 149187.800000 170666.230000 3 5
4630.540000 149076.520000 170666.230000 5 5
4601.480000 148940.170000 170666.230000 3 5
3775.610000 144187.940000 170666.230000 5 5
1627.380000 109217.600000 170666.230000 5 5
1627.350000 109216.600000 170666.230000 3 5
1275.280000 92251.800000 170666.230000 3 5
1275.250000 92250.300000 170666.230000 5 5
1275.040000 92237.200000 170666.230000 7 5
6457.680000 155126.730000 170607.890000 3 3
4667.210000 149187.800000 170607.890000 3 3
4643.090000 149076.520000 170607.890000 5 3
4613.870000 148940.170000 170607.890000 3 3
4607.150000 148908.590000 170607.890000 1 3
3783.940000 144187.940000 170607.890000 5 3
1629.080000 109223.500000 170607.890000 1 3
1628.920000 109217.600000 170607.890000 5 3
1628.900000 109216.600000 170607.890000 3 3
1276.220000 92251.800000 170607.890000 3 3
1276.200000 92250.300000 170607.890000 5 3
6472.430000 155126.730000 170572.610000 3 1
4674.910000 149187.800000 170572.610000 3 1
4621.390000 148940.170000 170572.610000 3 1
1629.830000 109216.600000 170572.610000 3 1
1276.800000 92251.800000 170572.610000 3 1
7262.550000 155126.730000 168892.210000 3 3
5073.590000 149187.800000 168892.210000 3 3
5045.100000 149076.520000 168892.210000 5 3
5010.620000 148940.170000 168892.210000 3 3
5002.700000 148908.590000 168892.210000 1 3
4046.740000 144187.940000 168892.210000 5 3
1675.920000 109223.500000 168892.210000 1 3
1675.750000 109217.600000 168892.210000 5 3
1675.730000 109216.600000 168892.210000 3 3
1304.790000 92251.800000 168892.210000 3 3
1304.770000 92250.300000 168892.210000 5 3
5679.560000 149076.520000 166678.640000 5 7
4445.030000 144187.940000 166678.640000 5 7
1740.310000 109217.600000 166678.640000 5 7
1343.570000 92250.300000 166678.640000 5 7
1343.340000 92237.200000 166678.640000 7 7
8726.870000 155126.730000 166582.450000 3 5
5747.300000 149187.800000 166582.450000 3 5
5710.770000 149076.520000 166582.450000 5 5
5666.630000 148940.170000 166582.450000 3 5
4464.130000 144187.940000 166582.450000 5 5
1743.230000 109217.600000 166582.450000 5 5
1743.200000 109216.600000 166582.450000 3 5
1345.340000 92251.800000 166582.450000 3 5
1345.310000 92250.300000 166582.450000 5 5
1345.080000 92237.200000 166582.450000 7 5
8773.400000 155126.730000 166521.690000 3 3
5767.450000 149187.800000 166521.690000 3 3
5730.660000 149076.520000 166521.690000 5 3
5686.210000 148940.170000 166521.690000 3 3
5676.020000 148908.590000 166521.690000 1 3
4476.270000 144187.940000 166521.690000 5 3
1745.260000 109223.500000 166521.690000 1 3
1745.080000 109217.600000 166521.690000 5 3
1745.050000 109216.600000 166521.690000 3 3
1346.440000 92251.800000 166521.690000 3 3
1346.410000 92250.300000 166521.690000 5 3
10541.150000 155126.730000 164610.760000 3 3
6482.050000 149187.800000 164610.760000 3 3
6435.610000 149076.520000 164610.760000 5 3
6379.620000 148940.170000 164610.760000 3 3
6366.790000 148908.590000 164610.760000 1 3
4895.120000 144187.940000 164610.760000 5 3
1805.470000 109223.500000 164610.760000 1 3
1805.280000 109217.600000 164610.760000 5 3
1805.240000 109216.600000 164610.760000 3 3
1382.000000 92251.800000 164610.760000 3 3
1381.970000 92250.300000 164610.760000 5 3
1064.950000 15316.200000 109217.600000 5 5
1306.710000 32688.800000 109216.600000 1 3
1064.960000 15316.200000 109216.600000 5 3
1678.890000 32688.800000 92251.800000 1 3
1299.790000 15316.200000 92251.800000 5 3
1299.810000 15316.200000 92250.300000 5 5
1300.040000 15316.200000 92237.200000 5 7
3176.870000 15316.200000 46784.600000 5 5
18564.300000 221354.470000 226739.680000 4 4
18554.510000 221351.630000 226739.680000 2 4
18365.710000 221296.240000 226739.680000 4 4
18352.460000 221292.310000 226739.680000 6 4
18133.880000 221226.650000 226739.680000 6 4
17630.430000 221069.220000 226739.680000 6 4
17592.550000 221057.010000 226739.680000 4 4
17584.780000 221054.500000 226739.680000 6 4
6555.830000 211490.300000 226739.680000 4 4
6554.230000 211486.580000 226739.680000 2 4
6523.690000 211415.160000 226739.680000 4 4
6521.690000 211410.470000 226739.680000 6 4
6469.680000 211287.230000 226739.680000 6 4
6374.400000 211056.260000 226739.680000 6 4
6364.930000 211032.930000 226739.680000 4 4
6363.770000 211030.070000 226739.680000 6 4
18564.300000 221354.470000 226739.680000 4 6
18416.020000 221311.110000 226739.680000 8 6
18365.710000 221296.240000 226739.680000 4 6
18352.460000 221292.310000 226739.680000 6 6
18151.240000 221231.920000 226739.680000 8 6
18133.880000 221226.650000 226739.680000 6 6
17643.280000 221073.350000 226739.680000 8 6
17630.430000 221069.220000 226739.680000 6 6
17592.550000 221057.010000 226739.680000 4 6
17584.780000 221054.500000 226739.680000 6 6
6555.830000 211490.300000 226739.680000 4 6
6523.690000 211415.160000 226739.680000 4 6
6521.690000 211410.470000 226739.680000 6 6
6518.100000 211402.030000 226739.680000 8 6
6472.870000 211294.850000 226739.680000 8 6
6469.680000 211287.230000 226739.680000 6 6
6376.010000 211060.240000 226739.680000 8 6
6374.400000 211056.260000 226739.680000 6 6
6364.930000 211032.930000 226739.680000 4 6
6363.770000 211030.070000 226739.680000 6 6
18622.640000 221364.000000 226732.340000 12 12
18622.570000 221363.980000 226732.340000 10 12
18481.010000 221322.860000 226732.340000 10 12
18622.640000 221364.000000 226732.340000 12 10
18622.570000 221363.980000 226732.340000 10 10
18481.010000 221322.860000 226732.340000 10 10
17964.670000 221167.380000 226732.340000 8 10
18480.670000 221322.760000 226732.340000 8 10
18622.570000 221363.980000 226732.340000 10 8
18549.420000 221342.810000 226732.340000 6 8
18481.010000 221322.860000 226732.340000 10 8
18480.670000 221322.760000 226732.340000 8 8
17964.670000 221167.380000 226732.340000 8 8
18679.360000 221380.300000 226732.340000 6 8
18679.360000 221380.300000 226732.340000 6 6
18679.360000 221380.300000 226732.340000 4 6
18549.420000 221342.810000 226732.340000 6 6
18480.670000 221322.760000 226732.340000 8 6
17964.670000 221167.380000 226732.340000 8 6
18622.640000 221364.000000 226732.340000 12 14
18414.060000 221301.100000 226730.250000 10 12
6516.980000 211389.950000 226730.250000 10 12
18448.120000 221311.110000 226730.240000 8 10
18414.100000 221301.100000 226730.240000 10 10
18182.420000 221231.920000 226730.240000 8 10
17672.740000 221073.350000 226730.240000 8 10
6522.120000 211402.030000 226730.240000 8 10
6516.980000 211389.950000 226730.240000 10 10
6476.830000 211294.850000 226730.240000 8 10
6379.860000 211060.240000 226730.240000 8 10
274786.920000 226356.980000 226720.800000 6 4
257731.080000 226332.900000 226720.800000 4 4
208709.460000 226241.800000 226720.800000 2 4
177028.960000 226156.070000 226720.800000 4 4
160160.580000 226096.600000 226720.800000 6 4
155546.410000 226078.080000 226720.800000 4 4
17445.260000 220990.150000 226720.800000 2 4
17374.180000 220966.700000 226720.800000 4 4
16453.680000 220644.790000 226720.800000 2 4
15795.200000 220391.490000 226720.800000 6 4
15714.840000 220359.130000 226720.800000 4 4
259201.190000 226332.900000 226718.600000 4 2
209672.470000 226241.800000 226718.600000 2 2
177721.320000 226156.070000 226718.600000 4 2
156080.680000 226078.080000 226718.600000 4 2
17490.760000 221002.860000 226718.600000 0 2
17451.960000 220990.150000 226718.600000 2 2
17380.830000 220966.700000 226718.600000 4 2
16459.640000 220644.790000 226718.600000 2 2
15720.280000 220359.130000 226718.600000 4 2
18639.390000 221354.470000 226717.990000 4 6
18489.910000 221311.110000 226717.990000 8 6
18439.200000 221296.240000 226717.990000 4 6
18425.840000 221292.310000 226717.990000 6 6
18223.010000 221231.920000 226717.990000 8 6
18205.520000 221226.650000 226717.990000 6 6
17711.090000 221073.350000 226717.990000 8 6
17698.140000 221069.220000 226717.990000 6 6
17659.970000 221057.010000 226717.990000 4 6
17652.140000 221054.500000 226717.990000 6 6
6565.170000 211490.300000 226717.990000 4 6
6532.930000 211415.160000 226717.990000 4 6
6530.930000 211410.470000 226717.990000 6 6
6527.330000 211402.030000 226717.990000 8 6
6481.970000 211294.850000 226717.990000 8 6
6478.770000 211287.230000 226717.990000 6 6
6384.850000 211060.240000 226717.990000 8 6
6383.230000 211056.260000 226717.990000 6 6
6373.730000 211032.930000 226717.990000 4 6
6372.570000 211030.070000 226717.990000 6 6
18529.450000 221311.110000 226706.450000 8 10
18495.140000 221301.100000 226706.450000 10 10
18261.420000 221231.920000 226706.450000 8 10
17747.370000 221073.350000 226706.450000 8 10
6532.260000 211402.030000 226706.450000 8 10
6527.100000 211389.950000 226706.450000 10 10
6486.830000 211294.850000 226706.450000 8 10
6389.560000 211060.240000 226706.450000 8 10
18529.650000 221311.110000 226706.390000 8 8
18495.340000 221301.100000 226706.390000 10 8
18465.310000 221292.310000 226706.390000 6 8
18261.620000 221231.920000 226706.390000 8 8
18244.050000 221226.650000 226706.390000 6 8
17747.550000 221073.350000 226706.390000 8 8
17734.550000 221069.220000 226706.390000 6 8
17688.360000 221054.500000 226706.390000 6 8
6535.880000 211410.470000 226706.390000 6 8
6532.280000 211402.030000 226706.390000 8 8
6527.130000 211389.950000 226706.390000 10 8
6486.850000 211294.850000 226706.390000 8 8
6483.650000 211287.230000 226706.390000 6 8
6389.580000 211060.240000 226706.390000 8 8
6387.960000 211056.260000 226706.390000 6 8
6377.280000 211030.070000 226706.390000 6 8
294714.340000 226356.980000 226696.200000 6 8
221834.460000 226245.540000 226696.200000 8 8
166731.510000 226096.600000 226696.200000 6 8
16190.390000 220521.390000 226696.200000 8 8
15856.830000 220391.490000 226696.200000 6 8
225486.970000 226245.540000 226688.900000 8 10
16209.560000 220521.390000 226688.900000 8 10
289360.420000 226332.900000 226678.400000 4 4
228977.890000 226241.800000 226678.400000 2 4
191399.370000 226156.070000 226678.400000 4 4
171832.580000 226096.600000 226678.400000 6 4
166532.510000 226078.080000 226678.400000 4 4
17575.290000 220990.150000 226678.400000 2 4
17503.150000 220966.700000 226678.400000 4 4
16569.310000 220644.790000 226678.400000 2 4
15901.730000 220391.490000 226678.400000 6 4
15820.280000 220359.130000 226678.400000 4 4
291393.050000 226332.900000 226675.990000 4 6
232249.690000 226245.540000 226675.990000 8 6
192286.580000 226156.070000 226675.990000 4 6
172547.330000 226096.600000 226675.990000 6 6
167203.760000 226078.080000 226675.990000 4 6
17510.540000 220966.700000 226675.990000 4 6
16243.560000 220521.390000 226675.990000 8 6
15907.830000 220391.490000 226675.990000 6 6
15826.320000 220359.130000 226675.990000 4 6
81017.740000 225428.160000 226662.120000 0 2
60383.690000 225006.500000 226662.120000 4 2
46878.830000 224529.540000 226662.120000 2 2
45344.690000 224457.390000 226662.120000 4 2
44976.230000 224439.330000 226662.120000 2 2
42379.450000 224303.130000 226662.120000 0 2
40615.800000 224200.700000 226662.120000 4 2
40400.080000 224187.550000 226662.120000 2 2
38250.710000 224048.500000 226662.120000 2 2
18835.580000 221354.470000 226662.120000 4 2
18825.510000 221351.630000 226662.120000 2 2
18631.180000 221296.240000 226662.120000 4 2
17835.990000 221057.010000 226662.120000 4 2
15738.470000 220310.000000 226662.120000 0 2
15713.730000 220300.000000 226662.120000 2 2
15689.070000 220290.000000 226662.120000 4 2
13181.750000 219077.950000 226662.120000 0 2
11987.380000 218322.300000 226662.120000 4 2
10862.380000 217458.560000 226662.120000 2 2
10709.370000 217327.060000 226662.120000 4 2
10671.700000 217294.110000 226662.120000 2 2
10553.720000 217189.390000 226662.120000 0 2
10349.440000 217002.410000 226662.120000 4 2
10323.770000 216978.390000 226662.120000 2 2
10059.300000 216723.800000 226662.120000 2 2
6589.350000 211490.300000 226662.120000 4 2
6587.730000 211486.580000 226662.120000 2 2
6556.870000 211415.160000 226662.120000 4 2
6396.520000 211032.930000 226662.120000 4 2
5061.400000 206910.240000 226662.120000 0 2
4690.890000 205350.180000 226662.120000 4 2
4323.210000 203537.660000 226662.120000 2 2
4271.730000 203258.980000 226662.120000 4 2
4259.000000 203189.030000 226662.120000 2 2
4254.190000 203162.480000 226662.120000 0 2
4183.470000 202765.260000 226662.120000 4 2
4174.540000 202714.120000 226662.120000 2 2
4081.900000 202170.630000 226662.120000 2 2
2065.940000 178273.380000 226662.120000 0 2
1906.570000 174212.030000 226662.120000 4 2
1785.850000 170666.230000 226662.120000 4 2
1783.990000 170607.890000 226662.120000 2 2
1782.860000 170572.610000 226662.120000 0 2
1731.000000 168892.210000 226662.120000 2 2
1664.460000 166582.450000 226662.120000 4 2
1662.770000 166521.690000 226662.120000 2 2
1611.570000 164610.760000 226662.120000 2 2
18743.930000 221311.110000 226644.720000 8 8
18708.810000 221301.100000 226644.720000 10 8
18678.090000 221292.310000 226644.720000 6 8
18469.700000 221231.920000 226644.720000 8 8
18451.740000 221226.650000 226644.720000 6 8
17944.020000 221073.350000 226644.720000 8 8
17930.730000 221069.220000 226644.720000 6 8
17883.520000 221054.500000 226644.720000 6 8
6562.350000 211410.470000 226644.720000 6 8
6558.710000 211402.030000 226644.720000 8 8
6553.520000 211389.950000 226644.720000 10 8
6512.920000 211294.850000 226644.720000 8 8
6509.680000 211287.230000 226644.720000 6 8
6414.870000 211060.240000 226644.720000 8 8
6413.230000 211056.260000 226644.720000 6 8
6402.470000 211030.070000 226644.720000 6 8
251368.600000 226245.540000 226643.250000 8 8
182881.480000 226096.600000 226643.250000 6 8
16330.430000 220521.390000 226643.250000 8 8
15991.130000 220391.490000 226643.250000 6 8
253298.350000 226245.540000 226640.220000 8 6
206493.240000 226156.070000 226640.220000 4 6
183900.810000 226096.600000 226640.220000 6 6
177843.240000 226078.080000 226640.220000 4 6
17620.940000 220966.700000 226640.220000 4 6
16338.520000 220521.390000 226640.220000 8 6
15998.890000 220391.490000 226640.220000 6 6
15916.450000 220359.130000 226640.220000 4 6
18843.150000 221311.110000 226616.630000 8 8
18807.670000 221301.100000 226616.630000 10 8
18776.620000 221292.310000 226616.630000 6 8
18566.040000 221231.920000 226616.630000 8 8
18547.880000 221226.650000 226616.630000 6 8
18034.940000 221073.350000 226616.630000 8 8
18021.510000 221069.220000 226616.630000 6 8
17973.820000 221054.500000 226616.630000 6 8
6574.470000 211410.470000 226616.630000 6 8
6570.820000 211402.030000 226616.630000 8 8
6565.610000 211389.950000 226616.630000 10 8
6524.850000 211294.850000 226616.630000 8 8
6521.610000 211287.230000 226616.630000 6 8
6426.450000 211060.240000 226616.630000 8 8
6424.810000 211056.260000 226616.630000 6 8
6414.010000 211030.070000 226616.630000 6 8
62668.430000 225006.500000 226601.760000 4 6
46621.070000 224457.390000 226601.760000 4 6
44495.940000 224354.980000 226601.760000 6 6
41636.840000 224200.700000 226601.760000 4 6
19052.250000 221354.470000 226601.760000 4 6
18896.110000 221311.110000 226601.760000 8 6
18843.150000 221296.240000 226601.760000 4 6
18829.200000 221292.310000 226601.760000 6 6
18617.440000 221231.920000 226601.760000 8 6
18599.190000 221226.650000 226601.760000 6 6
18083.440000 221073.350000 226601.760000 8 6
18069.940000 221069.220000 226601.760000 6 6
18030.150000 221057.010000 226601.760000 4 6
18021.990000 221054.500000 226601.760000 6 6
15839.110000 220290.000000 226601.760000 4 6
12074.770000 218322.300000 226601.760000 4 6
10779.070000 217327.060000 226601.760000 4 6
10566.000000 217140.040000 226601.760000 6 6
10414.520000 217002.410000 226601.760000 4 6
6615.670000 211490.300000 226601.760000 4 6
6582.930000 211415.160000 226601.760000 4 6
6580.900000 211410.470000 226601.760000 6 6
6577.250000 211402.030000 226601.760000 8 6
6531.190000 211294.850000 226601.760000 8 6
6527.940000 211287.230000 226601.760000 6 6
6432.600000 211060.240000 226601.760000 8 6
6430.950000 211056.260000 226601.760000 6 6
6421.310000 211032.930000 226601.760000 4 6
6420.140000 211030.070000 226601.760000 6 6
4704.220000 205350.180000 226601.760000 4 6
4282.770000 203258.980000 226601.760000 4 6
4211.040000 202861.360000 226601.760000 6 6
4194.060000 202765.260000 226601.760000 4 6
1908.770000 174212.030000 226601.760000 4 6
1787.770000 170666.230000 226601.760000 4 6
1668.800000 166678.640000 226601.760000 6 6
1666.130000 166582.450000 226601.760000 4 6
19170.430000 221343.000000 226557.940000 8 8
18546.530000 221167.570000 226557.940000 10 8
18533.260000 221163.710000 226557.940000 6 8
18533.260000 221163.710000 226557.940000 8 8
18546.530000 221167.570000 226557.940000 10 12
19170.430000 221343.000000 226557.940000 8 10
18546.530000 221167.570000 226557.940000 10 10
18533.260000 221163.710000 226557.940000 8 10
19107.960000 221311.110000 226543.100000 8 10
19071.470000 221301.100000 226543.100000 10 10
18823.060000 221231.920000 226543.100000 8 10
18277.370000 221073.350000 226543.100000 8 10
6602.730000 211402.030000 226543.100000 8 10
6597.460000 211389.950000 226543.100000 10 10
6556.320000 211294.850000 226543.100000 8 10
6456.970000 211060.240000 226543.100000 8 10
19275.930000 221354.470000 226540.870000 4 6
19116.120000 221311.110000 226540.870000 8 6
19061.920000 221296.240000 226540.870000 4 6
19047.640000 221292.310000 226540.870000 6 6
18830.970000 221231.920000 226540.870000 8 6
18812.300000 221226.650000 226540.870000 6 6
18284.830000 221073.350000 226540.870000 8 6
18271.030000 221069.220000 226540.870000 6 6
18230.350000 221057.010000 226540.870000 4 6
18222.010000 221054.500000 226540.870000 6 6
6642.430000 211490.300000 226540.870000 4 6
6609.430000 211415.160000 226540.870000 4 6
6607.390000 211410.470000 226540.870000 6 6
6603.700000 211402.030000 226540.870000 8 6
6557.280000 211294.850000 226540.870000 8 6
6554.000000 211287.230000 226540.870000 6 6
6457.900000 211060.240000 226540.870000 8 6
6456.240000 211056.260000 226540.870000 6 6
6446.530000 211032.930000 226540.870000 4 6
6445.340000 211030.070000 226540.870000 6 6
19116.120000 221311.110000 226540.870000 8 8
19079.600000 221301.100000 226540.870000 10 8
19047.640000 221292.310000 226540.870000 6 8
18830.970000 221231.920000 226540.870000 8 8
18812.300000 221226.650000 226540.870000 6 8
18284.830000 221073.350000 226540.870000 8 8
18271.030000 221069.220000 226540.870000 6 8
18222.010000 221054.500000 226540.870000 6 8
6607.390000 211410.470000 226540.870000 6 8
6603.700000 211402.030000 226540.870000 8 8
6598.440000 211389.950000 226540.870000 10 8
6557.280000 211294.850000 226540.870000 8 8
6554.000000 211287.230000 226540.870000 6 8
6457.900000 211060.240000 226540.870000 8 8
6456.240000 211056.260000 226540.870000 6 8
6445.340000 211030.070000 226540.870000 6 8
50180.660000 224529.540000 226521.800000 2 0
48006.820000 224439.330000 226521.800000 2 0
42828.700000 224187.550000 226521.800000 2 0
40420.840000 224048.500000 226521.800000 2 0
19336.440000 221351.630000 226521.800000 2 0
16068.130000 220300.000000 226521.800000 2 0
11030.560000 217458.560000 226521.800000 2 0
10833.980000 217294.110000 226521.800000 2 0
10475.560000 216978.390000 226521.800000 2 0
10203.370000 216723.800000 226521.800000 2 0
6649.210000 211486.580000 226521.800000 2 0
4349.600000 203537.660000 226521.800000 2 0
4284.610000 203189.030000 226521.800000 2 0
4199.140000 202714.120000 226521.800000 2 0
4105.420000 202170.630000 226521.800000 2 0
1788.460000 170607.890000 226521.800000 2 0
1735.220000 168892.210000 226521.800000 2 0
1666.660000 166521.690000 226521.800000 2 0
1615.220000 164610.760000 226521.800000 2 0
92028.520000 225428.160000 226514.480000 0 2
66295.490000 225006.500000 226514.480000 4 2
50365.630000 224529.540000 226514.480000 2 2
48599.090000 224457.390000 226514.480000 4 2
48176.090000 224439.330000 226514.480000 2 2
45208.850000 224303.130000 226514.480000 0 2
43207.410000 224200.700000 226514.480000 4 2
42963.360000 224187.550000 226514.480000 2 2
40540.770000 224048.500000 226514.480000 2 2
19374.500000 221354.470000 226514.480000 4 2
19363.850000 221351.630000 226514.480000 2 2
19158.310000 221296.240000 226514.480000 4 2
18318.490000 221057.010000 226514.480000 4 2
16112.970000 220310.000000 226514.480000 0 2
16087.050000 220300.000000 226514.480000 2 2
16061.200000 220290.000000 226514.480000 4 2
13443.450000 219077.950000 226514.480000 0 2
12203.420000 218322.300000 226514.480000 4 2
11039.470000 217458.560000 226514.480000 2 2
10881.470000 217327.060000 226514.480000 4 2
10842.580000 217294.110000 226514.480000 2 2
10720.810000 217189.390000 226514.480000 0 2
10510.080000 217002.410000 226514.480000 4 2
10483.600000 216978.390000 226514.480000 2 2
10210.990000 216723.800000 226514.480000 2 2
6654.100000 211490.300000 226514.480000 4 2
6652.450000 211486.580000 226514.480000 2 2
6620.980000 211415.160000 226514.480000 4 2
6457.520000 211032.930000 226514.480000 4 2
5099.520000 206910.240000 226514.480000 0 2
4723.620000 205350.180000 226514.480000 4 2
4350.990000 203537.660000 226514.480000 2 2
4298.850000 203258.980000 226514.480000 4 2
4285.960000 203189.030000 226514.480000 2 2
4281.080000 203162.480000 226514.480000 0 2
4209.480000 202765.260000 226514.480000 4 2
4200.430000 202714.120000 226514.480000 2 2
4106.650000 202170.630000 226514.480000 2 2
2072.260000 178273.380000 226514.480000 0 2
1911.960000 174212.030000 226514.480000 4 2
1790.570000 170666.230000 226514.480000 4 2
1788.700000 170607.890000 226514.480000 2 2
1787.570000 170572.610000 226514.480000 0 2
1735.440000 168892.210000 226514.480000 2 2
1668.560000 166582.450000 226514.480000 4 2
1666.870000 166521.690000 226514.480000 2 2
1615.410000 164610.760000 226514.480000 2 2
66894.020000 225006.500000 226500.990000 4 4
50710.330000 224529.540000 226500.990000 2 4
48919.960000 224457.390000 226500.990000 4 4
48491.380000 224439.330000 226500.990000 2 4
46585.330000 224354.980000 226500.990000 6 4
43460.850000 224200.700000 226500.990000 4 4
43213.940000 224187.550000 226500.990000 2 4
40763.810000 224048.500000 226500.990000 2 4
19425.300000 221354.470000 226500.990000 4 4
19414.590000 221351.630000 226500.990000 2 4
19207.970000 221296.240000 226500.990000 4 4
19193.480000 221292.310000 226500.990000 6 4
18954.540000 221226.650000 226500.990000 6 4
18405.180000 221069.220000 226500.990000 6 4
18363.900000 221057.010000 226500.990000 4 4
18355.430000 221054.500000 226500.990000 6 4
16122.050000 220300.000000 226500.990000 2 4
16096.090000 220290.000000 226500.990000 4 4
12223.550000 218322.300000 226500.990000 4 4
11055.940000 217458.560000 226500.990000 2 4
10897.470000 217327.060000 226500.990000 4 4
10858.470000 217294.110000 226500.990000 2 4
10679.750000 217140.040000 226500.990000 6 4
10525.010000 217002.410000 226500.990000 4 4
10498.460000 216978.390000 226500.990000 2 4
10225.090000 216723.800000 226500.990000 2 4
6660.080000 211490.300000 226500.990000 4 4
6658.430000 211486.580000 226500.990000 2 4
6626.910000 211415.160000 226500.990000 4 4
6624.850000 211410.470000 226500.990000 6 4
6571.180000 211287.230000 226500.990000 6 4
6472.910000 211056.260000 226500.990000 6 4
6463.150000 211032.930000 226500.990000 4 4
6461.950000 211030.070000 226500.990000 6 4
4726.630000 205350.180000 226500.990000 4 4
4353.550000 203537.660000 226500.990000 2 4
4301.340000 203258.980000 226500.990000 4 4
4288.440000 203189.030000 226500.990000 2 4
4228.990000 202861.360000 226500.990000 6 4
4211.870000 202765.260000 226500.990000 4 4
4202.820000 202714.120000 226500.990000 2 4
4108.930000 202170.630000 226500.990000 2 4
1912.450000 174212.030000 226500.990000 4 4
1791.000000 170666.230000 226500.990000 4 4
1789.130000 170607.890000 226500.990000 2 4
1735.850000 168892.210000 226500.990000 2 4
1671.620000 166678.640000 226500.990000 6 4
1668.930000 166582.450000 226500.990000 4 4
1667.240000 166521.690000 226500.990000 2 4
1615.760000 164610.760000 226500.990000 2 4
252779.960000 226096.600000 226492.090000 6 8
16743.870000 220521.390000 226492.090000 8 8
16387.360000 220391.490000 226492.090000 6 8
254906.890000 226096.600000 226488.790000 6 6
243414.630000 226078.080000 226488.790000 4 6
18104.160000 220966.700000 226488.790000 4 6
16753.130000 220521.390000 226488.790000 8 6
16396.230000 220391.490000 226488.790000 6 6
16309.650000 220359.130000 226488.790000 4 6
257633.040000 226096.600000 226484.640000 6 4
245899.300000 226078.080000 226484.640000 4 4
18195.080000 220990.150000 226484.640000 2 4
18117.770000 220966.700000 226484.640000 4 4
17119.060000 220644.790000 226484.640000 2 4
16407.400000 220391.490000 226484.640000 6 4
16320.700000 220359.130000 226484.640000 4 4
258940.950000 226096.600000 226482.680000 6 6
247090.520000 226078.080000 226482.680000 4 6
18124.210000 220966.700000 226482.680000 4 6
16770.300000 220521.390000 226482.680000 8 6
16412.680000 220391.490000 226482.680000 6 6
16325.930000 220359.130000 226482.680000 4 6
74027.310000 225006.500000 226356.980000 4 6
52628.640000 224457.390000 226356.980000 4 6
49936.350000 224354.980000 226356.980000 6 6
46363.430000 224200.700000 226356.980000 4 6
19984.510000 221354.470000 226356.980000 4 6
19812.780000 221311.110000 226356.980000 8 6
19754.560000 221296.240000 226356.980000 4 6
19739.230000 221292.310000 226356.980000 6 6
19506.640000 221231.920000 226356.980000 8 6
19486.600000 221226.650000 226356.980000 6 6
18921.210000 221073.350000 226356.980000 8 6
18906.430000 221069.220000 226356.980000 6 6
18862.880000 221057.010000 226356.980000 4 6
18853.950000 221054.500000 226356.980000 6 6
16478.160000 220290.000000 226356.980000 4 6
12442.640000 218322.300000 226356.980000 4 6
11071.270000 217327.060000 226356.980000 4 6
10846.610000 217140.040000 226356.980000 6 6
10687.040000 217002.410000 226356.980000 4 6
6724.590000 211490.300000 226356.980000 4 6
6690.780000 211415.160000 226356.980000 4 6
6688.680000 211410.470000 226356.980000 6 6
6684.900000 211402.030000 226356.980000 8 6
6637.330000 211294.850000 226356.980000 8 6
6633.980000 211287.230000 226356.980000 6 6
6535.530000 211060.240000 226356.980000 8 6
6533.830000 211056.260000 226356.980000 6 6
6523.890000 211032.930000 226356.980000 4 6
6522.670000 211030.070000 226356.980000 6 6
4759.030000 205350.180000 226356.980000 4 6
4328.160000 203258.980000 226356.980000 4 6
4254.910000 202861.360000 226356.980000 6 6
4237.580000 202765.260000 226356.980000 4 6
1917.730000 174212.030000 226356.980000 4 6
1795.630000 170666.230000 226356.980000 4 6
1675.650000 166678.640000 226356.980000 6 6
1672.950000 166582.450000 226356.980000 4 6
75371.030000 225006.500000 226332.900000 4 4
55436.900000 224529.540000 226332.900000 2 4
53304.250000 224457.390000 226332.900000 4 4
52795.800000 224439.330000 226332.900000 2 4
50544.200000 224354.980000 226332.900000 6 4
46886.950000 224200.700000 226332.900000 4 4
46599.710000 224187.550000 226332.900000 2 4
43763.220000 224048.500000 226332.900000 2 4
20081.150000 221354.470000 226332.900000 4 4
20069.700000 221351.630000 226332.900000 2 4
19848.990000 221296.240000 226332.900000 4 4
19833.520000 221292.310000 226332.900000 6 4
19578.480000 221226.650000 226332.900000 6 4
18992.910000 221069.220000 226332.900000 6 4
18948.960000 221057.010000 226332.900000 4 4
18939.950000 221054.500000 226332.900000 6 4
16571.240000 220300.000000 226332.900000 2 4
16543.810000 220290.000000 226332.900000 4 4
12480.040000 218322.300000 226332.900000 4 4
11265.350000 217458.560000 226332.900000 2 4
11100.860000 217327.060000 226332.900000 4 4
11060.390000 217294.110000 226332.900000 2 4
10875.020000 217140.040000 226332.900000 6 4
10714.610000 217002.410000 226332.900000 4 4
10687.100000 216978.390000 226332.900000 2 4
10403.950000 216723.800000 226332.900000 2 4
6735.500000 211490.300000 226332.900000 4 4
6733.810000 211486.580000 226332.900000 2 4
6701.580000 211415.160000 226332.900000 4 4
6699.470000 211410.470000 226332.900000 6 4
6644.590000 211287.230000 226332.900000 6 4
6544.130000 211056.260000 226332.900000 6 4
6534.150000 211032.930000 226332.900000 4 4
6532.930000 211030.070000 226332.900000 6 4
4764.490000 205350.180000 226332.900000 4 4
4385.650000 203537.660000 226332.900000 2 4
4332.680000 203258.980000 226332.900000 4 4
4319.580000 203189.030000 226332.900000 2 4
4259.280000 202861.360000 226332.900000 6 4
4241.910000 202765.260000 226332.900000 4 4
4232.730000 202714.120000 226332.900000 2 4
4137.520000 202170.630000 226332.900000 2 4
1918.620000 174212.030000 226332.900000 4 4
1796.410000 170666.230000 226332.900000 4 4
1794.530000 170607.890000 226332.900000 2 4
1740.930000 168892.210000 226332.900000 2 4
1676.330000 166678.640000 226332.900000 6 4
1673.630000 166582.450000 226332.900000 4 4
1671.930000 166521.690000 226332.900000 2 4
1620.160000 164610.760000 226332.900000 2 4
52880.000000 224354.980000 226245.540000 6 8
20260.250000 221311.110000 226245.540000 8 8
20219.230000 221301.100000 226245.540000 10 8
20183.350000 221292.310000 226245.540000 6 8
19940.240000 221231.920000 226245.540000 8 8
19919.300000 221226.650000 226245.540000 6 8
19328.910000 221073.350000 226245.540000 8 8
19313.480000 221069.220000 226245.540000 6 8
19258.720000 221054.500000 226245.540000 6 8
10979.370000 217140.040000 226245.540000 6 8
6738.930000 211410.470000 226245.540000 6 8
6735.090000 211402.030000 226245.540000 8 8
6729.620000 211389.950000 226245.540000 10 8
6686.810000 211294.850000 226245.540000 8 8
6683.400000 211287.230000 226245.540000 6 8
6583.500000 211060.240000 226245.540000 8 8
6581.770000 211056.260000 226245.540000 6 8
6570.440000 211030.070000 226245.540000 6 8
4275.190000 202861.360000 226245.540000 6 8
1678.780000 166678.640000 226245.540000 6 8
122871.640000 225428.160000 226241.800000 0 2
80929.970000 225006.500000 226241.800000 4 2
58386.700000 224529.540000 226241.800000 2 2
56025.880000 224457.390000 226241.800000 4 2
55464.460000 224439.330000 226241.800000 2 2
51567.810000 224303.130000 226241.800000 0 2
48979.850000 224200.700000 226241.800000 4 2
48666.480000 224187.550000 226241.800000 2 2
45581.130000 224048.500000 226241.800000 2 2
20455.500000 221354.470000 226241.800000 4 2
20443.620000 221351.630000 226241.800000 2 2
20214.660000 221296.240000 226241.800000 4 2
19281.940000 221057.010000 226241.800000 4 2
16853.700000 220310.000000 226241.800000 0 2
16825.330000 220300.000000 226241.800000 2 2
16797.060000 220290.000000 226241.800000 4 2
13955.160000 219077.950000 226241.800000 0 2
12623.610000 218322.300000 226241.800000 4 2
11382.210000 217458.560000 226241.800000 2 2
11214.310000 217327.060000 226241.800000 4 2
11173.020000 217294.110000 226241.800000 2 2
11043.760000 217189.390000 226241.800000 0 2
10820.270000 217002.410000 226241.800000 4 2
10792.210000 216978.390000 226241.800000 2 2
10503.540000 216723.800000 226241.800000 2 2
6777.100000 211490.300000 226241.800000 4 2
6775.390000 211486.580000 226241.800000 2 2
6742.760000 211415.160000 226241.800000 4 2
6573.300000 211032.930000 226241.800000 4 2
5171.450000 206910.240000 226241.800000 0 2
4785.270000 205350.180000 226241.800000 4 2
4403.250000 203537.660000 226241.800000 2 2
4349.850000 203258.980000 226241.800000 4 2
4336.650000 203189.030000 226241.800000 2 2
4331.670000 203162.480000 226241.800000 0 2
4258.370000 202765.260000 226241.800000 4 2
4249.120000 202714.120000 226241.800000 2 2
4153.180000 202170.630000 226241.800000 2 2
2084.040000 178273.380000 226241.800000 0 2
1921.980000 174212.030000 226241.800000 4 2
1799.350000 170666.230000 226241.800000 4 2
1797.470000 170607.890000 226241.800000 2 2
1796.330000 170572.610000 226241.800000 0 2
1743.690000 168892.210000 226241.800000 2 2
1676.180000 166582.450000 226241.800000 4 2
1674.480000 166521.690000 226241.800000 2 2
1622.560000 164610.760000 226241.800000 2 2
86964.710000 225006.500000 226156.070000 4 4
61463.780000 224529.540000 226156.070000 2 4
58853.120000 224457.390000 226156.070000 4 4
58233.920000 224439.330000 226156.070000 2 4
55506.580000 224354.980000 226156.070000 6 4
51127.060000 224200.700000 226156.070000 4 4
50785.710000 224187.550000 226156.070000 2 4
47435.040000 224048.500000 226156.070000 2 4
20820.690000 221354.470000 226156.070000 4 4
20808.380000 221351.630000 226156.070000 2 4
20571.220000 221296.240000 226156.070000 4 4
20554.590000 221292.310000 226156.070000 6 4
20280.810000 221226.650000 226156.070000 6 4
19653.150000 221069.220000 226156.070000 6 4
19606.090000 221057.010000 226156.070000 4 4
19596.440000 221054.500000 226156.070000 6 4
17071.620000 220300.000000 226156.070000 2 4
17042.520000 220290.000000 226156.070000 4 4
12761.740000 218322.300000 226156.070000 4 4
11494.390000 217458.560000 226156.070000 2 4
11323.190000 217327.060000 226156.070000 4 4
11281.090000 217294.110000 226156.070000 2 4
11088.310000 217140.040000 226156.070000 6 4
10921.600000 217002.410000 226156.070000 4 4
10893.010000 216978.390000 226156.070000 2 4
10598.990000 216723.800000 226156.070000 2 4
6816.720000 211490.300000 226156.070000 4 4
6814.990000 211486.580000 226156.070000 2 4
6781.970000 211415.160000 226156.070000 4 4
6779.810000 211410.470000 226156.070000 6 4
6723.620000 211287.230000 226156.070000 6 4
6620.770000 211056.260000 226156.070000 6 4
6610.560000 211032.930000 226156.070000 4 4
6609.310000 211030.070000 226156.070000 6 4
4804.990000 205350.180000 226156.070000 4 4
4419.940000 203537.660000 226156.070000 2 4
4366.140000 203258.980000 226156.070000 4 4
4352.840000 203189.030000 226156.070000 2 4
4291.610000 202861.360000 226156.070000 6 4
4273.980000 202765.260000 226156.070000 4 4
4264.660000 202714.120000 226156.070000 2 4
4168.020000 202170.630000 226156.070000 2 4
1925.150000 174212.030000 226156.070000 4 4
1802.130000 170666.230000 226156.070000 4 4
1800.240000 170607.890000 226156.070000 2 4
1746.300000 168892.210000 226156.070000 2 4
1681.310000 166678.640000 226156.070000 6 4
1678.600000 166582.450000 226156.070000 4 4
1676.880000 166521.690000 226156.070000 2 4
1624.820000 164610.760000 226156.070000 2 4
91709.660000 225006.500000 226096.600000 4 6
60988.590000 224457.390000 226096.600000 4 6
57402.180000 224354.980000 226096.600000 6 6
52731.010000 224200.700000 226096.600000 4 6
21081.830000 221354.470000 226096.600000 4 6
20890.810000 221311.110000 226096.600000 8 6
20826.100000 221296.240000 226096.600000 4 6
20809.060000 221292.310000 226096.600000 6 6
20550.740000 221231.920000 226096.600000 8 6
20528.500000 221226.650000 226096.600000 6 6
19902.010000 221073.350000 226096.600000 8 6
19885.660000 221069.220000 226096.600000 6 6
19837.480000 221057.010000 226096.600000 4 6
19827.610000 221054.500000 226096.600000 6 6
17217.090000 220290.000000 226096.600000 4 6
12859.380000 218322.300000 226096.600000 4 6
11399.990000 217327.060000 226096.600000 4 6
11161.940000 217140.040000 226096.600000 6 6
10993.030000 217002.410000 226096.600000 4 6
6844.470000 211490.300000 226096.600000 4 6
6809.440000 211415.160000 226096.600000 4 6
6807.270000 211410.470000 226096.600000 6 6
6803.360000 211402.030000 226096.600000 8 6
6754.090000 211294.850000 226096.600000 8 6
6750.620000 211287.230000 226096.600000 6 6
6648.710000 211060.240000 226096.600000 8 6
6646.950000 211056.260000 226096.600000 6 6
6636.660000 211032.930000 226096.600000 4 6
6635.400000 211030.070000 226096.600000 6 6
4818.760000 205350.180000 226096.600000 4 6
4377.510000 203258.980000 226096.600000 4 6
4302.600000 202861.360000 226096.600000 6 6
4284.880000 202765.260000 226096.600000 4 6
1927.360000 174212.030000 226096.600000 4 6
1804.070000 170666.230000 226096.600000 4 6
1682.990000 166678.640000 226096.600000 6 6
1680.270000 166582.450000 226096.600000 4 6
93294.360000 225006.500000 226078.080000 4 4
64559.490000 224529.540000 226078.080000 2 4
61685.390000 224457.390000 226078.080000 4 4
61005.500000 224439.330000 226078.080000 2 4
58019.020000 224354.980000 226078.080000 6 4
53251.090000 224200.700000 226078.080000 4 4
52880.890000 224187.550000 226078.080000 2 4
49257.920000 224048.500000 226078.080000 2 4
21164.470000 221354.470000 226078.080000 4 4
21151.750000 221351.630000 226078.080000 2 4
20906.740000 221296.240000 226078.080000 4 4
20889.580000 221292.310000 226078.080000 6 4
20606.850000 221226.650000 226078.080000 6 4
19959.170000 221069.220000 226078.080000 6 4
19910.640000 221057.010000 226078.080000 4 4
19900.690000 221054.500000 226078.080000 6 4
17302.060000 220300.000000 226078.080000 2 4
17272.170000 220290.000000 226078.080000 4 4
12890.080000 218322.300000 226078.080000 4 4
11598.390000 217458.560000 226078.080000 2 4
11424.110000 217327.060000 226078.080000 4 4
11381.260000 217294.110000 226078.080000 2 4
11185.070000 217140.040000 226078.080000 6 4
11015.460000 217002.410000 226078.080000 4 4
10986.380000 216978.390000 226078.080000 2 4
10687.370000 216723.800000 226078.080000 2 4
6853.160000 211490.300000 226078.080000 4 4
6851.410000 211486.580000 226078.080000 2 4
6818.040000 211415.160000 226078.080000 4 4
6815.860000 211410.470000 226078.080000 6 4
6759.070000 211287.230000 226078.080000 6 4
6655.150000 211056.260000 226078.080000 6 4
6644.830000 211032.930000 226078.080000 4 4
6643.560000 211030.070000 226078.080000 6 4
4823.070000 205350.180000 226078.080000 4 4
4435.230000 203537.660000 226078.080000 2 4
4381.060000 203258.980000 226078.080000 4 4
4367.670000 203189.030000 226078.080000 2 4
4306.030000 202861.360000 226078.080000 6 4
4288.280000 202765.260000 226078.080000 4 4
4278.890000 202714.120000 226078.080000 2 4
4181.620000 202170.630000 226078.080000 2 4
1928.040000 174212.030000 226078.080000 4 4
1804.670000 170666.230000 226078.080000 4 4
1802.770000 170607.890000 226078.080000 2 4
1748.680000 168892.210000 226078.080000 2 4
1683.520000 166678.640000 226078.080000 6 4
1680.800000 166582.450000 226078.080000 4 4
1679.080000 166521.690000 226078.080000 2 4
1626.880000 164610.760000 226078.080000 2 4
150397.100000 225006.500000 225671.220000 4 6
82361.480000 224457.390000 225671.220000 4 6
75953.050000 224354.980000 225671.220000 6 6
67984.380000 224200.700000 225671.220000 4 6
13603.720000 218322.300000 225671.220000 4 6
11981.150000 217327.060000 225671.220000 4 6
11718.490000 217140.040000 225671.220000 6 6
11532.450000 217002.410000 225671.220000 4 6
160993.200000 225006.500000 225627.470000 4 4
91055.860000 224529.540000 225627.470000 2 4
85441.050000 224457.390000 225627.470000 4 4
84142.180000 224439.330000 225627.470000 2 4
78564.430000 224354.980000 225627.470000 6 4
70069.040000 224200.700000 225627.470000 4 4
69429.480000 224187.550000 225627.470000 2 4
63315.240000 224048.500000 225627.470000 2 4
13685.190000 218322.300000 225627.470000 4 4
12238.180000 217458.560000 225627.470000 2 4
12044.300000 217327.060000 225627.470000 4 4
11996.680000 217294.110000 225627.470000 2 4
11778.900000 217140.040000 225627.470000 6 4
11590.950000 217002.410000 225627.470000 4 4
11558.760000 216978.390000 225627.470000 2 4
11228.250000 216723.800000 225627.470000 2 4
167457.080000 225006.500000 225603.500000 4 2
93088.140000 224529.540000 225603.500000 2 2
87227.970000 224457.390000 225603.500000 4 2
85874.630000 224439.330000 225603.500000 2 2
76880.150000 224303.130000 225603.500000 0 2
71266.310000 224200.700000 225603.500000 4 2
70604.810000 224187.550000 225603.500000 2 2
64291.230000 224048.500000 225603.500000 2 2
15320.180000 219077.950000 225603.500000 0 2
13730.240000 218322.300000 225603.500000 4 2
12274.200000 217458.560000 225603.500000 2 2
12079.190000 217327.060000 225603.500000 4 2
12031.280000 217294.110000 225603.500000 2 2
11881.540000 217189.390000 225603.500000 0 2
11623.250000 217002.410000 225603.500000 4 2
11590.880000 216978.390000 225603.500000 2 2
11258.560000 216723.800000 225603.500000 2 2
56494.280000 223658.550000 225428.160000 2 0
42974.260000 223101.820000 225428.160000 2 0
42376.790000 223069.020000 225428.160000 2 0
37247.670000 222744.160000 225428.160000 2 0
23905.540000 221246.170000 225428.160000 2 0
22526.470000 220990.150000 225428.160000 2 0
20900.070000 220644.790000 225428.160000 2 0
9432.280000 214829.180000 225428.160000 2 0
8949.720000 214257.690000 225428.160000 2 0
7094.270000 211336.160000 225428.160000 2 0
6811.630000 210751.430000 225428.160000 2 0
6582.180000 210239.830000 225428.160000 2 0
3626.170000 197858.690000 225428.160000 2 0
3466.880000 196592.070000 225428.160000 2 0
2831.390000 190120.240000 225428.160000 2 0
2737.490000 188909.170000 225428.160000 2 0
2631.450000 187437.560000 225428.160000 2 0
1704.670000 166765.660000 225428.160000 2 0
1422.450000 155126.730000 225428.160000 2 0
1311.640000 149187.800000 225428.160000 2 0
1307.390000 148940.170000 225428.160000 2 0
78415.860000 223731.590000 225006.500000 6 4
75849.270000 223688.450000 225006.500000 4 4
74166.800000 223658.550000 225006.500000 2 4
52488.050000 223101.820000 225006.500000 2 4
51599.500000 223069.020000 225006.500000 2 4
46977.320000 222878.390000 225006.500000 4 4
44190.040000 222744.160000 225006.500000 2 4
26586.180000 221246.170000 225006.500000 2 4
25866.920000 221141.610000 225006.500000 6 4
24891.450000 220990.150000 225006.500000 2 4
24747.000000 220966.700000 225006.500000 4 4
23300.970000 220716.000000 225006.500000 6 4
23075.080000 220674.000000 225006.500000 4 4
22920.560000 220644.790000 225006.500000 2 4
22161.320000 220495.360000 225006.500000 4 4
21662.540000 220391.490000 225006.500000 6 4
21511.680000 220359.130000 225006.500000 4 4
9823.080000 214829.180000 225006.500000 2 4
9411.520000 214384.130000 225006.500000 4 4
9300.810000 214257.690000 225006.500000 2 4
7313.090000 211336.160000 225006.500000 2 4
7190.780000 211103.630000 225006.500000 6 4
7013.120000 210751.430000 225006.500000 2 4
6990.470000 210705.260000 225006.500000 4 4
6798.620000 210301.680000 225006.500000 6 4
6782.180000 210266.040000 225006.500000 4 4
6770.140000 210239.830000 225006.500000 2 4
6629.150000 209925.760000 225006.500000 4 4
6547.610000 209737.970000 225006.500000 6 4
6520.140000 209673.650000 225006.500000 4 4
3682.490000 197858.690000 225006.500000 2 4
3533.190000 196711.540000 225006.500000 4 4
3518.330000 196592.070000 225006.500000 2 4
2865.620000 190120.240000 225006.500000 2 4
2802.550000 189335.160000 225006.500000 6 4
2769.470000 188909.170000 225006.500000 2 4
2765.500000 188857.370000 225006.500000 4 4
2664.840000 187491.900000 225006.500000 6 4
2662.680000 187461.560000 225006.500000 4 4
2660.980000 187437.560000 225006.500000 2 4
2636.680000 187091.370000 225006.500000 4 4
2600.980000 186570.980000 225006.500000 6 4
2596.970000 186511.580000 225006.500000 4 4
1717.010000 166765.660000 225006.500000 2 4
1431.030000 155126.730000 225006.500000 2 4
1318.940000 149187.800000 225006.500000 2 4
1317.000000 149076.520000 225006.500000 4 4
1314.640000 148940.170000 225006.500000 2 4
1237.340000 144187.940000 225006.500000 4 4
118860.620000 223688.450000 224529.540000 4 2
114780.330000 223658.550000 224529.540000 2 2
112805.220000 223643.300000 224529.540000 0 2
70022.470000 223101.820000 224529.540000 2 2
68449.990000 223069.020000 224529.540000 2 2
60547.210000 222878.390000 224529.540000 4 2
55995.100000 222744.160000 224529.540000 2 2
54630.030000 222699.550000 224529.540000 0 2
30448.170000 221246.170000 224529.540000 2 2
28347.500000 221002.860000 224529.540000 0 2
28245.710000 220990.150000 224529.540000 2 2
28059.850000 220966.700000 224529.540000 4 2
25929.600000 220674.000000 224529.540000 4 2
25734.650000 220644.790000 224529.540000 2 2
24781.400000 220495.360000 224529.540000 4 2
23971.870000 220359.130000 224529.540000 4 2
10306.070000 214829.180000 224529.540000 2 2
9853.970000 214384.130000 224529.540000 4 2
9732.670000 214257.690000 224529.540000 2 2
9689.530000 214211.960000 224529.540000 0 2
7577.470000 211336.160000 224529.540000 2 2
7269.090000 210776.450000 224529.540000 0 2
7255.890000 210751.430000 224529.540000 2 2
7231.650000 210705.260000 224529.540000 4 2
7008.970000 210266.040000 224529.540000 4 2
6996.110000 210239.830000 224529.540000 2 2
6845.650000 209925.760000 224529.540000 4 2
6729.480000 209673.650000 224529.540000 4 2
3748.350000 197858.690000 224529.540000 2 2
3593.770000 196711.540000 224529.540000 4 2
3578.400000 196592.070000 224529.540000 2 2
3571.770000 196540.230000 224529.540000 0 2
2905.340000 190120.240000 224529.540000 2 2
2808.770000 188937.240000 224529.540000 0 2
2806.560000 188909.170000 224529.540000 2 2
2802.480000 188857.370000 224529.540000 4 2
2696.950000 187461.560000 224529.540000 4 2
2695.200000 187437.560000 224529.540000 2 2
2670.280000 187091.370000 224529.540000 4 2
2629.550000 186511.580000 224529.540000 4 2
1731.190000 166765.660000 224529.540000 2 2
1440.860000 155126.730000 224529.540000 2 2
1327.290000 149187.800000 224529.540000 2 2
1325.330000 149076.520000 224529.540000 4 2
1322.940000 148940.170000 224529.540000 2 2
1322.380000 148908.590000 224529.540000 0 2
1244.690000 144187.940000 224529.540000 4 2
137741.270000 223731.590000 224457.390000 6 4
130013.500000 223688.450000 224457.390000 4 4
125147.240000 223658.550000 224457.390000 2 4
73749.450000 223101.820000 224457.390000 2 4
72007.200000 223069.020000 224457.390000 2 4
63313.850000 222878.390000 224457.390000 4 4
58353.280000 222744.160000 224457.390000 2 4
31132.290000 221246.170000 224457.390000 2 4
30150.570000 221141.610000 224457.390000 6 4
28833.480000 220990.150000 224457.390000 2 4
28639.830000 220966.700000 224457.390000 4 4
26720.720000 220716.000000 224457.390000 6 4
26424.090000 220674.000000 224457.390000 4 4
26221.660000 220644.790000 224457.390000 2 4
25232.680000 220495.360000 224457.390000 4 4
24588.090000 220391.490000 224457.390000 6 4
24393.900000 220359.130000 224457.390000 4 4
10383.300000 214829.180000 224457.390000 2 4
9924.550000 214384.130000 224457.390000 4 4
9801.520000 214257.690000 224457.390000 2 4
7619.140000 211336.160000 224457.390000 2 4
7486.460000 211103.630000 224457.390000 6 4
7294.080000 210751.430000 224457.390000 2 4
7269.600000 210705.260000 224457.390000 4 4
7062.340000 210301.680000 224457.390000 6 4
7044.600000 210266.040000 224457.390000 4 4
7031.620000 210239.830000 224457.390000 2 4
6879.640000 209925.760000 224457.390000 4 4
6791.870000 209737.970000 224457.390000 6 4
6762.320000 209673.650000 224457.390000 4 4
3758.510000 197858.690000 224457.390000 2 4
3603.110000 196711.540000 224457.390000 4 4
3587.670000 196592.070000 224457.390000 2 4
2911.440000 190120.240000 224457.390000 2 4
2846.360000 189335.160000 224457.390000 6 4
2812.250000 188909.170000 224457.390000 2 4
2808.160000 188857.370000 224457.390000 4 4
2704.420000 187491.900000 224457.390000 6 4
2702.210000 187461.560000 224457.390000 4 4
2700.450000 187437.560000 224457.390000 2 4
2675.430000 187091.370000 224457.390000 4 4
2638.680000 186570.980000 224457.390000 6 4
2634.550000 186511.580000 224457.390000 4 4
1733.350000 166765.660000 224457.390000 2 4
1442.360000 155126.730000 224457.390000 2 4
1328.560000 149187.800000 224457.390000 2 4
1326.600000 149076.520000 224457.390000 4 4
1324.200000 148940.170000 224457.390000 2 4
1245.800000 144187.940000 224457.390000 4 4
133140.910000 223688.450000 224439.330000 4 2
128042.310000 223658.550000 224439.330000 2 2
125589.300000 223643.300000 224439.330000 0 2
74745.380000 223101.820000 224439.330000 2 2
72956.320000 223069.020000 224439.330000 2 2
64046.470000 222878.390000 224439.330000 4 2
58975.030000 222744.160000 224439.330000 2 2
57462.760000 222699.550000 224439.330000 0 2
31308.390000 221246.170000 224439.330000 2 2
29091.670000 221002.860000 224439.330000 0 2
28984.470000 220990.150000 224439.330000 2 2
28788.790000 220966.700000 224439.330000 4 2
26550.850000 220674.000000 224439.330000 4 2
26346.480000 220644.790000 224439.330000 2 2
25348.240000 220495.360000 224439.330000 4 2
24501.890000 220359.130000 224439.330000 4 2
10402.810000 214829.180000 224439.330000 2 2
9942.380000 214384.130000 224439.330000 4 2
9818.910000 214257.690000 224439.330000 2 2
9775.000000 214211.960000 224439.330000 0 2
7629.640000 211336.160000 224439.330000 2 2
7317.080000 210776.450000 224439.330000 0 2
7303.710000 210751.430000 224439.330000 2 2
7279.160000 210705.260000 224439.330000 4 2
7053.580000 210266.040000 224439.330000 4 2
7040.560000 210239.830000 224439.330000 2 2
6888.200000 209925.760000 224439.330000 4 2
6770.590000 209673.650000 224439.330000 4 2
3761.070000 197858.690000 224439.330000 2 2
3605.460000 196711.540000 224439.330000 4 2
3589.990000 196592.070000 224439.330000 2 2
3583.320000 196540.230000 224439.330000 0 2
2912.980000 190120.240000 224439.330000 2 2
2815.910000 188937.240000 224439.330000 0 2
2813.680000 188909.170000 224439.330000 2 2
2809.590000 188857.370000 224439.330000 4 2
2703.530000 187461.560000 224439.330000 4 2
2701.770000 187437.560000 224439.330000 2 2
2676.730000 187091.370000 224439.330000 4 2
2635.810000 186511.580000 224439.330000 4 2
1733.890000 166765.660000 224439.330000 2 2
1442.740000 155126.730000 224439.330000 2 2
1328.880000 149187.800000 224439.330000 2 2
1326.910000 149076.520000 224439.330000 4 2
1324.520000 148940.170000 224439.330000 2 2
1323.960000 148908.590000 224439.330000 0 2
1246.080000 144187.940000 224439.330000 4 2
175555.250000 223785.510000 224354.980000 8 6
160370.570000 223731.590000 224354.980000 6 6
149990.740000 223688.450000 224354.980000 4 6
67705.260000 222878.390000 224354.980000 4 6
31111.510000 221141.610000 224354.980000 6 6
29505.510000 220966.700000 224354.980000 4 6
27472.750000 220716.000000 224354.980000 6 6
27159.290000 220674.000000 224354.980000 4 6
26078.070000 220521.390000 224354.980000 8 6
25902.240000 220495.360000 224354.980000 4 6
25223.440000 220391.490000 224354.980000 6 6
25019.130000 220359.130000 224354.980000 4 6
10026.490000 214384.130000 224354.980000 4 6
7544.320000 211103.630000 224354.980000 6 6
7324.140000 210705.260000 224354.980000 4 6
7113.810000 210301.680000 224354.980000 6 6
7095.810000 210266.040000 224354.980000 4 6
6928.470000 209925.760000 224354.980000 4 6
6879.910000 209823.910000 224354.980000 8 6
6839.460000 209737.970000 224354.980000 6 6
6809.490000 209673.650000 224354.980000 4 6
3616.460000 196711.540000 224354.980000 4 6
2854.690000 189335.160000 224354.980000 6 6
2816.260000 188857.370000 224354.980000 4 6
2711.940000 187491.900000 224354.980000 6 6
2709.710000 187461.560000 224354.980000 4 6
2682.790000 187091.370000 224354.980000 4 6
2651.560000 186652.490000 224354.980000 8 6
2645.840000 186570.980000 224354.980000 6 6
2641.680000 186511.580000 224354.980000 4 6
1328.400000 149076.520000 224354.980000 4 6
1247.400000 144187.940000 224354.980000 4 6
155097.850000 223658.550000 224303.130000 2 0
83219.760000 223101.820000 224303.130000 2 0
81008.030000 223069.020000 224303.130000 2 0
64127.420000 222744.160000 224303.130000 2 0
32703.310000 221246.170000 224303.130000 2 0
30176.060000 220990.150000 224303.130000 2 0
27327.360000 220644.790000 224303.130000 2 0
10552.370000 214829.180000 224303.130000 2 0
9952.040000 214257.690000 224303.130000 2 0
7709.780000 211336.160000 224303.130000 2 0
7377.120000 210751.430000 224303.130000 2 0
7108.750000 210239.830000 224303.130000 2 0
3780.440000 197858.690000 224303.130000 2 0
3607.640000 196592.070000 224303.130000 2 0
2924.580000 190120.240000 224303.130000 2 0
2824.510000 188909.170000 224303.130000 2 0
2711.750000 187437.560000 224303.130000 2 0
1738.000000 166765.660000 224303.130000 2 0
1445.580000 155126.730000 224303.130000 2 0
1331.290000 149187.800000 224303.130000 2 0
1326.910000 148940.170000 224303.130000 2 0
213113.940000 223731.590000 224200.700000 6 4
195165.900000 223688.450000 224200.700000 4 4
184402.330000 223658.550000 224200.700000 2 4
90977.240000 223101.820000 224200.700000 2 4
88340.490000 223069.020000 224200.700000 2 4
75604.830000 222878.390000 224200.700000 4 4
68637.310000 222744.160000 224200.700000 2 4
33837.140000 221246.170000 224200.700000 2 4
32680.590000 221141.610000 224200.700000 6 4
31138.840000 220990.150000 224200.700000 2 4
30913.100000 220966.700000 224200.700000 4 4
28689.080000 220716.000000 224200.700000 6 4
28347.420000 220674.000000 224200.700000 4 4
28114.570000 220644.790000 224200.700000 2 4
26980.740000 220495.360000 224200.700000 4 4
26245.050000 220391.490000 224200.700000 6 4
26023.920000 220359.130000 224200.700000 4 4
10667.710000 214829.180000 224200.700000 2 4
10184.070000 214384.130000 224200.700000 4 4
10054.560000 214257.690000 224200.700000 2 4
7771.170000 211336.160000 224200.700000 2 4
7633.200000 211103.630000 224200.700000 6 4
7433.300000 210751.430000 224200.700000 2 4
7407.870000 210705.260000 224200.700000 4 4
7192.770000 210301.680000 224200.700000 6 4
7174.370000 210266.040000 224200.700000 4 4
7160.910000 210239.830000 224200.700000 2 4
7003.350000 209925.760000 224200.700000 4 4
6912.420000 209737.970000 224200.700000 6 4
6881.810000 209673.650000 224200.700000 4 4
3795.140000 197858.690000 224200.700000 2 4
3636.760000 196711.540000 224200.700000 4 4
3621.020000 196592.070000 224200.700000 2 4
2933.370000 190120.240000 224200.700000 2 4
2867.320000 189335.160000 224200.700000 6 4
2832.710000 188909.170000 224200.700000 2 4
2828.560000 188857.370000 224200.700000 4 4
2723.340000 187491.900000 224200.700000 6 4
2721.090000 187461.560000 224200.700000 4 4
2719.310000 187437.560000 224200.700000 2 4
2693.940000 187091.370000 224200.700000 4 4
2656.680000 186570.980000 224200.700000 6 4
2652.500000 186511.580000 224200.700000 4 4
1741.100000 166765.660000 224200.700000 2 4
1447.720000 155126.730000 224200.700000 2 4
1333.100000 149187.800000 224200.700000 2 4
1331.130000 149076.520000 224200.700000 4 4
1328.720000 148940.170000 224200.700000 2 4
1249.800000 144187.940000 224200.700000 4 4
200305.220000 223688.450000 224187.550000 4 2
188983.750000 223658.550000 224187.550000 2 2
183688.340000 223643.300000 224187.550000 0 2
92078.530000 223101.820000 224187.550000 2 2
89378.500000 223069.020000 224187.550000 2 2
76363.830000 222878.390000 224187.550000 4 2
69262.290000 222744.160000 224187.550000 2 2
67185.710000 222699.550000 224187.550000 0 2
33988.340000 221246.170000 224187.550000 2 2
31391.610000 221002.860000 224187.550000 0 2
31266.830000 220990.150000 224187.550000 2 2
31039.250000 220966.700000 224187.550000 4 2
28453.450000 220674.000000 224187.550000 4 2
28218.870000 220644.790000 224187.550000 2 2
27076.780000 220495.360000 224187.550000 4 2
26113.260000 220359.130000 224187.550000 4 2
10682.690000 214829.180000 224187.550000 2 2
10197.720000 214384.130000 224187.550000 4 2
10067.870000 214257.690000 224187.550000 2 2
10021.720000 214211.960000 224187.550000 0 2
7779.120000 211336.160000 224187.550000 2 2
7454.450000 210776.450000 224187.550000 0 2
7440.570000 210751.430000 224187.550000 2 2
7415.090000 210705.260000 224187.550000 4 2
7181.150000 210266.040000 224187.550000 4 2
7167.650000 210239.830000 224187.550000 2 2
7009.810000 209925.760000 224187.550000 4 2
6888.040000 209673.650000 224187.550000 4 2
3797.030000 197858.690000 224187.550000 2 2
3638.500000 196711.540000 224187.550000 4 2
3622.750000 196592.070000 224187.550000 2 2
3615.960000 196540.230000 224187.550000 0 2
2934.510000 190120.240000 224187.550000 2 2
2836.020000 188937.240000 224187.550000 0 2
2833.760000 188909.170000 224187.550000 2 2
2829.610000 188857.370000 224187.550000 4 2
2722.060000 187461.560000 224187.550000 4 2
2720.280000 187437.560000 224187.550000 2 2
2694.900000 187091.370000 224187.550000 4 2
2653.420000 186511.580000 224187.550000 4 2
1741.500000 166765.660000 224187.550000 2 2
1448.000000 155126.730000 224187.550000 2 2
1333.340000 149187.800000 224187.550000 2 2
1331.360000 149076.520000 224187.550000 4 2
1328.950000 148940.170000 224187.550000 2 2
1328.390000 148908.590000 224187.550000 0 2
1250.010000 144187.940000 224187.550000 4 2
277662.050000 223688.450000 224048.500000 4 2
256372.160000 223658.550000 224048.500000 2 2
246723.330000 223643.300000 224048.500000 0 2
105603.150000 223101.820000 224048.500000 2 2
102066.940000 223069.020000 224048.500000 2 2
85438.510000 222878.390000 224048.500000 4 2
76646.030000 222744.160000 224048.500000 2 2
74111.210000 222699.550000 224048.500000 0 2
35674.820000 221246.170000 224048.500000 2 2
32824.810000 221002.860000 224048.500000 0 2
32688.400000 220990.150000 224048.500000 2 2
32439.730000 220966.700000 224048.500000 4 2
29625.910000 220674.000000 224048.500000 4 2
29371.690000 220644.790000 224048.500000 2 2
28136.420000 220495.360000 224048.500000 4 2
27097.450000 220359.130000 224048.500000 4 2
10843.810000 214829.180000 224048.500000 2 2
10344.450000 214384.130000 224048.500000 4 2
10210.860000 214257.690000 224048.500000 2 2
10163.390000 214211.960000 224048.500000 0 2
7864.210000 211336.160000 224048.500000 2 2
7532.550000 210776.450000 224048.500000 0 2
7518.380000 210751.430000 224048.500000 2 2
7492.370000 210705.260000 224048.500000 4 2
7253.600000 210266.040000 224048.500000 4 2
7239.830000 210239.830000 224048.500000 2 2
7078.830000 209925.760000 224048.500000 4 2
6954.670000 209673.650000 224048.500000 4 2
3817.200000 197858.690000 224048.500000 2 2
3657.010000 196711.540000 224048.500000 4 2
3641.100000 196592.070000 224048.500000 2 2
3634.230000 196540.230000 224048.500000 0 2
2946.530000 190120.240000 224048.500000 2 2
2847.250000 188937.240000 224048.500000 0 2
2844.980000 188909.170000 224048.500000 2 2
2840.790000 188857.370000 224048.500000 4 2
2732.410000 187461.560000 224048.500000 4 2
2730.620000 187437.560000 224048.500000 2 2
2705.040000 187091.370000 224048.500000 4 2
2663.250000 186511.580000 224048.500000 4 2
1745.720000 166765.660000 224048.500000 2 2
1450.920000 155126.730000 224048.500000 2 2
1335.810000 149187.800000 224048.500000 2 2
1333.830000 149076.520000 224048.500000 4 2
1331.410000 148940.170000 224048.500000 2 2
1330.850000 148908.590000 224048.500000 0 2
1252.180000 144187.940000 224048.500000 4 2
15043.720000 217140.040000 223785.510000 6 8
18481.660000 218322.300000 223731.590000 4 6
15609.690000 217327.060000 223731.590000 4 6
15166.780000 217140.040000 223731.590000 6 6
14856.590000 217002.410000 223731.590000 4 6
18630.240000 218322.300000 223688.450000 4 4
16047.250000 217458.560000 223688.450000 2 4
15715.540000 217327.060000 223688.450000 4 4
15634.560000 217294.110000 223688.450000 2 4
15266.700000 217140.040000 223688.450000 6 4
14952.450000 217002.410000 223688.450000 4 4
14898.920000 216978.390000 223688.450000 2 4
14354.300000 216723.800000 223688.450000 2 4
21825.230000 219077.950000 223658.550000 0 2
18734.630000 218322.300000 223658.550000 4 2
16124.640000 217458.560000 223658.550000 2 2
15789.760000 217327.060000 223658.550000 4 2
15708.010000 217294.110000 223658.550000 2 2
15453.720000 217189.390000 223658.550000 0 2
15019.620000 217002.410000 223658.550000 4 2
14965.610000 216978.390000 223658.550000 2 2
14416.190000 216723.800000 223658.550000 2 2
16164.400000 217458.560000 223643.300000 2 0
15745.740000 217294.110000 223643.300000 2 0
14999.850000 216978.390000 223643.300000 2 0
14447.960000 216723.800000 223643.300000 2 0
24844.910000 219077.950000 223101.820000 0 2
20916.890000 218322.300000 223101.820000 4 2
17715.410000 217458.560000 223101.820000 2 2
17312.020000 217327.060000 223101.820000 4 2
17213.790000 217294.110000 223101.820000 2 2
16908.890000 217189.390000 223101.820000 0 2
16390.560000 217002.410000 223101.820000 4 2
16326.260000 216978.390000 223101.820000 2 2
15674.570000 216723.800000 223101.820000 2 2
25049.080000 219077.950000 223069.020000 0 2
21061.420000 218322.300000 223069.020000 4 2
17818.970000 217458.560000 223069.020000 2 2
17410.900000 217327.060000 223069.020000 4 2
17311.560000 217294.110000 223069.020000 2 2
17003.210000 217189.390000 223069.020000 0 2
16479.170000 217002.410000 223069.020000 4 2
16414.180000 216978.390000 223069.020000 2 2
15755.590000 216723.800000 223069.020000 2 2
21942.650000 218322.300000 222878.390000 4 4
18445.720000 217458.560000 222878.390000 2 4
18008.790000 217327.060000 222878.390000 4 4
17902.520000 217294.110000 222878.390000 2 4
17421.850000 217140.040000 222878.390000 6 4
17013.800000 217002.410000 222878.390000 4 4
16944.530000 216978.390000 222878.390000 2 4
16243.600000 216723.800000 222878.390000 2 4
27268.670000 219077.950000 222744.160000 0 2
22608.740000 218322.300000 222744.160000 4 2
18914.150000 217458.560000 222744.160000 2 2
18455.030000 217327.060000 222744.160000 4 2
18343.450000 217294.110000 222744.160000 2 2
17997.610000 217189.390000 222744.160000 0 2
17411.540000 217002.410000 222744.160000 4 2
17339.000000 216978.390000 222744.160000 2 2
16605.770000 216723.800000 222744.160000 2 2
41663.150000 220300.000000 222699.550000 2 0
19075.150000 217458.560000 222699.550000 2 0
18494.840000 217294.110000 222699.550000 2 0
17474.210000 216978.390000 222699.550000 2 0
16729.740000 216723.800000 222699.550000 2 0
9154.920000 211779.450000 222699.550000 2 0
5845.790000 205597.970000 222699.550000 2 0
5217.240000 203537.660000 222699.550000 2 0
5124.010000 203189.030000 222699.550000 2 0
5002.250000 202714.120000 222699.550000 2 0
4869.820000 202170.630000 222699.550000 2 0
1919.690000 170607.890000 222699.550000 2 0
1858.480000 168892.210000 222699.550000 2 0
1780.060000 166521.690000 222699.550000 2 0
1721.500000 164610.760000 222699.550000 2 0
274407.940000 220990.150000 221354.470000 2 4
257817.350000 220966.700000 221354.470000 4 4
140870.660000 220644.790000 221354.470000 2 4
103816.300000 220391.490000 221354.470000 6 4
100440.430000 220359.130000 221354.470000 4 4
286642.040000 221002.860000 221351.630000 0 2
276563.860000 220990.150000 221351.630000 2 2
259719.550000 220966.700000 221351.630000 4 2
141436.670000 220644.790000 221351.630000 2 2
100727.830000 220359.130000 221351.630000 4 2
126591.780000 220521.390000 221311.110000 8 8
108711.250000 220391.490000 221311.110000 6 8
128216.960000 220521.390000 221301.100000 8 10
153462.460000 220644.790000 221296.240000 2 4
110497.970000 220391.490000 221296.240000 6 4
106681.560000 220359.130000 221296.240000 4 4
129678.880000 220521.390000 221292.310000 8 6
110980.040000 220391.490000 221292.310000 6 6
107130.840000 220359.130000 221292.310000 4 6
46108.170000 219077.950000 221246.170000 0 2
34191.900000 218322.300000 221246.170000 4 2
26394.650000 217458.560000 221246.170000 2 2
25509.050000 217327.060000 221246.170000 4 2
25296.360000 217294.110000 221246.170000 2 2
24643.340000 217189.390000 221246.170000 0 2
23557.590000 217002.410000 221246.170000 4 2
23425.000000 216978.390000 221246.170000 2 2
22106.270000 216723.800000 221246.170000 2 2
140700.580000 220521.390000 221231.920000 8 8
118954.660000 220391.490000 221231.920000 6 8
141751.950000 220521.390000 221226.650000 8 6
119705.280000 220391.490000 221226.650000 6 6
115239.210000 220359.130000 221226.650000 4 6
35459.980000 218322.300000 221141.610000 4 6
26208.280000 217327.060000 221141.610000 4 6
24983.360000 217140.040000 221141.610000 6 6
24152.680000 217002.410000 221141.610000 4 6
181121.380000 220521.390000 221073.350000 8 8
146618.270000 220391.490000 221073.350000 6 8
182486.830000 220521.390000 221069.220000 8 6
147511.760000 220391.490000 221069.220000 6 6
140788.120000 220359.130000 221069.220000 4 6
242524.220000 220644.790000 221057.010000 2 4
150218.090000 220391.490000 221057.010000 6 4
143251.300000 220359.130000 221057.010000 4 4
187525.520000 220521.390000 221054.500000 8 6
150786.790000 220391.490000 221054.500000 6 6
143768.380000 220359.130000 221054.500000 4 6
142237.400000 220300.000000 221002.860000 2 0
28206.610000 217458.560000 221002.860000 2 0
26955.930000 217294.110000 221002.860000 2 0
24841.230000 216978.390000 221002.860000 2 0
23363.260000 216723.800000 221002.860000 2 0
10505.430000 211486.580000 221002.860000 2 0
5724.080000 203537.660000 221002.860000 2 0
5612.060000 203189.030000 221002.860000 2 0
5466.330000 202714.120000 221002.860000 2 0
5308.570000 202170.630000 221002.860000 2 0
1984.330000 170607.890000 221002.860000 2 0
1918.990000 168892.210000 221002.860000 2 0
1835.500000 166521.690000 221002.860000 2 0
1773.300000 164610.760000 221002.860000 2 0
146986.560000 220310.000000 220990.150000 0 2
144856.780000 220300.000000 220990.150000 2 2
142787.840000 220290.000000 220990.150000 4 2
52281.530000 219077.950000 220990.150000 0 2
37473.150000 218322.300000 220990.150000 4 2
28308.120000 217458.560000 220990.150000 2 2
27291.940000 217327.060000 220990.150000 4 2
27048.620000 217294.110000 220990.150000 2 2
26303.330000 217189.390000 220990.150000 0 2
25070.040000 217002.410000 220990.150000 4 2
24919.930000 216978.390000 220990.150000 2 2
23432.860000 216723.800000 220990.150000 2 2
10523.600000 211490.300000 220990.150000 4 2
10519.480000 211486.580000 220990.150000 2 2
10441.020000 211415.160000 220990.150000 4 2
10040.210000 211032.930000 220990.150000 4 2
7100.360000 206910.240000 220990.150000 0 2
6392.110000 205350.180000 220990.150000 4 2
5728.250000 203537.660000 220990.150000 2 2
5638.220000 203258.980000 220990.150000 4 2
5616.070000 203189.030000 220990.150000 2 2
5607.700000 203162.480000 220990.150000 0 2
5485.480000 202765.260000 220990.150000 4 2
5470.130000 202714.120000 220990.150000 2 2
5312.150000 202170.630000 220990.150000 2 2
2340.280000 178273.380000 220990.150000 0 2
2137.080000 174212.030000 220990.150000 4 2
1987.130000 170666.230000 220990.150000 4 2
1984.830000 170607.890000 220990.150000 2 2
1983.440000 170572.610000 220990.150000 0 2
1919.460000 168892.210000 220990.150000 2 2
1837.980000 166582.450000 220990.150000 4 2
1835.920000 166521.690000 220990.150000 2 2
1773.700000 164610.760000 220990.150000 2 2
149950.560000 220300.000000 220966.700000 2 4
147734.670000 220290.000000 220966.700000 4 4
37805.370000 218322.300000 220966.700000 4 4
28497.300000 217458.560000 220966.700000 2 4
27467.740000 217327.060000 220966.700000 4 4
27221.290000 217294.110000 220966.700000 2 4
26125.280000 217140.040000 220966.700000 6 4
25218.300000 217002.410000 220966.700000 4 4
25066.410000 216978.390000 220966.700000 2 4
23562.340000 216723.800000 220966.700000 2 4
10549.640000 211490.300000 220966.700000 4 4
10545.500000 211486.580000 220966.700000 2 4
10466.640000 211415.160000 220966.700000 4 4
10461.510000 211410.470000 220966.700000 6 4
10328.310000 211287.230000 220966.700000 6 4
10087.600000 211056.260000 220966.700000 6 4
10063.910000 211032.930000 220966.700000 4 4
10061.010000 211030.070000 220966.700000 6 4
6401.700000 205350.180000 220966.700000 4 4
5735.960000 203537.660000 220966.700000 2 4
5645.690000 203258.980000 220966.700000 4 4
5623.470000 203189.030000 220966.700000 2 4
5521.700000 202861.360000 220966.700000 6 4
5492.540000 202765.260000 220966.700000 4 4
5477.150000 202714.120000 220966.700000 2 4
5318.780000 202170.630000 220966.700000 2 4
2138.150000 174212.030000 220966.700000 4 4
1988.050000 170666.230000 220966.700000 4 4
1985.750000 170607.890000 220966.700000 2 4
1920.330000 168892.210000 220966.700000 2 4
1842.030000 166678.640000 220966.700000 6 4
1838.770000 166582.450000 220966.700000 4 4
1836.720000 166521.690000 220966.700000 2 4
1774.440000 164610.760000 220966.700000 2 4
41764.920000 218322.300000 220716.000000 4 6
29499.730000 217327.060000 220716.000000 4 6
27956.870000 217140.040000 220716.000000 6 6
26920.790000 217002.410000 220716.000000 4 6
42510.810000 218322.300000 220674.000000 4 4
31091.430000 217458.560000 220674.000000 2 4
29869.910000 217327.060000 220674.000000 4 4
29578.700000 217294.110000 220674.000000 2 4
28289.130000 217140.040000 220674.000000 6 4
27228.740000 217002.410000 220674.000000 4 4
27051.760000 216978.390000 220674.000000 2 4
25308.280000 216723.800000 220674.000000 2 4
298610.680000 220310.000000 220644.790000 0 2
289950.100000 220300.000000 220644.790000 2 2
281777.730000 220290.000000 220644.790000 4 2
63805.160000 219077.950000 220644.790000 0 2
43045.430000 218322.300000 220644.790000 4 2
31376.440000 217458.560000 220644.790000 2 2
30132.870000 217327.060000 220644.790000 4 2
29836.530000 217294.110000 220644.790000 2 2
28932.250000 217189.390000 220644.790000 0 2
27447.090000 217002.410000 220644.790000 4 2
27267.260000 216978.390000 220644.790000 2 2
25496.800000 216723.800000 220644.790000 2 2
10920.610000 211490.300000 220644.790000 4 2
10916.170000 211486.580000 220644.790000 2 2
10831.700000 211415.160000 220644.790000 4 2
10400.960000 211032.930000 220644.790000 4 2
7278.900000 206910.240000 220644.790000 0 2
6536.440000 205350.180000 220644.790000 4 2
5843.890000 203537.660000 220644.790000 2 2
5750.220000 203258.980000 220644.790000 4 2
5727.180000 203189.030000 220644.790000 2 2
5718.480000 203162.480000 220644.790000 0 2
5591.430000 202765.260000 220644.790000 4 2
5575.490000 202714.120000 220644.790000 2 2
5411.460000 202170.630000 220644.790000 2 2
2359.360000 178273.380000 220644.790000 0 2
2152.970000 174212.030000 220644.790000 4 2
2000.210000 170666.230000 220644.790000 4 2
1998.530000 170607.890000 220644.790000 2 2
1997.120000 170572.610000 220644.790000 0 2
1932.270000 168892.210000 220644.790000 2 2
1849.720000 166582.450000 220644.790000 4 2
1847.640000 166521.690000 220644.790000 2 2
1784.630000 164610.760000 220644.790000 2 2
29565.950000 217140.040000 220521.390000 6 8
10972.840000 211410.470000 220521.390000 6 8
10962.690000 211402.030000 220521.390000 8 8
10948.180000 211389.950000 220521.390000 10 8
10835.340000 211294.850000 220521.390000 8 8
10826.400000 211287.230000 220521.390000 6 8
10566.650000 211060.240000 220521.390000 8 8
10562.210000 211056.260000 220521.390000 6 8
10533.060000 211030.070000 220521.390000 6 8
5660.940000 202861.360000 220521.390000 6 8
1857.260000 166678.640000 220521.390000 6 8
46005.480000 218322.300000 220495.360000 4 4
32920.380000 217458.560000 220495.360000 2 4
31554.090000 217327.060000 220495.360000 4 4
31229.290000 217294.110000 220495.360000 2 4
29795.270000 217140.040000 220495.360000 6 4
28621.310000 217002.410000 220495.360000 4 4
28425.820000 216978.390000 220495.360000 2 4
26507.000000 216723.800000 220495.360000 2 4
48314.820000 218322.300000 220391.490000 4 6
32623.600000 217327.060000 220391.490000 4 6
30747.070000 217140.040000 220391.490000 6 6
29498.480000 217002.410000 220391.490000 4 6
11231.370000 211490.300000 220391.490000 4 6
11137.360000 211415.160000 220391.490000 4 6
11131.540000 211410.470000 220391.490000 6 6
11121.090000 211402.030000 220391.490000 8 6
10990.060000 211294.850000 220391.490000 8 6
10980.860000 211287.230000 220391.490000 6 6
10713.740000 211060.240000 220391.490000 8 6
10709.170000 211056.260000 220391.490000 6 6
10682.470000 211032.930000 220391.490000 4 6
10679.210000 211030.070000 220391.490000 6 6
6646.520000 205350.180000 220391.490000 4 6
5835.240000 203258.980000 220391.490000 4 6
5702.880000 202861.360000 220391.490000 6 6
5671.790000 202765.260000 220391.490000 4 6
2164.790000 174212.030000 220391.490000 4 6
2010.400000 170666.230000 220391.490000 4 6
1861.750000 166678.640000 220391.490000 6 6
1858.420000 166582.450000 220391.490000 4 6
49082.570000 218322.300000 220359.130000 4 4
34466.590000 217458.560000 220359.130000 2 4
32971.840000 217327.060000 220359.130000 4 4
32617.360000 217294.110000 220359.130000 2 4
31056.220000 217140.040000 220359.130000 6 4
29782.910000 217002.410000 220359.130000 4 4
29571.290000 216978.390000 220359.130000 2 4
27500.350000 216723.800000 220359.130000 2 4
11272.360000 211490.300000 220359.130000 4 4
11267.640000 211486.580000 220359.130000 2 4
11177.660000 211415.160000 220359.130000 4 4
11171.800000 211410.470000 220359.130000 6 4
11020.040000 211287.230000 220359.130000 6 4
10746.430000 211056.260000 220359.130000 6 4
10719.550000 211032.930000 220359.130000 4 4
10716.260000 211030.070000 220359.130000 6 4
6660.850000 205350.180000 220359.130000 4 4
5943.140000 203537.660000 220359.130000 2 4
5846.280000 203258.980000 220359.130000 4 4
5822.460000 203189.030000 220359.130000 2 4
5713.430000 202861.360000 220359.130000 6 4
5682.220000 202765.260000 220359.130000 4 4
5665.750000 202714.120000 220359.130000 2 4
5496.450000 202170.630000 220359.130000 2 4
2166.300000 174212.030000 220359.130000 4 4
2011.710000 170666.230000 220359.130000 4 4
2009.350000 170607.890000 220359.130000 2 4
1943.000000 168892.210000 220359.130000 2 4
1862.870000 166678.640000 220359.130000 6 4
1859.540000 166582.450000 220359.130000 4 4
1857.440000 166521.690000 220359.130000 2 4
1793.770000 164610.760000 220359.130000 2 4
23529.810000 214829.180000 219077.950000 2 0
20740.120000 214257.690000 219077.950000 2 0
12913.380000 211336.160000 219077.950000 2 0
12006.540000 210751.430000 219077.950000 2 0
11311.530000 210239.830000 219077.950000 2 0
4711.380000 197858.690000 219077.950000 2 0
4445.990000 196592.070000 219077.950000 2 0
3452.320000 190120.240000 219077.950000 2 0
3313.730000 188909.170000 219077.950000 2 0
3159.600000 187437.560000 219077.950000 2 0
1911.600000 166765.660000 219077.950000 2 0
1563.690000 155126.730000 219077.950000 2 0
1430.820000 149187.800000 219077.950000 2 0
1425.770000 148940.170000 219077.950000 2 0
28619.910000 214829.180000 218322.300000 2 4
25385.590000 214384.130000 218322.300000 4 4
24595.900000 214257.690000 218322.300000 2 4
14310.150000 211336.160000 218322.300000 2 4
13849.180000 211103.630000 218322.300000 6 4
13204.910000 210751.430000 218322.300000 2 4
13124.870000 210705.260000 218322.300000 4 4
12464.460000 210301.680000 218322.300000 6 4
12409.310000 210266.040000 218322.300000 4 4
12369.070000 210239.830000 218322.300000 2 4
11906.410000 209925.760000 218322.300000 4 4
11645.950000 209737.970000 218322.300000 6 4
11559.340000 209673.650000 218322.300000 4 4
4885.360000 197858.690000 218322.300000 2 4
4626.030000 196711.540000 218322.300000 4 4
4600.600000 196592.070000 218322.300000 2 4
3544.830000 190120.240000 218322.300000 2 4
3448.820000 189335.160000 218322.300000 6 4
3398.870000 188909.170000 218322.300000 2 4
3392.890000 188857.370000 218322.300000 4 4
3242.620000 187491.900000 218322.300000 6 4
3239.430000 187461.560000 218322.300000 4 4
3236.910000 187437.560000 218322.300000 2 4
3201.030000 187091.370000 218322.300000 4 4
3148.560000 186570.980000 218322.300000 6 4
3142.680000 186511.580000 218322.300000 4 4
1939.610000 166765.660000 218322.300000 2 4
1582.390000 155126.730000 218322.300000 2 4
1446.460000 149187.800000 218322.300000 2 4
1444.130000 149076.520000 218322.300000 4 4
1441.290000 148940.170000 218322.300000 2 4
1348.900000 144187.940000 218322.300000 4 4
38021.460000 214829.180000 217458.560000 2 2
32517.520000 214384.130000 217458.560000 4 2
31233.020000 214257.690000 217458.560000 2 2
30793.090000 214211.960000 217458.560000 0 2
16329.010000 211336.160000 217458.560000 2 2
14961.250000 210776.450000 217458.560000 0 2
14905.440000 210751.430000 217458.560000 2 2
14803.540000 210705.260000 217458.560000 4 2
13899.540000 210266.040000 217458.560000 4 2
13849.070000 210239.830000 217458.560000 2 2
13271.650000 209925.760000 217458.560000 4 2
12841.860000 209673.650000 217458.560000 4 2
5100.650000 197858.690000 217458.560000 2 2
4818.620000 196711.540000 217458.560000 4 2
4791.030000 196592.070000 217458.560000 2 2
4779.160000 196540.230000 217458.560000 0 2
3656.830000 190120.240000 217458.560000 2 2
3505.150000 188937.240000 217458.560000 0 2
3501.700000 188909.170000 217458.560000 2 2
3495.360000 188857.370000 217458.560000 4 2
3332.710000 187461.560000 217458.560000 4 2
3330.040000 187437.560000 217458.560000 2 2
3292.080000 187091.370000 217458.560000 4 2
3230.400000 186511.580000 217458.560000 4 2
1972.660000 166765.660000 217458.560000 2 2
1604.320000 155126.730000 217458.560000 2 2
1464.760000 149187.800000 217458.560000 2 2
1462.370000 149076.520000 217458.560000 4 2
1459.460000 148940.170000 217458.560000 2 2
1458.790000 148908.590000 217458.560000 0 2
1364.800000 144187.940000 217458.560000 4 2
40022.990000 214829.180000 217327.060000 2 4
33970.450000 214384.130000 217327.060000 4 4
32571.060000 214257.690000 217327.060000 2 4
16687.420000 211336.160000 217327.060000 2 4
16063.910000 211103.630000 217327.060000 6 4
15203.510000 210751.430000 217327.060000 2 4
15097.500000 210705.260000 217327.060000 4 4
14230.210000 210301.680000 217327.060000 6 4
14158.380000 210266.040000 217327.060000 4 4
14106.020000 210239.830000 217327.060000 2 4
13507.440000 209925.760000 217327.060000 4 4
13173.200000 209737.970000 217327.060000 6 4
13062.490000 209673.650000 217327.060000 4 4
5135.110000 197858.690000 217327.060000 2 4
4849.360000 196711.540000 217327.060000 4 4
4821.420000 196592.070000 217327.060000 2 4
3674.500000 190120.240000 217327.060000 2 4
3571.440000 189335.160000 217327.060000 6 4
3517.900000 188909.170000 217327.060000 2 4
3511.500000 188857.370000 217327.060000 4 4
3350.790000 187491.900000 217327.060000 6 4
3347.380000 187461.560000 217327.060000 4 4
3344.690000 187437.560000 217327.060000 2 4
3306.400000 187091.370000 217327.060000 4 4
3250.450000 186570.980000 217327.060000 6 4
3244.190000 186511.580000 217327.060000 4 4
1977.790000 166765.660000 217327.060000 2 4
1607.710000 155126.730000 217327.060000 2 4
1467.580000 149187.800000 217327.060000 2 4
1465.190000 149076.520000 217327.060000 4 4
1462.270000 148940.170000 217327.060000 2 4
1367.260000 144187.940000 217327.060000 4 4
40558.030000 214829.180000 217294.110000 2 2
34355.120000 214384.130000 217294.110000 4 2
32924.530000 214257.690000 217294.110000 2 2
32436.030000 214211.960000 217294.110000 0 2
16779.710000 211336.160000 217294.110000 2 2
15338.740000 210776.450000 217294.110000 0 2
15280.080000 210751.430000 217294.110000 2 2
15173.010000 210705.260000 217294.110000 4 2
14224.770000 210266.040000 217294.110000 4 2
14171.920000 210239.830000 217294.110000 2 2
13567.850000 209925.760000 217294.110000 4 2
13118.980000 209673.650000 217294.110000 4 2
5143.810000 197858.690000 217294.110000 2 2
4857.120000 196711.540000 217294.110000 4 2
4829.090000 196592.070000 217294.110000 2 2
4817.030000 196540.230000 217294.110000 0 2
3678.960000 190120.240000 217294.110000 2 2
3525.470000 188937.240000 217294.110000 0 2
3521.990000 188909.170000 217294.110000 2 2
3515.570000 188857.370000 217294.110000 4 2
3351.080000 187461.560000 217294.110000 4 2
3348.390000 187437.560000 217294.110000 2 2
3310.000000 187091.370000 217294.110000 4 2
3247.660000 186511.580000 217294.110000 4 2
1979.080000 166765.660000 217294.110000 2 2
1608.560000 155126.730000 217294.110000 2 2
1468.290000 149187.800000 217294.110000 2 2
1465.900000 149076.520000 217294.110000 4 2
1462.970000 148940.170000 217294.110000 2 2
1462.300000 148908.590000 217294.110000 0 2
1367.870000 144187.940000 217294.110000 4 2
42357.650000 214829.180000 217189.390000 2 0
34100.660000 214257.690000 217189.390000 2 0
17079.930000 211336.160000 217189.390000 2 0
15528.640000 210751.430000 217189.390000 2 0
14385.480000 210239.830000 217189.390000 2 0
5171.680000 197858.690000 217189.390000 2 0
4853.650000 196592.070000 217189.390000 2 0
3693.190000 190120.240000 217189.390000 2 0
3535.030000 188909.170000 217189.390000 2 0
3360.170000 187437.560000 217189.390000 2 0
1983.190000 166765.660000 217189.390000 2 0
1611.270000 155126.730000 217189.390000 2 0
1470.550000 149187.800000 217189.390000 2 0
1465.220000 148940.170000 217189.390000 2 0
36275.800000 214384.130000 217140.040000 4 6
16561.620000 211103.630000 217140.040000 6 6
15536.310000 210705.260000 217140.040000 4 6
14619.400000 210301.680000 217140.040000 6 6
14543.600000 210266.040000 217140.040000 4 6
13857.610000 209925.760000 217140.040000 4 6
13664.700000 209823.910000 217140.040000 8 6
13506.050000 209737.970000 217140.040000 6 6
13389.700000 209673.650000 217140.040000 4 6
4893.760000 196711.540000 217140.040000 4 6
3595.470000 189335.160000 217140.040000 6 6
3534.720000 188857.370000 217140.040000 4 6
3371.920000 187491.900000 217140.040000 6 6
3368.480000 187461.560000 217140.040000 4 6
3326.980000 187091.370000 217140.040000 4 6
3279.080000 186652.490000 217140.040000 8 6
3270.340000 186570.980000 217140.040000 6 6
3264.000000 186511.580000 217140.040000 4 6
1469.220000 149076.520000 217140.040000 4 6
1370.760000 144187.940000 217140.040000 4 6
46001.870000 214829.180000 217002.410000 2 4
38182.570000 214384.130000 217002.410000 4 4
36423.630000 214257.690000 217002.410000 2 4
17643.530000 211336.160000 217002.410000 2 4
16948.020000 211103.630000 217002.410000 6 4
15993.120000 210751.430000 217002.410000 2 4
15875.860000 210705.260000 217002.410000 4 4
14919.660000 210301.680000 217002.410000 6 4
14840.730000 210266.040000 217002.410000 4 4
14783.210000 210239.830000 217002.410000 2 4
14127.110000 209925.760000 217002.410000 4 4
13761.920000 209737.970000 217002.410000 6 4
13641.140000 209673.650000 217002.410000 4 4
5222.190000 197858.690000 217002.410000 2 4
4926.950000 196711.540000 217002.410000 4 4
4898.110000 196592.070000 217002.410000 2 4
3718.880000 190120.240000 217002.410000 2 4
3613.350000 189335.160000 217002.410000 6 4
3558.560000 188909.170000 217002.410000 2 4
3552.010000 188857.370000 217002.410000 4 4
3387.650000 187491.900000 217002.410000 6 4
3384.170000 187461.560000 217002.410000 4 4
3381.420000 187437.560000 217002.410000 2 4
3342.290000 187091.370000 217002.410000 4 4
3285.130000 186570.980000 217002.410000 6 4
3278.730000 186511.580000 217002.410000 4 4
1990.570000 166765.660000 217002.410000 2 4
1616.140000 155126.730000 217002.410000 2 4
1474.610000 149187.800000 217002.410000 2 4
1472.190000 149076.520000 217002.410000 4 4
1469.240000 148940.170000 217002.410000 2 4
1373.350000 144187.940000 217002.410000 4 4
46516.030000 214829.180000 216978.390000 2 2
38536.120000 214384.130000 216978.390000 4 2
36745.220000 214257.690000 216978.390000 2 2
36137.810000 214211.960000 216978.390000 0 2
17718.650000 211336.160000 216978.390000 2 2
16119.580000 210776.450000 216978.390000 0 2
16054.810000 210751.430000 216978.390000 2 2
15936.650000 210705.260000 216978.390000 4 2
14893.840000 210266.040000 216978.390000 4 2
14835.910000 210239.830000 216978.390000 2 2
14175.230000 209925.760000 216978.390000 4 2
13686.000000 209673.650000 216978.390000 4 2
5228.750000 197858.690000 216978.390000 2 2
4932.790000 196711.540000 216978.390000 4 2
4903.880000 196592.070000 216978.390000 2 2
4891.440000 196540.230000 216978.390000 0 2
3722.210000 190120.240000 216978.390000 2 2
3565.170000 188937.240000 216978.390000 0 2
3561.600000 188909.170000 216978.390000 2 2
3555.040000 188857.370000 216978.390000 4 2
3386.930000 187461.560000 216978.390000 4 2
3384.170000 187437.560000 216978.390000 2 2
3344.970000 187091.370000 216978.390000 4 2
3281.310000 186511.580000 216978.390000 4 2
1991.530000 166765.660000 216978.390000 2 2
1616.770000 155126.730000 216978.390000 2 2
1475.130000 149187.800000 216978.390000 2 2
1472.710000 149076.520000 216978.390000 4 2
1469.760000 148940.170000 216978.390000 2 2
1469.080000 148908.590000 216978.390000 0 2
1373.810000 144187.940000 216978.390000 4 2
52766.620000 214829.180000 216723.800000 2 2
42729.400000 214384.130000 216723.800000 4 2
40538.620000 214257.690000 216723.800000 2 2
39800.580000 214211.960000 216723.800000 0 2
18555.930000 211336.160000 216723.800000 2 2
16809.620000 210776.450000 216723.800000 0 2
16739.200000 210751.430000 216723.800000 2 2
16610.780000 210705.260000 216723.800000 4 2
15481.010000 210266.040000 216723.800000 4 2
15418.430000 210239.830000 216723.800000 2 2
14706.100000 209925.760000 216723.800000 4 2
14180.220000 209673.650000 216723.800000 4 2
5299.320000 197858.690000 216723.800000 2 2
4995.540000 196711.540000 216723.800000 4 2
4965.900000 196592.070000 216723.800000 2 2
4953.140000 196540.230000 216723.800000 0 2
3757.830000 190120.240000 216723.800000 2 2
3597.840000 188937.240000 216723.800000 0 2
3594.200000 188909.170000 216723.800000 2 2
3587.520000 188857.370000 216723.800000 4 2
3416.390000 187461.560000 216723.800000 4 2
3413.590000 187437.560000 216723.800000 2 2
3373.710000 187091.370000 216723.800000 4 2
3308.970000 186511.580000 216723.800000 4 2
2001.030000 166765.660000 216723.800000 2 2
1623.450000 155126.730000 216723.800000 2 2
1480.690000 149187.800000 216723.800000 2 2
1478.260000 149076.520000 216723.800000 4 2
1475.280000 148940.170000 216723.800000 2 2
1474.600000 148908.590000 216723.800000 0 2
1378.630000 144187.940000 216723.800000 4 2
