19528.680000 266640.580000 271759.860000 6 4
19466.850000 266624.320000 271759.860000 4 4
19299.280000 266579.730000 271759.860000 6 4
10644.660000 262368.050000 271759.860000 4 4
10553.390000 262286.820000 271759.860000 2 4
10108.540000 261869.940000 271759.860000 6 4
9936.540000 261698.750000 271759.860000 4 4
9860.890000 261621.560000 271759.860000 4 4
9609.200000 261356.020000 271759.860000 6 4
9522.500000 261261.290000 271759.860000 4 4
9480.220000 261214.470000 271759.860000 2 4
9329.430000 261044.030000 271759.860000 6 4
9255.660000 260958.620000 271759.860000 4 4
9215.850000 260911.960000 271759.860000 2 4
9028.020000 260686.270000 271759.860000 2 4
5958.430000 254981.550000 271759.860000 4 4
5327.170000 252993.390000 271759.860000 4 4
5325.420000 252987.230000 271759.860000 2 4
4300.870000 248515.300000 271759.860000 4 4
4284.490000 248426.410000 271759.860000 2 4
4240.910000 248186.640000 271759.860000 6 4
4209.410000 248010.230000 271759.860000 4 4
3955.120000 246483.320000 271759.860000 4 4
3950.790000 246455.630000 271759.860000 6 4
3929.740000 246320.090000 271759.860000 2 4
3925.380000 246291.820000 271759.860000 4 4
3866.380000 245903.220000 271759.860000 6 4
3853.490000 245816.700000 271759.860000 4 4
3846.320000 245768.370000 271759.860000 2 4
3741.090000 245037.290000 271759.860000 2 4
3684.430000 244626.360000 271759.860000 6 4
2548.120000 232527.090000 271759.860000 4 4
2545.100000 232480.440000 271759.860000 2 4
2392.110000 229968.440000 271759.860000 4 4
2390.880000 229947.070000 271759.860000 6 4
2322.920000 228723.840000 271759.860000 6 4
1738.220000 214229.670000 271759.860000 4 4
1736.410000 214169.920000 271759.860000 2 4
1677.910000 212161.880000 271759.860000 4 4
1665.360000 211712.730000 271759.860000 6 4
1660.090000 211522.120000 271759.860000 4 4
1580.390000 208484.200000 271759.860000 6 4
1578.090000 208392.260000 271759.860000 4 4
1576.950000 208346.100000 271759.860000 2 4
1541.260000 206877.860000 271759.860000 6 4
1539.090000 206786.290000 271759.860000 4 4
1537.770000 206730.760000 271759.860000 2 4
1474.540000 203942.290000 271759.860000 2 4
19884.240000 266624.320000 271652.060000 4 2
10768.260000 262368.050000 271652.060000 4 2
10674.860000 262286.820000 271652.060000 2 2
10044.160000 261698.750000 271652.060000 4 2
9966.860000 261621.560000 271652.060000 4 2
9621.290000 261261.290000 271652.060000 4 2
9578.130000 261214.470000 271652.060000 2 2
9348.970000 260958.620000 271652.060000 4 2
9308.350000 260911.960000 271652.060000 2 2
9116.770000 260686.270000 271652.060000 2 2
5996.960000 254981.550000 271652.060000 4 2
5357.950000 252993.390000 271652.060000 4 2
5356.180000 252987.230000 271652.060000 2 2
4320.910000 248515.300000 271652.060000 4 2
4304.370000 248426.410000 271652.060000 2 2
4228.600000 248010.230000 271652.060000 4 2
3972.060000 246483.320000 271652.060000 4 2
3946.460000 246320.090000 271652.060000 2 2
3942.070000 246291.820000 271652.060000 4 2
3869.570000 245816.700000 271652.060000 4 2
3862.340000 245768.370000 271652.060000 2 2
3756.250000 245037.290000 271652.060000 2 2
2555.150000 232527.090000 271652.060000 4 2
2552.100000 232480.440000 271652.060000 2 2
2398.290000 229968.440000 271652.060000 4 2
1741.480000 214229.670000 271652.060000 4 2
1739.670000 214169.920000 271652.060000 2 2
1680.950000 212161.880000 271652.060000 4 2
1663.070000 211522.120000 271652.060000 4 2
1580.780000 208392.260000 271652.060000 4 2
1579.630000 208346.100000 271652.060000 2 2
1541.650000 206786.290000 271652.060000 4 2
1540.330000 206730.760000 271652.060000 2 2
1476.890000 203942.290000 271652.060000 2 2
18562.830000 265999.750000 271385.390000 10 12
18326.530000 265930.310000 271385.390000 10 12
18309.350000 265925.190000 271385.390000 12 12
17775.770000 265761.290000 271385.390000 10 12
6555.840000 256136.040000 271385.390000 10 12
6490.950000 255983.580000 271385.390000 10 12
6488.380000 255977.480000 271385.390000 12 12
6425.900000 255827.660000 271385.390000 10 12
18581.730000 266004.900000 271385.060000 8 10
18563.960000 265999.750000 271385.060000 10 10
18538.350000 265992.310000 271385.060000 8 10
18327.640000 265930.310000 271385.060000 10 10
18310.450000 265925.190000 271385.060000 12 10
17783.360000 265763.360000 271385.060000 8 10
17776.810000 265761.290000 271385.060000 10 10
17648.430000 265720.380000 271385.060000 8 10
17397.240000 265638.590000 271385.060000 8 10
6559.060000 256143.190000 271385.060000 8 10
6555.990000 256136.040000 271385.060000 10 10
6550.480000 256123.230000 271385.060000 8 10
6491.090000 255983.580000 271385.060000 10 10
6488.520000 255977.480000 271385.060000 12 10
6426.830000 255829.580000 271385.060000 8 10
6426.030000 255827.660000 271385.060000 10 10
6397.950000 255759.380000 271385.060000 8 10
6370.220000 255691.350000 271385.060000 8 10
18582.630000 266004.900000 271384.800000 8 10
18564.860000 265999.750000 271384.800000 10 10
18539.250000 265992.310000 271384.800000 8 10
18328.510000 265930.310000 271384.800000 10 10
18311.330000 265925.190000 271384.800000 12 10
17784.180000 265763.360000 271384.800000 8 10
17777.630000 265761.290000 271384.800000 10 10
17649.240000 265720.380000 271384.800000 8 10
17398.020000 265638.590000 271384.800000 8 10
6559.170000 256143.190000 271384.800000 8 10
6556.100000 256136.040000 271384.800000 10 10
6550.600000 256123.230000 271384.800000 8 10
6491.200000 255983.580000 271384.800000 10 10
6488.630000 255977.480000 271384.800000 12 10
6426.930000 255829.580000 271384.800000 8 10
6426.140000 255827.660000 271384.800000 10 10
6398.060000 255759.380000 271384.800000 8 10
6370.320000 255691.350000 271384.800000 8 10
18649.840000 266024.160000 271384.670000 12 10
18649.840000 266024.160000 271384.670000 10 10
18645.460000 266022.900000 271384.670000 10 10
18645.460000 266022.900000 271384.670000 8 10
18539.690000 265992.310000 271384.670000 12 10
18583.150000 266004.900000 271384.650000 8 8
18565.380000 265999.750000 271384.650000 10 8
18539.970000 265992.370000 271384.650000 6 8
18539.760000 265992.310000 271384.650000 8 8
18441.370000 265963.540000 271384.650000 6 8
18329.020000 265930.310000 271384.650000 10 8
17797.920000 265767.550000 271384.650000 6 8
17784.650000 265763.360000 271384.650000 8 8
17778.110000 265761.290000 271384.650000 10 8
17649.700000 265720.380000 271384.650000 8 8
17643.790000 265718.480000 271384.650000 6 8
17398.480000 265638.590000 271384.650000 8 8
17393.970000 265637.100000 271384.650000 6 8
6559.240000 256143.190000 271384.650000 8 8
6556.160000 256136.040000 271384.650000 10 8
6551.760000 256125.790000 271384.650000 6 8
6550.660000 256123.230000 271384.650000 8 8
6535.460000 256087.750000 271384.650000 6 8
6491.260000 255983.580000 271384.650000 10 8
6427.000000 255829.580000 271384.650000 8 8
6426.200000 255827.660000 271384.650000 10 8
6420.350000 255813.470000 271384.650000 6 8
6398.120000 255759.380000 271384.650000 8 8
6396.790000 255756.130000 271384.650000 6 8
6370.380000 255691.350000 271384.650000 8 8
6369.810000 255689.940000 271384.650000 6 8
18650.230000 266024.160000 271384.560000 12 12
18650.230000 266024.160000 271384.560000 10 12
18540.170000 265992.340000 271384.560000 14 12
18540.070000 265992.310000 271384.560000 12 12
18540.440000 265992.340000 271384.480000 14 14
18540.340000 265992.310000 271384.480000 12 14
18650.500000 266024.160000 271384.480000 12 14
18540.440000 265992.340000 271384.480000 14 14
18540.340000 265992.310000 271384.480000 12 14
18650.500000 266024.160000 271384.480000 12 12
18650.500000 266024.160000 271384.480000 10 12
18646.120000 266022.900000 271384.480000 10 12
18540.440000 265992.340000 271384.480000 14 12
18540.340000 265992.310000 271384.480000 12 12
18540.440000 265992.340000 271384.480000 14 16
18650.610000 266024.160000 271384.450000 10 8
18646.220000 266022.900000 271384.450000 10 8
18646.220000 266022.900000 271384.450000 8 8
18593.580000 266007.720000 271384.450000 8 8
18593.170000 266007.600000 271384.450000 6 8
18650.990000 266024.160000 271384.340000 12 10
18650.990000 266024.160000 271384.340000 10 10
18646.610000 266022.900000 271384.340000 10 10
18646.610000 266022.900000 271384.340000 8 10
18593.960000 266007.720000 271384.340000 8 10
18649.660000 266022.900000 271383.460000 8 6
18597.000000 266007.720000 271383.460000 8 6
18596.580000 266007.600000 271383.460000 6 6
18501.970000 265980.110000 271383.460000 6 6
18501.970000 265980.110000 271383.460000 4 6
18649.660000 266022.900000 271383.460000 10 8
18649.660000 266022.900000 271383.460000 8 8
18597.000000 266007.720000 271383.460000 8 8
18596.580000 266007.600000 271383.460000 6 8
18501.970000 265980.110000 271383.460000 6 8
18680.410000 266024.160000 271375.900000 10 8
18676.010000 266022.900000 271375.900000 10 8
18676.010000 266022.900000 271375.900000 8 8
18623.200000 266007.720000 271375.900000 8 8
18622.780000 266007.600000 271375.900000 6 8
18108.700000 265855.200000 271375.900000 6 8
17533.440000 265674.070000 271375.900000 8 8
17281.050000 265590.800000 271375.900000 6 8
16864.050000 265447.750000 271375.900000 8 8
16817.960000 265431.500000 271375.900000 6 8
16268.890000 265230.880000 271375.900000 10 8
16240.930000 265220.300000 271375.900000 6 8
15878.480000 265079.790000 271375.900000 8 8
15624.350000 264977.380000 271375.900000 6 8
6458.870000 255897.590000 271375.900000 6 8
6283.700000 255466.100000 271375.900000 8 8
6219.590000 255302.110000 271375.900000 6 8
6144.240000 255105.010000 271375.900000 6 8
6112.210000 255019.730000 271375.900000 8 8
6066.470000 254896.420000 271375.900000 6 8
5955.730000 254590.000000 271375.900000 10 8
5917.030000 254480.200000 271375.900000 8 8
5885.060000 254388.420000 271375.900000 6 8
5454.890000 253048.820000 271375.900000 6 8
5327.180000 252609.460000 271375.900000 8 8
5326.840000 252608.280000 271375.900000 10 8
4961.120000 251224.790000 271375.900000 6 8
4960.480000 251222.190000 271375.900000 8 8
2707.660000 234454.630000 271375.900000 6 8
2602.260000 232959.210000 271375.900000 8 8
2591.270000 232796.300000 271375.900000 6 8
2588.420000 232753.820000 271375.900000 8 8
2588.000000 232747.560000 271375.900000 6 8
2569.050000 232462.720000 271375.900000 6 8
2508.930000 231530.250000 271375.900000 10 8
2502.500000 231427.970000 271375.900000 8 8
2497.630000 231350.090000 271375.900000 6 8
18614.430000 266004.900000 271375.610000 8 6
18571.100000 265992.370000 271375.610000 6 6
18570.900000 265992.310000 271375.610000 8 6
18472.170000 265963.540000 271375.610000 6 6
18451.140000 265957.370000 271375.610000 4 6
18236.570000 265893.620000 271375.610000 4 6
17826.610000 265767.550000 271375.610000 6 6
17822.570000 265766.280000 271375.610000 4 6
17813.300000 265763.360000 271375.610000 8 6
17677.920000 265720.380000 271375.610000 8 6
17671.980000 265718.480000 271375.610000 6 6
17425.890000 265638.590000 271375.610000 8 6
17421.370000 265637.100000 271375.610000 6 6
6563.130000 256143.190000 271375.610000 8 6
6555.640000 256125.790000 271375.610000 6 6
6554.540000 256123.230000 271375.610000 8 6
6539.330000 256087.750000 271375.610000 6 6
6537.560000 256083.600000 271375.610000 4 6
6465.140000 255912.320000 271375.610000 4 6
6430.730000 255829.580000 271375.610000 8 6
6424.080000 255813.470000 271375.610000 6 6
6423.770000 255812.730000 271375.610000 4 6
6401.830000 255759.380000 271375.610000 8 6
6400.490000 255756.130000 271375.610000 6 6
6374.050000 255691.350000 271375.610000 8 6
6373.480000 255689.940000 271375.610000 6 6
18614.880000 266004.900000 271375.480000 8 8
18597.050000 265999.750000 271375.480000 10 8
18571.550000 265992.370000 271375.480000 6 8
18571.340000 265992.310000 271375.480000 8 8
18472.620000 265963.540000 271375.480000 6 8
18359.890000 265930.310000 271375.480000 10 8
17827.020000 265767.550000 271375.480000 6 8
17813.710000 265763.360000 271375.480000 8 8
17807.150000 265761.290000 271375.480000 10 8
17678.320000 265720.380000 271375.480000 8 8
17672.390000 265718.480000 271375.480000 6 8
17426.290000 265638.590000 271375.480000 8 8
17421.760000 265637.100000 271375.480000 6 8
6563.190000 256143.190000 271375.480000 8 8
6560.110000 256136.040000 271375.480000 10 8
6555.700000 256125.790000 271375.480000 6 8
6554.600000 256123.230000 271375.480000 8 8
6539.380000 256087.750000 271375.480000 6 8
6495.130000 255983.580000 271375.480000 10 8
6430.790000 255829.580000 271375.480000 8 8
6429.990000 255827.660000 271375.480000 10 8
6424.130000 255813.470000 271375.480000 6 8
6401.880000 255759.380000 271375.480000 8 8
6400.550000 255756.130000 271375.480000 6 8
6374.110000 255691.350000 271375.480000 8 8
6373.540000 255689.940000 271375.480000 6 8
18690.810000 266024.160000 271372.920000 12 10
18690.810000 266024.160000 271372.920000 10 10
18686.410000 266022.900000 271372.920000 10 10
18686.410000 266022.900000 271372.920000 8 10
18633.540000 266007.720000 271372.920000 8 10
17542.610000 265674.070000 271372.920000 8 10
16872.530000 265447.750000 271372.920000 8 10
16276.780000 265230.880000 271372.920000 10 10
15885.990000 265079.790000 271372.920000 8 10
6284.870000 255466.100000 271372.920000 8 10
6113.320000 255019.730000 271372.920000 8 10
5956.790000 254590.000000 271372.920000 10 10
5918.070000 254480.200000 271372.920000 8 10
5328.020000 252609.460000 271372.920000 8 10
5327.690000 252608.280000 271372.920000 10 10
4961.210000 251222.190000 271372.920000 8 10
2602.460000 232959.210000 271372.920000 8 10
2588.620000 232753.820000 271372.920000 8 10
2509.120000 231530.250000 271372.920000 10 10
2502.690000 231427.970000 271372.920000 8 10
18701.340000 266022.900000 271368.650000 8 6
18648.380000 266007.720000 271368.650000 8 6
18647.960000 266007.600000 271368.650000 6 6
18552.830000 265980.110000 271368.650000 6 6
18552.830000 265980.110000 271368.650000 4 6
18168.010000 265865.970000 271368.650000 4 6
18132.510000 265855.200000 271368.650000 6 6
17555.760000 265674.070000 271368.650000 8 6
17302.730000 265590.800000 271368.650000 6 6
17109.760000 265525.630000 271368.650000 4 6
16944.980000 265468.810000 271368.650000 4 6
16884.700000 265447.750000 271368.650000 8 6
16838.490000 265431.500000 271368.650000 6 6
16260.080000 265220.300000 271368.650000 4 6
16260.080000 265220.300000 271368.650000 6 6
15896.780000 265079.790000 271368.650000 8 6
15642.070000 264977.380000 271368.650000 6 6
15579.660000 264951.780000 271368.650000 4 6
6461.890000 255897.590000 271368.650000 6 6
6439.140000 255842.910000 271368.650000 4 6
6286.560000 255466.100000 271368.650000 8 6
6222.390000 255302.110000 271368.650000 6 6
6173.010000 255173.580000 271368.650000 4 6
6161.150000 255142.410000 271368.650000 4 6
6146.980000 255105.010000 271368.650000 6 6
6114.920000 255019.730000 271368.650000 8 6
6069.140000 254896.420000 271368.650000 6 6
6063.600000 254881.370000 271368.650000 4 6
5919.570000 254480.200000 271368.650000 8 6
5887.570000 254388.420000 271368.650000 6 6
5870.000000 254337.610000 271368.650000 4 6
5687.920000 253792.400000 271368.650000 4 6
5457.050000 253048.820000 271368.650000 6 6
5456.430000 253046.740000 271368.650000 4 6
5329.240000 252609.460000 271368.650000 8 6
4962.910000 251224.790000 271368.650000 6 6
4962.270000 251222.190000 271368.650000 8 6
2708.190000 234454.630000 271368.650000 6 6
2704.400000 234402.800000 271368.650000 4 6
2635.090000 233430.530000 271368.650000 4 6
2602.750000 232959.210000 271368.650000 8 6
2591.760000 232796.300000 271368.650000 6 6
2588.900000 232753.820000 271368.650000 8 6
2588.480000 232747.560000 271368.650000 6 6
2588.380000 232745.980000 271368.650000 4 6
2574.380000 232535.950000 271368.650000 4 6
2569.530000 232462.720000 271368.650000 6 6
2502.960000 231427.970000 271368.650000 8 6
2498.090000 231350.090000 271368.650000 6 6
2494.720000 231296.130000 271368.650000 4 6
18701.460000 266022.900000 271368.620000 10 8
18701.460000 266022.900000 271368.620000 8 8
18648.500000 266007.720000 271368.620000 8 8
18648.080000 266007.600000 271368.620000 6 8
18552.950000 265980.110000 271368.620000 6 8
18132.620000 265855.200000 271368.620000 6 8
17555.860000 265674.070000 271368.620000 8 8
17302.840000 265590.800000 271368.620000 6 8
16884.800000 265447.750000 271368.620000 8 8
16838.590000 265431.500000 271368.620000 6 8
16288.190000 265230.880000 271368.620000 10 8
16260.170000 265220.300000 271368.620000 6 8
15896.870000 265079.790000 271368.620000 8 8
15642.160000 264977.380000 271368.620000 6 8
6461.910000 255897.590000 271368.620000 6 8
6286.570000 255466.100000 271368.620000 8 8
6222.410000 255302.110000 271368.620000 6 8
6147.000000 255105.010000 271368.620000 6 8
6114.930000 255019.730000 271368.620000 8 8
6069.150000 254896.420000 271368.620000 6 8
5958.320000 254590.000000 271368.620000 10 8
5919.580000 254480.200000 271368.620000 8 8
5887.580000 254388.420000 271368.620000 6 8
5457.060000 253048.820000 271368.620000 6 8
5329.250000 252609.460000 271368.620000 8 8
5328.910000 252608.280000 271368.620000 10 8
4962.910000 251224.790000 271368.620000 6 8
4962.270000 251222.190000 271368.620000 8 8
2708.200000 234454.630000 271368.620000 6 8
2602.750000 232959.210000 271368.620000 8 8
2591.760000 232796.300000 271368.620000 6 8
2588.910000 232753.820000 271368.620000 8 8
2588.490000 232747.560000 271368.620000 6 8
2569.530000 232462.720000 271368.620000 6 8
2509.390000 231530.250000 271368.620000 10 8
2502.960000 231427.970000 271368.620000 8 8
2498.090000 231350.090000 271368.620000 6 8
18368.560000 265925.190000 271367.790000 12 14
6495.800000 255977.480000 271367.790000 12 14
18624.000000 265999.750000 271367.700000 10 12
18386.160000 265930.310000 271367.700000 10 12
18368.860000 265925.190000 271367.700000 12 12
17831.860000 265761.290000 271367.700000 10 12
6563.460000 256136.040000 271367.700000 10 12
6498.420000 255983.580000 271367.700000 10 12
6495.840000 255977.480000 271367.700000 12 12
6433.210000 255827.660000 271367.700000 10 12
18622.990000 265992.370000 271360.610000 6 4
18523.510000 265963.540000 271360.610000 6 4
18502.360000 265957.370000 271360.610000 4 4
18286.610000 265893.620000 271360.610000 4 4
18284.730000 265893.060000 271360.610000 2 4
17874.420000 265767.550000 271360.610000 6 4
17870.360000 265766.280000 271360.610000 4 4
17718.960000 265718.480000 271360.610000 6 4
17467.030000 265637.100000 271360.610000 6 4
6562.100000 256125.790000 271360.610000 6 4
6545.750000 256087.750000 271360.610000 6 4
6543.980000 256083.600000 271360.610000 4 4
6471.440000 255912.370000 271360.610000 2 4
6471.420000 255912.320000 271360.610000 4 4
6430.270000 255813.470000 271360.610000 6 4
6429.970000 255812.730000 271360.610000 4 4
6406.650000 255756.130000 271360.610000 6 4
6379.580000 255689.940000 271360.610000 6 4
18666.560000 266004.900000 271360.610000 8 6
18622.990000 265992.370000 271360.610000 6 6
18622.790000 265992.310000 271360.610000 8 6
18523.510000 265963.540000 271360.610000 6 6
18502.360000 265957.370000 271360.610000 4 6
18286.610000 265893.620000 271360.610000 4 6
17874.420000 265767.550000 271360.610000 6 6
17870.360000 265766.280000 271360.610000 4 6
17861.040000 265763.360000 271360.610000 8 6
17724.930000 265720.380000 271360.610000 8 6
17718.960000 265718.480000 271360.610000 6 6
17471.570000 265638.590000 271360.610000 8 6
17467.030000 265637.100000 271360.610000 6 6
6569.600000 256143.190000 271360.610000 8 6
6562.100000 256125.790000 271360.610000 6 6
6561.000000 256123.230000 271360.610000 8 6
6545.750000 256087.750000 271360.610000 6 6
6543.980000 256083.600000 271360.610000 4 6
6471.420000 255912.320000 271360.610000 4 6
6436.940000 255829.580000 271360.610000 8 6
6430.270000 255813.470000 271360.610000 6 6
6429.970000 255812.730000 271360.610000 4 6
6407.980000 255759.380000 271360.610000 8 6
6406.650000 255756.130000 271360.610000 6 6
6380.160000 255691.350000 271360.610000 8 6
6379.580000 255689.940000 271360.610000 6 6
18706.560000 266007.720000 271351.980000 8 6
18706.140000 266007.600000 271351.980000 6 6
18610.420000 265980.110000 271351.980000 6 6
18610.420000 265980.110000 271351.980000 4 6
18223.230000 265865.970000 271351.980000 4 6
18187.510000 265855.200000 271351.980000 6 6
17607.310000 265674.070000 271351.980000 8 6
17352.810000 265590.800000 271351.980000 6 6
17158.730000 265525.630000 271351.980000 4 6
16993.010000 265468.810000 271351.980000 4 6
16932.380000 265447.750000 271351.980000 8 6
16885.920000 265431.500000 271351.980000 6 6
16304.300000 265220.300000 271351.980000 4 6
16304.300000 265220.300000 271351.980000 6 6
15939.040000 265079.790000 271351.980000 8 6
15682.990000 264977.380000 271351.980000 6 6
15620.250000 264951.780000 271351.980000 4 6
6468.870000 255897.590000 271351.980000 6 6
6446.060000 255842.910000 271351.980000 4 6
6293.160000 255466.100000 271351.980000 8 6
6228.860000 255302.110000 271351.980000 6 6
6179.370000 255173.580000 271351.980000 4 6
6167.490000 255142.410000 271351.980000 4 6
6153.290000 255105.010000 271351.980000 6 6
6121.160000 255019.730000 271351.980000 8 6
6075.290000 254896.420000 271351.980000 6 6
6069.740000 254881.370000 271351.980000 4 6
5925.420000 254480.200000 271351.980000 8 6
5893.360000 254388.420000 271351.980000 6 6
5875.760000 254337.610000 271351.980000 4 6
5693.320000 253792.400000 271351.980000 4 6
5462.020000 253048.820000 271351.980000 6 6
5461.400000 253046.740000 271351.980000 4 6
5333.980000 252609.460000 271351.980000 8 6
4967.020000 251224.790000 271351.980000 6 6
4966.380000 251222.190000 271351.980000 8 6
2709.420000 234454.630000 271351.980000 6 6
2705.620000 234402.800000 271351.980000 4 6
2636.240000 233430.530000 271351.980000 4 6
2603.880000 232959.210000 271351.980000 8 6
2592.880000 232796.300000 271351.980000 6 6
2590.020000 232753.820000 271351.980000 8 6
2589.600000 232747.560000 271351.980000 6 6
2589.500000 232745.980000 271351.980000 4 6
2575.480000 232535.950000 271351.980000 4 6
2570.630000 232462.720000 271351.980000 6 6
2504.000000 231427.970000 271351.980000 8 6
2499.130000 231350.090000 271351.980000 6 6
2495.760000 231296.130000 271351.980000 4 6
18718.640000 266007.600000 271348.410000 6 4
18622.780000 265980.110000 271348.410000 6 4
18622.780000 265980.110000 271348.410000 4 4
18235.080000 265865.970000 271348.410000 4 4
18199.320000 265855.200000 271348.410000 6 4
17363.560000 265590.800000 271348.410000 6 4
17332.740000 265580.560000 271348.410000 2 4
17169.240000 265525.630000 271348.410000 4 4
17153.570000 265520.310000 271348.410000 2 4
17003.320000 265468.810000 271348.410000 4 4
16896.100000 265431.500000 271348.410000 6 4
16433.220000 265264.840000 271348.410000 2 4
16313.790000 265220.300000 271348.410000 4 4
16313.790000 265220.300000 271348.410000 6 4
15691.770000 264977.380000 271348.410000 6 4
15628.960000 264951.780000 271348.410000 4 4
6470.360000 255897.590000 271348.410000 6 4
6447.540000 255842.910000 271348.410000 4 4
6357.300000 255622.800000 271348.410000 2 4
6230.240000 255302.110000 271348.410000 6 4
6222.420000 255281.930000 271348.410000 2 4
6180.730000 255173.580000 271348.410000 4 4
6176.720000 255163.080000 271348.410000 2 4
6168.850000 255142.410000 271348.410000 4 4
6154.640000 255105.010000 271348.410000 6 4
6076.610000 254896.420000 271348.410000 6 4
6071.060000 254881.370000 271348.410000 4 4
6058.290000 254846.680000 271348.410000 2 4
5894.600000 254388.420000 271348.410000 6 4
5876.990000 254337.610000 271348.410000 4 4
5694.470000 253792.400000 271348.410000 4 4
5693.690000 253789.990000 271348.410000 2 4
5463.080000 253048.820000 271348.410000 6 4
5462.460000 253046.740000 271348.410000 4 4
4967.900000 251224.790000 271348.410000 6 4
2709.680000 234454.630000 271348.410000 6 4
2705.880000 234402.800000 271348.410000 4 4
2644.450000 233544.590000 271348.410000 2 4
2636.490000 233430.530000 271348.410000 4 4
2593.120000 232796.300000 271348.410000 6 4
2589.840000 232747.560000 271348.410000 6 4
2589.740000 232745.980000 271348.410000 4 4
2587.430000 232711.640000 271348.410000 2 4
2580.140000 232602.490000 271348.410000 2 4
2575.720000 232535.950000 271348.410000 4 4
2570.870000 232462.720000 271348.410000 6 4
2499.350000 231350.090000 271348.410000 6 4
2495.980000 231296.130000 271348.410000 4 4
18832.190000 266024.160000 271332.770000 12 10
18832.190000 266024.160000 271332.770000 10 10
18827.720000 266022.900000 271332.770000 10 10
18827.720000 266022.900000 271332.770000 8 10
18719.880000 265992.310000 271332.770000 12 10
17667.090000 265674.070000 271332.770000 8 10
16987.650000 265447.750000 271332.770000 8 10
16383.890000 265230.880000 271332.770000 10 10
15988.010000 265079.790000 271332.770000 8 10
6300.780000 255466.100000 271332.770000 8 10
6128.370000 255019.730000 271332.770000 8 10
5971.070000 254590.000000 271332.770000 10 10
5932.170000 254480.200000 271332.770000 8 10
5339.450000 252609.460000 271332.770000 8 10
5339.110000 252608.280000 271332.770000 10 10
4971.120000 251222.190000 271332.770000 8 10
2605.180000 232959.210000 271332.770000 8 10
2591.310000 232753.820000 271332.770000 8 10
2511.650000 231530.250000 271332.770000 10 10
2505.210000 231427.970000 271332.770000 8 10
18842.690000 266024.160000 271329.810000 12 12
18842.690000 266024.160000 271329.810000 10 12
18838.220000 266022.900000 271329.810000 10 12
18730.360000 265992.340000 271329.810000 14 12
18730.250000 265992.310000 271329.810000 12 12
16391.840000 265230.880000 271329.810000 10 12
5972.130000 254590.000000 271329.810000 10 12
5339.960000 252608.280000 271329.810000 10 12
2511.830000 231530.250000 271329.810000 10 12
18751.480000 265980.110000 271311.570000 6 4
18751.480000 265980.110000 271311.570000 4 4
18358.460000 265865.970000 271311.570000 4 4
18322.210000 265855.200000 271311.570000 6 4
17475.390000 265590.800000 271311.570000 6 4
17444.170000 265580.560000 271311.570000 2 4
17278.570000 265525.630000 271311.570000 4 4
17262.700000 265520.310000 271311.570000 2 4
17110.540000 265468.810000 271311.570000 4 4
17001.960000 265431.500000 271311.570000 6 4
16533.350000 265264.840000 271311.570000 2 4
16412.460000 265220.300000 271311.570000 4 4
16412.460000 265220.300000 271311.570000 6 4
15783.040000 264977.380000 271311.570000 6 4
15719.500000 264951.780000 271311.570000 4 4
6485.830000 255897.590000 271311.570000 6 4
6462.900000 255842.910000 271311.570000 4 4
6372.230000 255622.800000 271311.570000 2 4
6244.580000 255302.110000 271311.570000 6 4
6236.720000 255281.930000 271311.570000 2 4
6194.850000 255173.580000 271311.570000 4 4
6190.820000 255163.080000 271311.570000 2 4
6182.900000 255142.410000 271311.570000 4 4
6168.630000 255105.010000 271311.570000 6 4
6090.250000 254896.420000 271311.570000 6 4
6084.670000 254881.370000 271311.570000 4 4
6071.850000 254846.680000 271311.570000 2 4
5907.430000 254388.420000 271311.570000 6 4
5889.750000 254337.610000 271311.570000 4 4
5706.450000 253792.400000 271311.570000 4 4
5705.670000 253789.990000 271311.570000 2 4
5474.110000 253048.820000 271311.570000 6 4
5473.480000 253046.740000 271311.570000 4 4
4977.010000 251224.790000 271311.570000 6 4
2712.390000 234454.630000 271311.570000 6 4
2708.580000 234402.800000 271311.570000 4 4
2647.030000 233544.590000 271311.570000 2 4
2639.060000 233430.530000 271311.570000 4 4
2595.600000 232796.300000 271311.570000 6 4
2592.320000 232747.560000 271311.570000 6 4
2592.210000 232745.980000 271311.570000 4 4
2589.900000 232711.640000 271311.570000 2 4
2582.600000 232602.490000 271311.570000 2 4
2578.170000 232535.950000 271311.570000 4 4
2573.310000 232462.720000 271311.570000 6 4
2501.660000 231350.090000 271311.570000 6 4
2498.280000 231296.130000 271311.570000 4 4
18752.620000 265980.110000 271311.240000 4 2
18359.550000 265865.970000 271311.240000 4 2
17445.160000 265580.560000 271311.240000 2 2
17279.540000 265525.630000 271311.240000 4 2
17263.660000 265520.310000 271311.240000 2 2
17111.490000 265468.810000 271311.240000 4 2
16534.240000 265264.840000 271311.240000 2 2
16413.330000 265220.300000 271311.240000 4 2
15720.300000 264951.780000 271311.240000 4 2
6463.030000 255842.910000 271311.240000 4 2
6372.360000 255622.800000 271311.240000 2 2
6236.840000 255281.930000 271311.240000 2 2
6194.970000 255173.580000 271311.240000 4 2
6190.940000 255163.080000 271311.240000 2 2
6183.030000 255142.410000 271311.240000 4 2
6084.790000 254881.370000 271311.240000 4 2
6071.970000 254846.680000 271311.240000 2 2
5889.860000 254337.610000 271311.240000 4 2
5706.560000 253792.400000 271311.240000 4 2
5705.770000 253789.990000 271311.240000 2 2
5473.580000 253046.740000 271311.240000 4 2
2708.600000 234402.800000 271311.240000 4 2
2647.050000 233544.590000 271311.240000 2 2
2639.080000 233430.530000 271311.240000 4 2
2592.230000 232745.980000 271311.240000 4 2
2589.930000 232711.640000 271311.240000 2 2
2582.620000 232602.490000 271311.240000 2 2
2578.190000 232535.950000 271311.240000 4 2
2498.300000 231296.130000 271311.240000 4 2
18851.290000 265992.370000 271295.600000 6 4
18749.360000 265963.540000 271295.600000 6 4
18727.690000 265957.370000 271295.600000 4 4
18506.680000 265893.620000 271295.600000 4 4
18504.760000 265893.060000 271295.600000 2 4
18084.620000 265767.550000 271295.600000 6 4
18080.470000 265766.280000 271295.600000 4 4
17925.510000 265718.480000 271295.600000 6 4
17667.700000 265637.100000 271295.600000 6 4
11198.210000 262368.050000 271295.600000 4 4
11097.240000 262286.820000 271295.600000 2 4
10606.430000 261869.940000 271295.600000 6 4
10417.230000 261698.750000 271295.600000 4 4
10334.110000 261621.560000 271295.600000 4 4
10058.030000 261356.020000 271295.600000 6 4
9963.080000 261261.290000 271295.600000 4 4
9916.800000 261214.470000 271295.600000 2 4
9751.930000 261044.030000 271295.600000 6 4
9671.350000 260958.620000 271295.600000 4 4
9627.890000 260911.960000 271295.600000 2 4
9423.080000 260686.270000 271295.600000 2 4
6590.220000 256125.790000 271295.600000 6 4
6573.730000 256087.750000 271295.600000 6 4
6571.940000 256083.600000 271295.600000 4 4
6498.790000 255912.370000 271295.600000 2 4
6498.770000 255912.320000 271295.600000 4 4
6457.280000 255813.470000 271295.600000 6 4
6456.970000 255812.730000 271295.600000 4 4
6433.450000 255756.130000 271295.600000 6 4
6406.160000 255689.940000 271295.600000 6 4
5462.300000 252993.390000 271295.600000 4 4
5460.470000 252987.230000 271295.600000 2 4
4388.520000 248515.300000 271295.600000 4 4
4371.470000 248426.410000 271295.600000 2 4
4326.110000 248186.640000 271295.600000 6 4
4293.330000 248010.230000 271295.600000 4 4
4029.120000 246483.320000 271295.600000 4 4
4024.630000 246455.630000 271295.600000 6 4
4002.790000 246320.090000 271295.600000 2 4
3998.260000 246291.820000 271295.600000 4 4
3937.080000 245903.220000 271295.600000 6 4
3923.700000 245816.700000 271295.600000 4 4
3916.280000 245768.370000 271295.600000 2 4
3807.240000 245037.290000 271295.600000 2 4
2578.640000 232527.090000 271295.600000 4 4
2575.540000 232480.440000 271295.600000 2 4
2418.980000 229968.440000 271295.600000 4 4
2417.730000 229947.070000 271295.600000 6 4
2348.260000 228723.840000 271295.600000 6 4
1752.360000 214229.670000 271295.600000 4 4
1750.530000 214169.920000 271295.600000 2 4
1691.080000 212161.880000 271295.600000 4 4
1678.330000 211712.730000 271295.600000 6 4
1672.980000 211522.120000 271295.600000 4 4
1592.070000 208484.200000 271295.600000 6 4
1589.740000 208392.260000 271295.600000 4 4
1588.580000 208346.100000 271295.600000 2 4
1552.370000 206877.860000 271295.600000 6 4
1550.160000 206786.290000 271295.600000 4 4
1548.830000 206730.760000 271295.600000 2 4
1484.710000 203942.290000 271295.600000 2 4
18918.170000 266004.900000 271289.380000 8 6
18873.420000 265992.370000 271289.380000 6 6
18873.210000 265992.310000 271289.380000 8 6
18771.260000 265963.540000 271289.380000 6 6
18749.540000 265957.370000 271289.380000 4 6
18528.010000 265893.620000 271289.380000 4 6
18105.000000 265767.550000 271289.380000 6 6
18100.830000 265766.280000 271289.380000 4 6
18091.270000 265763.360000 271289.380000 8 6
17951.640000 265720.380000 271289.380000 8 6
17945.520000 265718.480000 271289.380000 6 6
17691.810000 265638.590000 271289.380000 8 6
17687.150000 265637.100000 271289.380000 6 6
11206.020000 262368.050000 271289.380000 4 6
10613.430000 261869.940000 271289.380000 6 6
10423.990000 261698.750000 271289.380000 4 6
10340.760000 261621.560000 271289.380000 4 6
10064.330000 261356.020000 271289.380000 6 6
9969.260000 261261.290000 271289.380000 4 6
9889.670000 261180.590000 271289.380000 8 6
9757.850000 261044.030000 271289.380000 6 6
9677.180000 260958.620000 271289.380000 4 6
6600.500000 256143.190000 271289.380000 8 6
6592.920000 256125.790000 271289.380000 6 6
6591.810000 256123.230000 271289.380000 8 6
6576.420000 256087.750000 271289.380000 6 6
6574.630000 256083.600000 271289.380000 4 6
6501.400000 255912.320000 271289.380000 4 6
6466.600000 255829.580000 271289.380000 8 6
6459.870000 255813.470000 271289.380000 6 6
6459.560000 255812.730000 271289.380000 4 6
6437.370000 255759.380000 271289.380000 8 6
6436.020000 255756.130000 271289.380000 6 6
6409.290000 255691.350000 271289.380000 8 6
6408.710000 255689.940000 271289.380000 6 6
5464.160000 252993.390000 271289.380000 4 6
4389.720000 248515.300000 271289.380000 4 6
4327.270000 248186.640000 271289.380000 6 6
4294.480000 248010.230000 271289.380000 4 6
4030.130000 246483.320000 271289.380000 4 6
4025.640000 246455.630000 271289.380000 6 6
3999.260000 246291.820000 271289.380000 4 6
3957.690000 246029.300000 271289.380000 8 6
3938.040000 245903.220000 271289.380000 6 6
3924.660000 245816.700000 271289.380000 4 6
2579.050000 232527.090000 271289.380000 4 6
2419.350000 229968.440000 271289.380000 4 6
2418.090000 229947.070000 271289.380000 6 6
2349.900000 228747.450000 271289.380000 8 6
2348.600000 228723.840000 271289.380000 6 6
1752.550000 214229.670000 271289.380000 4 6
1691.260000 212161.880000 271289.380000 4 6
1678.510000 211712.730000 271289.380000 6 6
1673.160000 211522.120000 271289.380000 4 6
1592.230000 208484.200000 271289.380000 6 6
1589.900000 208392.260000 271289.380000 4 6
1555.530000 207002.480000 271289.380000 8 6
1552.520000 206877.860000 271289.380000 6 6
1550.310000 206786.290000 271289.380000 4 6
18597.530000 265816.060000 271191.650000 12 10
18597.250000 265815.980000 271191.650000 10 10
18522.000000 265794.140000 271191.650000 10 10
18521.800000 265794.080000 271191.650000 8 10
18612.770000 265820.460000 271191.650000 8 8
18612.110000 265820.270000 271191.650000 6 8
18597.250000 265815.980000 271191.650000 10 8
18522.000000 265794.140000 271191.650000 10 8
18521.800000 265794.080000 271191.650000 8 8
18598.110000 265816.060000 271191.480000 12 14
18598.670000 265816.060000 271191.320000 12 12
18598.390000 265815.980000 271191.320000 10 12
18616.950000 265820.460000 271190.440000 8 10
18601.710000 265816.060000 271190.440000 12 10
18601.430000 265815.980000 271190.440000 10 10
18526.150000 265794.140000 271190.440000 10 10
18525.940000 265794.080000 271190.440000 8 10
18601.710000 265816.060000 271190.440000 12 12
18601.430000 265815.980000 271190.440000 10 12
18526.150000 265794.140000 271190.440000 10 12
19288.060000 266004.900000 271188.040000 8 8
19268.910000 265999.750000 271188.040000 10 8
19241.540000 265992.370000 271188.040000 6 8
19241.320000 265992.310000 271188.040000 8 8
19135.360000 265963.540000 271188.040000 6 8
19014.420000 265930.310000 271188.040000 10 8
18443.480000 265767.550000 271188.040000 6 8
18429.230000 265763.360000 271188.040000 8 8
18422.200000 265761.290000 271188.040000 10 8
18284.370000 265720.380000 271188.040000 8 8
18278.010000 265718.480000 271188.040000 6 8
18014.880000 265638.590000 271188.040000 8 8
18010.050000 265637.100000 271188.040000 6 8
6644.960000 256143.190000 271188.040000 8 8
6641.800000 256136.040000 271188.040000 10 8
6637.280000 256125.790000 271188.040000 6 8
6636.150000 256123.230000 271188.040000 8 8
6620.560000 256087.750000 271188.040000 6 8
6575.200000 255983.580000 271188.040000 10 8
6509.270000 255829.580000 271188.040000 8 8
6508.460000 255827.660000 271188.040000 10 8
6502.450000 255813.470000 271188.040000 6 8
6479.660000 255759.380000 271188.040000 8 8
6478.290000 255756.130000 271188.040000 6 8
6451.210000 255691.350000 271188.040000 8 8
6450.620000 255689.940000 271188.040000 6 8
19288.500000 266004.900000 271187.920000 8 6
19241.990000 265992.370000 271187.920000 6 6
19241.760000 265992.310000 271187.920000 8 6
19135.800000 265963.540000 271187.920000 6 6
19113.230000 265957.370000 271187.920000 4 6
18883.080000 265893.620000 271187.920000 4 6
18443.890000 265767.550000 271187.920000 6 6
18439.570000 265766.280000 271187.920000 4 6
18429.640000 265763.360000 271187.920000 8 6
18284.770000 265720.380000 271187.920000 8 6
18278.420000 265718.480000 271187.920000 6 6
18015.270000 265638.590000 271187.920000 8 6
18010.440000 265637.100000 271187.920000 6 6
6645.010000 256143.190000 271187.920000 8 6
6637.330000 256125.790000 271187.920000 6 6
6636.210000 256123.230000 271187.920000 8 6
6620.610000 256087.750000 271187.920000 6 6
6618.800000 256083.600000 271187.920000 4 6
6544.580000 255912.320000 271187.920000 4 6
6509.320000 255829.580000 271187.920000 8 6
6502.500000 255813.470000 271187.920000 6 6
6502.190000 255812.730000 271187.920000 4 6
6479.710000 255759.380000 271187.920000 8 6
6478.340000 255756.130000 271187.920000 6 6
6451.260000 255691.350000 271187.920000 8 6
6450.670000 255689.940000 271187.920000 6 6
19279.910000 265999.750000 271185.080000 10 12
19025.130000 265930.310000 271185.080000 10 12
19006.610000 265925.190000 271185.080000 12 12
18432.260000 265761.290000 271185.080000 10 12
6643.110000 256136.040000 271185.080000 10 12
6576.480000 255983.580000 271185.080000 10 12
6573.840000 255977.480000 271185.080000 12 12
6509.710000 255827.660000 271185.080000 10 12
19299.610000 266004.900000 271184.940000 8 8
19280.440000 265999.750000 271184.940000 10 8
19253.040000 265992.370000 271184.940000 6 8
19252.820000 265992.310000 271184.940000 8 8
19146.730000 265963.540000 271184.940000 6 8
19025.650000 265930.310000 271184.940000 10 8
18454.040000 265767.550000 271184.940000 6 8
18439.780000 265763.360000 271184.940000 8 8
18432.740000 265761.290000 271184.940000 10 8
18294.750000 265720.380000 271184.940000 8 8
18288.390000 265718.480000 271184.940000 6 8
18024.960000 265638.590000 271184.940000 8 8
18020.120000 265637.100000 271184.940000 6 8
10732.440000 261869.940000 271184.940000 6 8
10171.270000 261356.020000 271184.940000 6 8
9992.910000 261180.590000 271184.940000 8 8
9858.350000 261044.030000 271184.940000 6 8
6646.330000 256143.190000 271184.940000 8 8
6643.170000 256136.040000 271184.940000 10 8
6638.650000 256125.790000 271184.940000 6 8
6637.520000 256123.230000 271184.940000 8 8
6621.920000 256087.750000 271184.940000 6 8
6576.540000 255983.580000 271184.940000 10 8
6510.590000 255829.580000 271184.940000 8 8
6509.770000 255827.660000 271184.940000 10 8
6503.760000 255813.470000 271184.940000 6 8
6480.960000 255759.380000 271184.940000 8 8
6479.590000 255756.130000 271184.940000 6 8
6452.500000 255691.350000 271184.940000 8 8
6451.910000 255689.940000 271184.940000 6 8
4346.930000 248186.640000 271184.940000 6 8
4042.640000 246455.630000 271184.940000 6 8
3974.130000 246029.300000 271184.940000 8 8
3954.310000 245903.220000 271184.940000 6 8
2424.220000 229947.070000 271184.940000 6 8
2355.690000 228747.450000 271184.940000 8 8
2354.380000 228723.840000 271184.940000 6 8
1681.460000 211712.730000 271184.940000 6 8
1594.880000 208484.200000 271184.940000 6 8
1558.060000 207002.480000 271184.940000 8 8
1555.040000 206877.860000 271184.940000 6 8
19299.860000 266004.900000 271184.870000 8 10
19280.690000 265999.750000 271184.870000 10 10
19253.070000 265992.310000 271184.870000 8 10
19025.890000 265930.310000 271184.870000 10 10
19007.370000 265925.190000 271184.870000 12 10
18440.010000 265763.360000 271184.870000 8 10
18432.970000 265761.290000 271184.870000 10 10
18294.970000 265720.380000 271184.870000 8 10
18025.180000 265638.590000 271184.870000 8 10
6646.360000 256143.190000 271184.870000 8 10
6643.200000 256136.040000 271184.870000 10 10
6637.550000 256123.230000 271184.870000 8 10
6576.570000 255983.580000 271184.870000 10 10
6573.930000 255977.480000 271184.870000 12 10
6510.610000 255829.580000 271184.870000 8 10
6509.800000 255827.660000 271184.870000 10 10
6480.990000 255759.380000 271184.870000 8 10
6452.530000 255691.350000 271184.870000 8 10
19348.490000 266004.900000 271171.850000 8 10
19329.230000 265999.750000 271171.850000 10 10
19301.460000 265992.310000 271171.850000 8 10
19073.150000 265930.310000 271171.850000 10 10
19054.540000 265925.190000 271171.850000 12 10
18484.400000 265763.360000 271171.850000 8 10
18477.330000 265761.290000 271171.850000 10 10
18338.670000 265720.380000 271171.850000 8 10
18067.590000 265638.590000 271171.850000 8 10
6652.110000 256143.190000 271171.850000 8 10
6648.950000 256136.040000 271171.850000 10 10
6643.290000 256123.230000 271171.850000 8 10
6582.210000 255983.580000 271171.850000 10 10
6579.570000 255977.480000 271171.850000 12 10
6516.140000 255829.580000 271171.850000 8 10
6515.320000 255827.660000 271171.850000 10 10
6486.460000 255759.380000 271171.850000 8 10
6457.950000 255691.350000 271171.850000 8 10
19348.490000 266004.900000 271171.850000 8 8
19329.230000 265999.750000 271171.850000 10 8
19301.690000 265992.370000 271171.850000 6 8
19301.460000 265992.310000 271171.850000 8 8
19194.840000 265963.540000 271171.850000 6 8
19073.150000 265930.310000 271171.850000 10 8
18498.730000 265767.550000 271171.850000 6 8
18484.400000 265763.360000 271171.850000 8 8
18477.330000 265761.290000 271171.850000 10 8
18338.670000 265720.380000 271171.850000 8 8
18332.280000 265718.480000 271171.850000 6 8
18067.590000 265638.590000 271171.850000 8 8
18062.730000 265637.100000 271171.850000 6 8
6652.110000 256143.190000 271171.850000 8 8
6648.950000 256136.040000 271171.850000 10 8
6644.420000 256125.790000 271171.850000 6 8
6643.290000 256123.230000 271171.850000 8 8
6627.660000 256087.750000 271171.850000 6 8
6582.210000 255983.580000 271171.850000 10 8
6516.140000 255829.580000 271171.850000 8 8
6515.320000 255827.660000 271171.850000 10 8
6509.310000 255813.470000 271171.850000 6 8
6486.460000 255759.380000 271171.850000 8 8
6485.090000 255756.130000 271171.850000 6 8
6457.950000 255691.350000 271171.850000 8 8
6457.370000 255689.940000 271171.850000 6 8
18893.880000 265865.970000 271157.250000 4 6
18855.480000 265855.200000 271157.250000 6 6
18732.740000 265820.460000 271157.250000 8 6
18732.080000 265820.270000 271157.250000 6 6
18232.620000 265674.070000 271157.250000 8 6
17959.860000 265590.800000 271157.250000 6 6
17752.040000 265525.630000 271157.250000 4 6
17574.720000 265468.810000 271157.250000 4 6
17509.880000 265447.750000 271157.250000 8 6
17460.200000 265431.500000 271157.250000 6 6
16839.070000 265220.300000 271157.250000 4 6
16839.070000 265220.300000 271157.250000 6 6
16449.750000 265079.790000 271157.250000 8 6
16177.160000 264977.380000 271157.250000 6 6
16110.410000 264951.780000 271157.250000 4 6
6551.420000 255897.590000 271157.250000 6 6
6528.020000 255842.910000 271157.250000 4 6
6371.260000 255466.100000 271157.250000 8 6
6305.360000 255302.110000 271157.250000 6 6
6254.660000 255173.580000 271157.250000 4 6
6242.480000 255142.410000 271157.250000 4 6
6227.940000 255105.010000 271157.250000 6 6
6195.030000 255019.730000 271157.250000 8 6
6148.050000 254896.420000 271157.250000 6 6
6142.360000 254881.370000 271157.250000 4 6
5994.600000 254480.200000 271157.250000 8 6
5961.790000 254388.420000 271157.250000 6 6
5943.780000 254337.610000 271157.250000 4 6
5757.160000 253792.400000 271157.250000 4 6
5520.760000 253048.820000 271157.250000 6 6
5520.120000 253046.740000 271157.250000 4 6
5389.980000 252609.460000 271157.250000 8 6
5015.540000 251224.790000 271157.250000 6 6
5014.890000 251222.190000 271157.250000 8 6
2723.790000 234454.630000 271157.250000 6 6
2719.950000 234402.800000 271157.250000 4 6
2649.850000 233430.530000 271157.250000 4 6
2617.150000 232959.210000 271157.250000 8 6
2606.040000 232796.300000 271157.250000 6 6
2603.160000 232753.820000 271157.250000 8 6
2602.730000 232747.560000 271157.250000 6 6
2602.620000 232745.980000 271157.250000 4 6
2588.470000 232535.950000 271157.250000 4 6
2583.570000 232462.720000 271157.250000 6 6
2516.280000 231427.970000 271157.250000 8 6
2511.350000 231350.090000 271157.250000 6 6
2507.950000 231296.130000 271157.250000 4 6
18896.500000 265865.970000 271156.510000 4 4
18858.100000 265855.200000 271156.510000 6 4
18734.650000 265820.270000 271156.510000 6 4
17962.230000 265590.800000 271156.510000 6 4
17929.250000 265580.560000 271156.510000 2 4
17754.350000 265525.630000 271156.510000 4 4
17737.600000 265520.310000 271156.510000 2 4
17576.990000 265468.810000 271156.510000 4 4
17462.430000 265431.500000 271156.510000 6 4
16968.470000 265264.840000 271156.510000 2 4
16841.150000 265220.300000 271156.510000 4 4
16841.150000 265220.300000 271156.510000 6 4
16179.090000 264977.380000 271156.510000 6 4
16112.320000 264951.780000 271156.510000 4 4
6551.730000 255897.590000 271156.510000 6 4
6528.340000 255842.910000 271156.510000 4 4
6435.830000 255622.800000 271156.510000 2 4
6305.650000 255302.110000 271156.510000 6 4
6297.640000 255281.930000 271156.510000 2 4
6254.940000 255173.580000 271156.510000 4 4
6250.840000 255163.080000 271156.510000 2 4
6242.770000 255142.410000 271156.510000 4 4
6228.220000 255105.010000 271156.510000 6 4
6148.320000 254896.420000 271156.510000 6 4
6142.640000 254881.370000 271156.510000 4 4
6129.570000 254846.680000 271156.510000 2 4
5962.050000 254388.420000 271156.510000 6 4
5944.040000 254337.610000 271156.510000 4 4
5757.410000 253792.400000 271156.510000 4 4
5756.610000 253789.990000 271156.510000 2 4
5520.980000 253048.820000 271156.510000 6 4
5520.350000 253046.740000 271156.510000 4 4
5015.730000 251224.790000 271156.510000 6 4
2723.850000 234454.630000 271156.510000 6 4
2720.010000 234402.800000 271156.510000 4 4
2657.940000 233544.590000 271156.510000 2 4
2649.900000 233430.530000 271156.510000 4 4
2606.090000 232796.300000 271156.510000 6 4
2602.780000 232747.560000 271156.510000 6 4
2602.670000 232745.980000 271156.510000 4 4
2600.350000 232711.640000 271156.510000 2 4
2592.990000 232602.490000 271156.510000 2 4
2588.520000 232535.950000 271156.510000 4 4
2583.620000 232462.720000 271156.510000 6 4
2511.400000 231350.090000 271156.510000 6 4
2508.000000 231296.130000 271156.510000 4 4
18864.100000 265855.200000 271154.830000 6 8
18741.250000 265820.460000 271154.830000 8 8
18740.580000 265820.270000 271154.830000 6 8
18725.530000 265815.980000 271154.830000 10 8
18649.240000 265794.140000 271154.830000 10 8
18649.030000 265794.080000 271154.830000 8 8
18240.680000 265674.070000 271154.830000 8 8
17967.680000 265590.800000 271154.830000 6 8
17517.310000 265447.750000 271154.830000 8 8
17467.590000 265431.500000 271154.830000 6 8
16876.020000 265230.880000 271154.830000 10 8
16845.940000 265220.300000 271154.830000 6 8
16456.310000 265079.790000 271154.830000 8 8
16183.510000 264977.380000 271154.830000 6 8
6552.460000 255897.590000 271154.830000 6 8
6372.240000 255466.100000 271154.830000 8 8
6306.320000 255302.110000 271154.830000 6 8
6228.880000 255105.010000 271154.830000 6 8
6195.960000 255019.730000 271154.830000 8 8
6148.960000 254896.420000 271154.830000 6 8
6035.220000 254590.000000 271154.830000 10 8
5995.480000 254480.200000 271154.830000 8 8
5962.660000 254388.420000 271154.830000 6 8
5521.500000 253048.820000 271154.830000 6 8
5390.680000 252609.460000 271154.830000 8 8
5390.340000 252608.280000 271154.830000 10 8
5016.150000 251224.790000 271154.830000 6 8
5015.500000 251222.190000 271154.830000 8 8
2723.970000 234454.630000 271154.830000 6 8
2617.320000 232959.210000 271154.830000 8 8
2606.200000 232796.300000 271154.830000 6 8
2603.320000 232753.820000 271154.830000 8 8
2602.900000 232747.560000 271154.830000 6 8
2583.730000 232462.720000 271154.830000 6 8
2522.930000 231530.250000 271154.830000 10 8
2516.430000 231427.970000 271154.830000 8 8
2511.510000 231350.090000 271154.830000 6 8
18745.460000 265820.460000 271153.630000 8 10
18730.000000 265816.060000 271153.630000 12 10
18729.720000 265815.980000 271153.630000 10 10
18653.400000 265794.140000 271153.630000 10 10
18653.190000 265794.080000 271153.630000 8 10
18244.660000 265674.070000 271153.630000 8 10
17520.990000 265447.750000 271153.630000 8 10
16879.430000 265230.880000 271153.630000 10 10
16459.550000 265079.790000 271153.630000 8 10
6372.730000 255466.100000 271153.630000 8 10
6196.410000 255019.730000 271153.630000 8 10
6035.650000 254590.000000 271153.630000 10 10
5995.910000 254480.200000 271153.630000 8 10
5391.030000 252609.460000 271153.630000 8 10
5390.690000 252608.280000 271153.630000 10 10
5015.800000 251222.190000 271153.630000 8 10
2617.400000 232959.210000 271153.630000 8 10
2603.400000 232753.820000 271153.630000 8 10
2523.000000 231530.250000 271153.630000 10 10
2516.510000 231427.970000 271153.630000 8 10
19479.850000 266004.900000 271137.010000 8 6
19432.400000 265992.370000 271137.010000 6 6
19432.180000 265992.310000 271137.010000 8 6
19324.110000 265963.540000 271137.010000 6 6
19301.090000 265957.370000 271137.010000 4 6
19066.430000 265893.620000 271137.010000 4 6
18618.760000 265767.550000 271137.010000 6 6
18614.360000 265766.280000 271137.010000 4 6
18604.250000 265763.360000 271137.010000 8 6
18456.620000 265720.380000 271137.010000 8 6
18450.150000 265718.480000 271137.010000 6 6
18182.080000 265638.590000 271137.010000 8 6
18177.150000 265637.100000 271137.010000 6 6
11400.740000 262368.050000 271137.010000 4 6
10787.940000 261869.940000 271137.010000 6 6
10592.270000 261698.750000 271137.010000 4 6
10506.350000 261621.560000 271137.010000 4 6
10221.110000 261356.020000 271137.010000 6 6
10123.070000 261261.290000 271137.010000 4 6
10041.020000 261180.590000 271137.010000 8 6
9905.160000 261044.030000 271137.010000 6 6
9822.040000 260958.620000 271137.010000 4 6
6667.570000 256143.190000 271137.010000 8 6
6659.840000 256125.790000 271137.010000 6 6
6658.710000 256123.230000 271137.010000 8 6
6643.010000 256087.750000 271137.010000 6 6
6641.180000 256083.600000 271137.010000 4 6
6566.460000 255912.320000 271137.010000 4 6
6530.970000 255829.580000 271137.010000 8 6
6524.110000 255813.470000 271137.010000 6 6
6523.790000 255812.730000 271137.010000 4 6
6501.160000 255759.380000 271137.010000 8 6
6499.780000 255756.130000 271137.010000 6 6
6472.520000 255691.350000 271137.010000 8 6
6471.930000 255689.940000 271137.010000 6 6
5510.050000 252993.390000 271137.010000 4 6
4419.290000 248515.300000 271137.010000 4 6
4356.000000 248186.640000 271137.010000 6 6
4322.780000 248010.230000 271137.010000 4 6
4055.040000 246483.320000 271137.010000 4 6
4050.490000 246455.630000 271137.010000 6 6
4023.790000 246291.820000 271137.010000 4 6
3981.710000 246029.300000 271137.010000 8 6
3961.820000 245903.220000 271137.010000 6 6
3948.280000 245816.700000 271137.010000 4 6
2589.230000 232527.090000 271137.010000 4 6
2428.300000 229968.440000 271137.010000 4 6
2427.040000 229947.070000 271137.010000 6 6
2358.350000 228747.450000 271137.010000 8 6
2357.040000 228723.840000 271137.010000 6 6
1757.240000 214229.670000 271137.010000 4 6
1695.630000 212161.880000 271137.010000 4 6
1682.810000 211712.730000 271137.010000 6 6
1677.430000 211522.120000 271137.010000 4 6
1596.100000 208484.200000 271137.010000 6 6
1593.760000 208392.260000 271137.010000 4 6
1559.220000 207002.480000 271137.010000 8 6
1556.200000 206877.860000 271137.010000 6 6
1553.980000 206786.290000 271137.010000 4 6
19323.060000 265957.370000 271131.120000 4 2
19087.860000 265893.620000 271131.120000 4 2
19085.820000 265893.060000 271131.120000 2 2
18634.790000 265766.280000 271131.120000 4 2
11408.400000 262368.050000 271131.120000 4 2
11303.620000 262286.820000 271131.120000 2 2
10598.880000 261698.750000 271131.120000 4 2
10512.850000 261621.560000 271131.120000 4 2
10129.110000 261261.290000 271131.120000 4 2
10081.290000 261214.470000 271131.120000 2 2
9827.730000 260958.620000 271131.120000 4 2
9782.860000 260911.960000 271131.120000 2 2
9571.470000 260686.270000 271131.120000 2 2
6643.780000 256083.600000 271131.120000 4 2
6569.030000 255912.370000 271131.120000 2 2
6569.000000 255912.320000 271131.120000 4 2
6526.300000 255812.730000 271131.120000 4 2
5511.840000 252993.390000 271131.120000 4 2
5509.970000 252987.230000 271131.120000 2 2
4420.440000 248515.300000 271131.120000 4 2
4403.140000 248426.410000 271131.120000 2 2
4323.880000 248010.230000 271131.120000 4 2
4056.010000 246483.320000 271131.120000 4 2
4029.330000 246320.090000 271131.120000 2 2
4024.740000 246291.820000 271131.120000 4 2
3949.200000 245816.700000 271131.120000 4 2
3941.670000 245768.370000 271131.120000 2 2
3831.240000 245037.290000 271131.120000 2 2
2589.630000 232527.090000 271131.120000 4 2
2586.500000 232480.440000 271131.120000 2 2
2428.650000 229968.440000 271131.120000 4 2
1757.420000 214229.670000 271131.120000 4 2
1755.580000 214169.920000 271131.120000 2 2
1695.800000 212161.880000 271131.120000 4 2
1677.600000 211522.120000 271131.120000 4 2
1593.910000 208392.260000 271131.120000 4 2
1592.740000 208346.100000 271131.120000 2 2
1554.130000 206786.290000 271131.120000 4 2
1552.790000 206730.760000 271131.120000 2 2
1488.340000 203942.290000 271131.120000 2 2
18952.950000 265855.200000 271129.980000 6 8
18828.940000 265820.460000 271129.980000 8 8
18828.270000 265820.270000 271129.980000 6 8
18736.060000 265794.140000 271129.980000 10 8
18735.850000 265794.080000 271129.980000 8 8
18323.730000 265674.070000 271129.980000 8 8
18048.260000 265590.800000 271129.980000 6 8
17593.900000 265447.750000 271129.980000 8 8
17543.740000 265431.500000 271129.980000 6 8
16947.090000 265230.880000 271129.980000 10 8
16916.760000 265220.300000 271129.980000 6 8
16523.880000 265079.790000 271129.980000 8 8
16248.850000 264977.380000 271129.980000 6 8
6563.140000 255897.590000 271129.980000 6 8
6382.350000 255466.100000 271129.980000 8 8
6316.220000 255302.110000 271129.980000 6 8
6238.530000 255105.010000 271129.980000 6 8
6205.510000 255019.730000 271129.980000 8 8
6158.370000 254896.420000 271129.980000 6 8
6044.280000 254590.000000 271129.980000 10 8
6004.420000 254480.200000 271129.980000 8 8
5971.500000 254388.420000 271129.980000 6 8
5529.080000 253048.820000 271129.980000 6 8
5397.910000 252609.460000 271129.980000 8 8
5397.570000 252608.280000 271129.980000 10 8
5022.410000 251224.790000 271129.980000 6 8
5021.760000 251222.190000 271129.980000 8 8
2725.820000 234454.630000 271129.980000 6 8
2619.020000 232959.210000 271129.980000 8 8
2607.890000 232796.300000 271129.980000 6 8
2605.010000 232753.820000 271129.980000 8 8
2604.580000 232747.560000 271129.980000 6 8
2585.390000 232462.720000 271129.980000 6 8
2524.510000 231530.250000 271129.980000 10 8
2518.010000 231427.970000 271129.980000 8 8
2513.080000 231350.090000 271129.980000 6 8
18995.700000 265865.970000 271128.890000 4 6
18956.890000 265855.200000 271128.890000 6 6
18832.830000 265820.460000 271128.890000 8 6
18832.160000 265820.270000 271128.890000 6 6
18739.710000 265794.080000 271128.890000 8 6
18327.420000 265674.070000 271128.890000 8 6
18051.840000 265590.800000 271128.890000 6 6
17841.900000 265525.630000 271128.890000 4 6
17662.790000 265468.810000 271128.890000 4 6
17597.300000 265447.750000 271128.890000 8 6
17547.120000 265431.500000 271128.890000 6 6
16919.900000 265220.300000 271128.890000 4 6
16919.900000 265220.300000 271128.890000 6 6
16526.880000 265079.790000 271128.890000 8 6
16251.750000 264977.380000 271128.890000 6 6
16184.390000 264951.780000 271128.890000 4 6
6563.620000 255897.590000 271128.890000 6 6
6540.140000 255842.910000 271128.890000 4 6
6382.800000 255466.100000 271128.890000 8 6
6316.660000 255302.110000 271128.890000 6 6
6265.770000 255173.580000 271128.890000 4 6
6253.560000 255142.410000 271128.890000 4 6
6238.960000 255105.010000 271128.890000 6 6
6205.930000 255019.730000 271128.890000 8 6
6158.790000 254896.420000 271128.890000 6 6
6153.080000 254881.370000 271128.890000 4 6
6004.820000 254480.200000 271128.890000 8 6
5971.890000 254388.420000 271128.890000 6 6
5953.820000 254337.610000 271128.890000 4 6
5766.580000 253792.400000 271128.890000 4 6
5529.420000 253048.820000 271128.890000 6 6
5528.780000 253046.740000 271128.890000 4 6
5398.230000 252609.460000 271128.890000 8 6
5022.690000 251224.790000 271128.890000 6 6
5022.030000 251222.190000 271128.890000 8 6
2725.900000 234454.630000 271128.890000 6 6
2722.050000 234402.800000 271128.890000 4 6
2651.850000 233430.530000 271128.890000 4 6
2619.100000 232959.210000 271128.890000 8 6
2607.970000 232796.300000 271128.890000 6 6
2605.080000 232753.820000 271128.890000 8 6
2604.660000 232747.560000 271128.890000 6 6
2604.550000 232745.980000 271128.890000 4 6
2590.370000 232535.950000 271128.890000 4 6
2585.470000 232462.720000 271128.890000 6 6
2518.080000 231427.970000 271128.890000 8 6
2513.150000 231350.090000 271128.890000 6 6
2509.740000 231296.130000 271128.890000 4 6
19574.960000 265992.370000 271099.540000 6 4
19465.080000 265963.540000 271099.540000 6 4
19441.720000 265957.370000 271099.540000 4 4
19203.640000 265893.620000 271099.540000 4 4
19201.580000 265893.060000 271099.540000 2 4
18749.590000 265767.550000 271099.540000 6 4
18745.130000 265766.280000 271099.540000 4 4
18578.610000 265718.480000 271099.540000 6 4
18301.830000 265637.100000 271099.540000 6 4
11449.660000 262368.050000 271099.540000 4 4
11344.120000 262286.820000 271099.540000 2 4
10831.730000 261869.940000 271099.540000 6 4
10634.490000 261698.750000 271099.540000 4 4
10547.880000 261621.560000 271099.540000 4 4
10260.420000 261356.020000 271099.540000 6 4
10161.620000 261261.290000 271099.540000 4 4
10113.490000 261214.470000 271099.540000 2 4
9942.070000 261044.030000 271099.540000 6 4
9858.330000 260958.620000 271099.540000 4 4
9813.180000 260911.960000 271099.540000 2 4
9600.490000 260686.270000 271099.540000 2 4
6676.510000 256125.790000 271099.540000 6 4
6659.590000 256087.750000 271099.540000 6 4
6657.750000 256083.600000 271099.540000 4 4
6582.690000 255912.370000 271099.540000 2 4
6582.660000 255912.320000 271099.540000 4 4
6540.100000 255813.470000 271099.540000 6 4
6539.780000 255812.730000 271099.540000 4 4
6515.650000 255756.130000 271099.540000 6 4
6487.670000 255689.940000 271099.540000 6 4
5521.450000 252993.390000 271099.540000 4 4
5519.570000 252987.230000 271099.540000 2 4
4426.620000 248515.300000 271099.540000 4 4
4409.270000 248426.410000 271099.540000 2 4
4363.130000 248186.640000 271099.540000 6 4
4329.790000 248010.230000 271099.540000 4 4
4061.210000 246483.320000 271099.540000 4 4
4056.650000 246455.630000 271099.540000 6 4
4034.460000 246320.090000 271099.540000 2 4
4029.860000 246291.820000 271099.540000 4 4
3967.710000 245903.220000 271099.540000 6 4
3954.130000 245816.700000 271099.540000 4 4
3946.590000 245768.370000 271099.540000 2 4
3835.880000 245037.290000 271099.540000 2 4
2591.750000 232527.090000 271099.540000 4 4
2588.620000 232480.440000 271099.540000 2 4
2430.510000 229968.440000 271099.540000 4 4
2429.250000 229947.070000 271099.540000 6 4
2359.120000 228723.840000 271099.540000 6 4
1758.400000 214229.670000 271099.540000 4 4
1756.550000 214169.920000 271099.540000 2 4
1696.710000 212161.880000 271099.540000 4 4
1683.880000 211712.730000 271099.540000 6 4
1678.490000 211522.120000 271099.540000 4 4
1597.050000 208484.200000 271099.540000 6 4
1594.710000 208392.260000 271099.540000 4 4
1593.540000 208346.100000 271099.540000 2 4
1557.110000 206877.860000 271099.540000 6 4
1554.890000 206786.290000 271099.540000 4 4
1553.550000 206730.760000 271099.540000 2 4
1489.040000 203942.290000 271099.540000 2 4
19453.290000 265957.370000 271096.490000 4 2
19214.930000 265893.620000 271096.490000 4 2
19212.860000 265893.060000 271096.490000 2 2
18755.880000 265766.280000 271096.490000 4 2
11453.670000 262368.050000 271096.490000 4 2
11348.060000 262286.820000 271096.490000 2 2
10637.950000 261698.750000 271096.490000 4 2
10551.280000 261621.560000 271096.490000 4 2
10164.780000 261261.290000 271096.490000 4 2
10116.620000 261214.470000 271096.490000 2 2
9861.300000 260958.620000 271096.490000 4 2
9816.120000 260911.960000 271096.490000 2 2
9603.310000 260686.270000 271096.490000 2 2
6659.110000 256083.600000 271096.490000 4 2
6584.010000 255912.370000 271096.490000 2 2
6583.990000 255912.320000 271096.490000 4 2
6541.090000 255812.730000 271096.490000 4 2
5522.380000 252993.390000 271096.490000 4 2
5520.500000 252987.230000 271096.490000 2 2
4427.220000 248515.300000 271096.490000 4 2
4409.860000 248426.410000 271096.490000 2 2
4330.360000 248010.230000 271096.490000 4 2
4061.720000 246483.320000 271096.490000 4 2
4034.960000 246320.090000 271096.490000 2 2
4030.360000 246291.820000 271096.490000 4 2
3954.610000 245816.700000 271096.490000 4 2
3947.060000 245768.370000 271096.490000 2 2
3836.330000 245037.290000 271096.490000 2 2
2591.950000 232527.090000 271096.490000 4 2
2588.820000 232480.440000 271096.490000 2 2
2430.690000 229968.440000 271096.490000 4 2
1758.490000 214229.670000 271096.490000 4 2
1756.650000 214169.920000 271096.490000 2 2
1696.800000 212161.880000 271096.490000 4 2
1678.570000 211522.120000 271096.490000 4 2
1594.790000 208392.260000 271096.490000 4 2
1593.620000 208346.100000 271096.490000 2 2
1554.960000 206786.290000 271096.490000 4 2
1553.620000 206730.760000 271096.490000 2 2
1489.110000 203942.290000 271096.490000 2 2
18579.780000 265697.130000 271077.860000 10 12
18579.780000 265697.130000 271077.860000 10 10
18579.780000 265697.130000 271077.860000 8 10
19743.830000 266004.900000 271068.390000 8 10
19723.770000 265999.750000 271068.390000 10 10
19694.860000 265992.310000 271068.390000 8 10
19457.210000 265930.310000 271068.390000 10 10
19437.840000 265925.190000 271068.390000 12 10
18844.890000 265763.360000 271068.390000 8 10
18837.540000 265761.290000 271068.390000 10 10
18693.440000 265720.380000 271068.390000 8 10
18411.860000 265638.590000 271068.390000 8 10
6698.230000 256143.190000 271068.390000 8 10
6695.020000 256136.040000 271068.390000 10 10
6689.280000 256123.230000 271068.390000 8 10
6627.360000 255983.580000 271068.390000 10 10
6624.680000 255977.480000 271068.390000 12 10
6560.380000 255829.580000 271068.390000 8 10
6559.550000 255827.660000 271068.390000 10 10
6530.300000 255759.380000 271068.390000 8 10
6501.400000 255691.350000 271068.390000 8 10
19743.990000 266004.900000 271068.350000 8 8
19723.930000 265999.750000 271068.350000 10 8
19695.250000 265992.370000 271068.350000 6 8
19695.020000 265992.310000 271068.350000 8 8
19584.020000 265963.540000 271068.350000 6 8
19457.360000 265930.310000 271068.350000 10 8
18859.930000 265767.550000 271068.350000 6 8
18845.030000 265763.360000 271068.350000 8 8
18837.680000 265761.290000 271068.350000 10 8
18693.580000 265720.380000 271068.350000 8 8
18686.940000 265718.480000 271068.350000 6 8
18411.990000 265638.590000 271068.350000 8 8
18406.940000 265637.100000 271068.350000 6 8
6698.240000 256143.190000 271068.350000 8 8
6695.040000 256136.040000 271068.350000 10 8
6690.440000 256125.790000 271068.350000 6 8
6689.300000 256123.230000 271068.350000 8 8
6673.460000 256087.750000 271068.350000 6 8
6627.370000 255983.580000 271068.350000 10 8
6560.400000 255829.580000 271068.350000 8 8
6559.570000 255827.660000 271068.350000 10 8
6553.470000 255813.470000 271068.350000 6 8
6530.320000 255759.380000 271068.350000 8 8
6528.930000 255756.130000 271068.350000 6 8
6501.420000 255691.350000 271068.350000 8 8
6500.830000 255689.940000 271068.350000 6 8
19796.930000 266004.900000 271054.810000 8 8
19776.760000 265999.750000 271054.810000 10 8
19747.930000 265992.370000 271054.810000 6 8
19747.700000 265992.310000 271054.810000 8 8
19636.110000 265963.540000 271054.810000 6 8
19508.770000 265930.310000 271054.810000 10 8
18908.230000 265767.550000 271054.810000 6 8
18893.250000 265763.360000 271054.810000 8 8
18885.870000 265761.290000 271054.810000 10 8
18741.030000 265720.380000 271054.810000 8 8
18734.360000 265718.480000 271054.810000 6 8
18458.020000 265638.590000 271054.810000 8 8
18452.950000 265637.100000 271054.810000 6 8
10884.490000 261869.940000 271054.810000 6 8
10307.740000 261356.020000 271054.810000 6 8
10124.610000 261180.590000 271054.810000 8 8
9986.490000 261044.030000 271054.810000 6 8
6704.330000 256143.190000 271054.810000 8 8
6701.110000 256136.040000 271054.810000 10 8
6696.510000 256125.790000 271054.810000 6 8
6695.370000 256123.230000 271054.810000 8 8
6679.490000 256087.750000 271054.810000 6 8
6633.330000 255983.580000 271054.810000 10 8
6566.230000 255829.580000 271054.810000 8 8
6565.400000 255827.660000 271054.810000 10 8
6559.290000 255813.470000 271054.810000 6 8
6536.100000 255759.380000 271054.810000 8 8
6534.710000 255756.130000 271054.810000 6 8
6507.150000 255691.350000 271054.810000 8 8
6506.560000 255689.940000 271054.810000 6 8
4371.660000 248186.640000 271054.810000 6 8
4064.030000 246455.630000 271054.810000 6 8
3994.790000 246029.300000 271054.810000 8 8
3974.770000 245903.220000 271054.810000 6 8
2431.890000 229947.070000 271054.810000 6 8
2362.930000 228747.450000 271054.810000 8 8
2361.610000 228723.840000 271054.810000 6 8
1685.140000 211712.730000 271054.810000 6 8
1598.190000 208484.200000 271054.810000 6 8
1561.220000 207002.480000 271054.810000 8 8
1558.190000 206877.860000 271054.810000 6 8
19300.730000 265855.200000 271034.940000 6 8
18729.170000 265697.130000 271034.940000 10 8
18729.170000 265697.130000 271034.940000 8 8
18648.610000 265674.070000 271034.940000 8 8
18363.360000 265590.800000 271034.940000 6 8
17893.200000 265447.750000 271034.940000 8 8
17841.320000 265431.500000 271034.940000 6 8
17224.610000 265230.880000 271034.940000 10 8
17193.280000 265220.300000 271034.940000 6 8
16787.600000 265079.790000 271034.940000 8 8
16503.810000 264977.380000 271034.940000 6 8
6604.350000 255897.590000 271034.940000 6 8
6421.310000 255466.100000 271034.940000 8 8
6354.380000 255302.110000 271034.940000 6 8
6275.760000 255105.010000 271034.940000 6 8
6242.340000 255019.730000 271034.940000 8 8
6194.640000 254896.420000 271034.940000 6 8
6079.220000 254590.000000 271034.940000 10 8
6038.890000 254480.200000 271034.940000 8 8
6005.600000 254388.420000 271034.940000 6 8
5558.300000 253048.820000 271034.940000 6 8
5425.760000 252609.460000 271034.940000 8 8
5425.410000 252608.280000 271034.940000 10 8
5046.510000 251224.790000 271034.940000 6 8
5045.850000 251222.190000 271034.940000 8 8
2732.900000 234454.630000 271034.940000 6 8
2625.560000 232959.210000 271034.940000 8 8
2614.380000 232796.300000 271034.940000 6 8
2611.470000 232753.820000 271034.940000 8 8
2611.050000 232747.560000 271034.940000 6 8
2591.760000 232462.720000 271034.940000 6 8
2530.580000 231530.250000 271034.940000 10 8
2524.050000 231427.970000 271034.940000 8 8
2519.100000 231350.090000 271034.940000 6 8
19344.180000 265865.970000 271034.080000 4 6
19303.940000 265855.200000 271034.080000 6 6
18732.190000 265697.130000 271034.080000 8 6
18651.600000 265674.070000 271034.080000 8 6
18366.260000 265590.800000 271034.080000 6 6
18148.990000 265525.630000 271034.080000 4 6
17963.690000 265468.810000 271034.080000 4 6
17895.960000 265447.750000 271034.080000 8 6
17844.060000 265431.500000 271034.080000 6 6
17195.830000 265220.300000 271034.080000 4 6
17195.830000 265220.300000 271034.080000 6 6
16790.030000 265079.790000 271034.080000 8 6
16506.150000 264977.380000 271034.080000 6 6
16436.670000 264951.780000 271034.080000 4 6
6604.730000 255897.590000 271034.080000 6 6
6580.960000 255842.910000 271034.080000 4 6
6421.670000 255466.100000 271034.080000 8 6
6354.730000 255302.110000 271034.080000 6 6
6303.230000 255173.580000 271034.080000 4 6
6290.870000 255142.410000 271034.080000 4 6
6276.100000 255105.010000 271034.080000 6 6
6242.670000 255019.730000 271034.080000 8 6
6194.970000 254896.420000 271034.080000 6 6
6189.200000 254881.370000 271034.080000 4 6
6039.210000 254480.200000 271034.080000 8 6
6005.910000 254388.420000 271034.080000 6 6
5987.630000 254337.610000 271034.080000 4 6
5798.290000 253792.400000 271034.080000 4 6
5558.570000 253048.820000 271034.080000 6 6
5557.920000 253046.740000 271034.080000 4 6
5426.010000 252609.460000 271034.080000 8 6
5046.730000 251224.790000 271034.080000 6 6
5046.070000 251222.190000 271034.080000 8 6
2732.970000 234454.630000 271034.080000 6 6
2729.100000 234402.800000 271034.080000 4 6
2658.530000 233430.530000 271034.080000 4 6
2625.620000 232959.210000 271034.080000 8 6
2614.430000 232796.300000 271034.080000 6 6
2611.530000 232753.820000 271034.080000 8 6
2611.110000 232747.560000 271034.080000 6 6
2611.000000 232745.980000 271034.080000 4 6
2596.750000 232535.950000 271034.080000 4 6
2591.820000 232462.720000 271034.080000 6 6
2524.100000 231427.970000 271034.080000 8 6
2519.150000 231350.090000 271034.080000 6 6
2515.730000 231296.130000 271034.080000 4 6
19909.570000 265963.540000 270984.880000 6 4
19885.140000 265957.370000 270984.880000 4 4
19636.150000 265893.620000 270984.880000 4 4
19633.990000 265893.060000 270984.880000 2 4
19161.670000 265767.550000 270984.880000 6 4
19157.000000 265766.280000 270984.880000 4 4
18983.130000 265718.480000 270984.880000 6 4
18694.250000 265637.100000 270984.880000 6 4
11602.020000 262368.050000 270984.880000 4 4
11493.670000 262286.820000 270984.880000 2 4
10968.000000 261869.940000 270984.880000 6 4
10765.800000 261698.750000 270984.880000 4 4
10677.050000 261621.560000 270984.880000 4 4
10382.600000 261356.020000 270984.880000 6 4
10281.450000 261261.290000 270984.880000 4 4
10232.180000 261214.470000 270984.880000 2 4
10056.750000 261044.030000 270984.880000 6 4
9971.080000 260958.620000 270984.880000 4 4
9924.890000 260911.960000 270984.880000 2 4
9707.390000 260686.270000 270984.880000 2 4
6728.030000 256125.790000 270984.880000 6 4
6710.850000 256087.750000 270984.880000 6 4
6708.980000 256083.600000 270984.880000 4 4
6632.760000 255912.370000 270984.880000 2 4
6632.740000 255912.320000 270984.880000 4 4
6589.530000 255813.470000 270984.880000 6 4
6589.200000 255812.730000 270984.880000 4 4
6564.710000 255756.130000 270984.880000 6 4
6536.300000 255689.940000 270984.880000 6 4
5556.640000 252993.390000 270984.880000 4 4
5554.740000 252987.230000 270984.880000 2 4
4449.210000 248515.300000 270984.880000 4 4
4431.680000 248426.410000 270984.880000 2 4
4385.070000 248186.640000 270984.880000 6 4
4351.400000 248010.230000 270984.880000 4 4
4080.220000 246483.320000 270984.880000 4 4
4075.610000 246455.630000 270984.880000 6 4
4053.220000 246320.090000 270984.880000 2 4
4048.580000 246291.820000 270984.880000 4 4
3985.850000 245903.220000 270984.880000 6 4
3972.150000 245816.700000 270984.880000 4 4
3964.530000 245768.370000 270984.880000 2 4
3852.830000 245037.290000 270984.880000 2 4
2599.480000 232527.090000 270984.880000 4 4
2596.330000 232480.440000 270984.880000 2 4
2437.310000 229968.440000 270984.880000 4 4
2436.040000 229947.070000 270984.880000 6 4
2365.520000 228723.840000 270984.880000 6 4
1761.950000 214229.670000 270984.880000 4 4
1760.100000 214169.920000 270984.880000 2 4
1700.020000 212161.880000 270984.880000 4 4
1687.130000 211712.730000 270984.880000 6 4
1681.720000 211522.120000 270984.880000 4 4
1599.980000 208484.200000 270984.880000 6 4
1597.630000 208392.260000 270984.880000 4 4
1596.460000 208346.100000 270984.880000 2 4
1559.890000 206877.860000 270984.880000 6 4
1557.670000 206786.290000 270984.880000 4 4
1556.320000 206730.760000 270984.880000 2 4
1491.590000 203942.290000 270984.880000 2 4
19995.100000 265963.540000 270963.400000 6 6
19970.450000 265957.370000 270963.400000 4 6
19719.340000 265893.620000 270963.400000 4 6
19240.870000 265767.550000 270963.400000 6 6
19236.170000 265766.280000 270963.400000 4 6
19225.370000 265763.360000 270963.400000 8 6
19067.770000 265720.380000 270963.400000 8 6
19060.860000 265718.480000 270963.400000 6 6
18774.880000 265638.590000 270963.400000 8 6
18769.630000 265637.100000 270963.400000 6 6
11631.010000 262368.050000 270963.400000 4 6
10993.900000 261869.940000 270963.400000 6 6
10790.760000 261698.750000 270963.400000 4 6
10701.600000 261621.560000 270963.400000 4 6
10405.810000 261356.020000 270963.400000 6 6
10304.210000 261261.290000 270963.400000 4 6
10219.210000 261180.590000 270963.400000 8 6
10078.520000 261044.030000 270963.400000 6 6
9992.480000 260958.620000 270963.400000 4 6
6745.680000 256143.190000 270963.400000 8 6
6737.770000 256125.790000 270963.400000 6 6
6736.610000 256123.230000 270963.400000 8 6
6720.540000 256087.750000 270963.400000 6 6
6718.670000 256083.600000 270963.400000 4 6
6642.210000 255912.320000 270963.400000 4 6
6605.890000 255829.580000 270963.400000 8 6
6598.870000 255813.470000 270963.400000 6 6
6598.540000 255812.730000 270963.400000 4 6
6575.390000 255759.380000 270963.400000 8 6
6573.990000 255756.130000 270963.400000 6 6
6546.100000 255691.350000 270963.400000 8 6
6545.500000 255689.940000 270963.400000 6 6
5563.280000 252993.390000 270963.400000 4 6
4453.470000 248515.300000 270963.400000 4 6
4389.210000 248186.640000 270963.400000 6 6
4355.470000 248010.230000 270963.400000 4 6
4083.800000 246483.320000 270963.400000 4 6
4079.190000 246455.630000 270963.400000 6 6
4052.100000 246291.820000 270963.400000 4 6
4009.440000 246029.300000 270963.400000 8 6
3989.270000 245903.220000 270963.400000 6 6
3975.540000 245816.700000 270963.400000 4 6
2600.930000 232527.090000 270963.400000 4 6
2438.580000 229968.440000 270963.400000 4 6
2437.310000 229947.070000 270963.400000 6 6
2368.050000 228747.450000 270963.400000 8 6
2366.730000 228723.840000 270963.400000 6 6
1762.620000 214229.670000 270963.400000 4 6
1700.640000 212161.880000 270963.400000 4 6
1687.740000 211712.730000 270963.400000 6 6
1682.330000 211522.120000 270963.400000 4 6
1600.530000 208484.200000 270963.400000 6 6
1598.180000 208392.260000 270963.400000 4 6
1563.450000 207002.480000 270963.400000 8 6
1560.410000 206877.860000 270963.400000 6 6
1558.190000 206786.290000 270963.400000 4 6
19993.770000 265930.310000 270930.500000 10 10
19973.320000 265925.190000 270930.500000 12 10
19347.770000 265763.360000 270930.500000 8 10
19340.030000 265761.290000 270930.500000 10 10
19188.170000 265720.380000 270930.500000 8 10
18891.600000 265638.590000 270930.500000 8 10
10253.690000 261180.590000 270930.500000 8 10
6760.690000 256143.190000 270930.500000 8 10
6757.420000 256136.040000 270930.500000 10 10
6751.570000 256123.230000 270930.500000 8 10
6688.500000 255983.580000 270930.500000 10 10
6685.770000 255977.480000 270930.500000 12 10
6620.280000 255829.580000 270930.500000 8 10
6619.440000 255827.660000 270930.500000 10 10
6589.650000 255759.380000 270930.500000 8 10
6560.230000 255691.350000 270930.500000 8 10
4014.730000 246029.300000 270930.500000 8 10
2369.900000 228747.450000 270930.500000 8 10
1564.260000 207002.480000 270930.500000 8 10
19597.410000 265766.280000 270867.600000 4 2
11762.100000 262368.050000 270867.600000 4 2
11650.760000 262286.820000 270867.600000 2 2
10903.500000 261698.750000 270867.600000 4 2
10812.480000 261621.560000 270867.600000 4 2
10406.970000 261261.290000 270867.600000 4 2
10356.490000 261214.470000 270867.600000 2 2
10089.090000 260958.620000 270867.600000 4 2
10041.800000 260911.960000 270867.600000 2 2
9819.200000 260686.270000 270867.600000 2 2
6762.200000 256083.600000 270867.600000 4 2
6684.780000 255912.370000 270867.600000 2 2
6684.750000 255912.320000 270867.600000 4 2
6640.530000 255812.730000 270867.600000 4 2
5593.100000 252993.390000 270867.600000 4 2
5591.170000 252987.230000 270867.600000 2 2
4472.560000 248515.300000 270867.600000 4 2
4454.840000 248426.410000 270867.600000 2 2
4373.730000 248010.230000 270867.600000 4 2
4099.840000 246483.320000 270867.600000 4 2
4072.580000 246320.090000 270867.600000 2 2
4067.900000 246291.820000 270867.600000 4 2
3990.740000 245816.700000 270867.600000 4 2
3983.060000 245768.370000 270867.600000 2 2
3870.320000 245037.290000 270867.600000 2 2
2607.430000 232527.090000 270867.600000 4 2
2604.260000 232480.440000 270867.600000 2 2
2444.300000 229968.440000 270867.600000 4 2
1765.600000 214229.670000 270867.600000 4 2
1763.740000 214169.920000 270867.600000 2 2
1703.410000 212161.880000 270867.600000 4 2
1685.050000 211522.120000 270867.600000 4 2
1600.630000 208392.260000 270867.600000 4 2
1599.450000 208346.100000 270867.600000 2 2
1560.520000 206786.290000 270867.600000 4 2
1559.170000 206730.760000 270867.600000 2 2
1494.200000 203942.290000 270867.600000 2 2
19701.040000 265767.550000 270842.040000 6 6
19696.110000 265766.280000 270842.040000 4 6
19684.780000 265763.360000 270842.040000 8 6
19519.590000 265720.380000 270842.040000 8 6
19512.350000 265718.480000 270842.040000 6 6
19212.770000 265638.590000 270842.040000 8 6
19207.270000 265637.100000 270842.040000 6 6
11797.590000 262368.050000 270842.040000 4 6
11142.610000 261869.940000 270842.040000 6 6
10933.990000 261698.750000 270842.040000 4 6
10842.450000 261621.560000 270842.040000 4 6
10538.940000 261356.020000 270842.040000 6 6
10434.740000 261261.290000 270842.040000 4 6
10347.580000 261180.590000 270842.040000 8 6
10203.360000 261044.030000 270842.040000 6 6
10115.180000 260958.620000 270842.040000 4 6
6801.370000 256143.190000 270842.040000 8 6
6793.330000 256125.790000 270842.040000 6 6
6792.150000 256123.230000 270842.040000 8 6
6775.820000 256087.750000 270842.040000 6 6
6773.920000 256083.600000 270842.040000 4 6
6696.200000 255912.320000 270842.040000 4 6
6659.290000 255829.580000 270842.040000 8 6
6652.160000 255813.470000 270842.040000 6 6
6651.830000 255812.730000 270842.040000 4 6
6628.300000 255759.380000 270842.040000 8 6
6626.870000 255756.130000 270842.040000 6 6
6598.540000 255691.350000 270842.040000 8 6
6597.920000 255689.940000 270842.040000 6 6
5601.110000 252993.390000 270842.040000 4 6
4477.680000 248515.300000 270842.040000 4 6
4412.720000 248186.640000 270842.040000 6 6
4378.620000 248010.230000 270842.040000 4 6
4104.150000 246483.320000 270842.040000 4 6
4099.490000 246455.630000 270842.040000 6 6
4072.130000 246291.820000 270842.040000 4 6
4029.050000 246029.300000 270842.040000 8 6
4008.680000 245903.220000 270842.040000 6 6
3994.820000 245816.700000 270842.040000 4 6
2609.170000 232527.090000 270842.040000 4 6
2445.830000 229968.440000 270842.040000 4 6
2444.550000 229947.070000 270842.040000 6 6
2374.880000 228747.450000 270842.040000 8 6
2373.550000 228723.840000 270842.040000 6 6
1766.400000 214229.670000 270842.040000 4 6
1704.150000 212161.880000 270842.040000 4 6
1691.210000 211712.730000 270842.040000 6 6
1685.770000 211522.120000 270842.040000 4 6
1603.650000 208484.200000 270842.040000 6 6
1601.290000 208392.260000 270842.040000 4 6
1566.430000 207002.480000 270842.040000 8 6
1563.380000 206877.860000 270842.040000 6 6
1561.140000 206786.290000 270842.040000 4 6
19701.040000 265767.550000 270842.040000 6 4
19696.110000 265766.280000 270842.040000 4 4
19512.350000 265718.480000 270842.040000 6 4
19207.270000 265637.100000 270842.040000 6 4
11797.590000 262368.050000 270842.040000 4 4
11685.570000 262286.820000 270842.040000 2 4
11142.610000 261869.940000 270842.040000 6 4
10933.990000 261698.750000 270842.040000 4 4
10842.450000 261621.560000 270842.040000 4 4
10538.940000 261356.020000 270842.040000 6 4
10434.740000 261261.290000 270842.040000 4 4
10383.990000 261214.470000 270842.040000 2 4
10203.360000 261044.030000 270842.040000 6 4
10115.180000 260958.620000 270842.040000 4 4
10067.650000 260911.960000 270842.040000 2 4
9843.920000 260686.270000 270842.040000 2 4
6793.330000 256125.790000 270842.040000 6 4
6775.820000 256087.750000 270842.040000 6 4
6773.920000 256083.600000 270842.040000 4 4
6696.220000 255912.370000 270842.040000 2 4
6696.200000 255912.320000 270842.040000 4 4
6652.160000 255813.470000 270842.040000 6 4
6651.830000 255812.730000 270842.040000 4 4
6626.870000 255756.130000 270842.040000 6 4
6597.920000 255689.940000 270842.040000 6 4
5601.110000 252993.390000 270842.040000 4 4
5599.180000 252987.230000 270842.040000 2 4
4477.680000 248515.300000 270842.040000 4 4
4459.920000 248426.410000 270842.040000 2 4
4412.720000 248186.640000 270842.040000 6 4
4378.620000 248010.230000 270842.040000 4 4
4104.150000 246483.320000 270842.040000 4 4
4099.490000 246455.630000 270842.040000 6 4
4076.830000 246320.090000 270842.040000 2 4
4072.130000 246291.820000 270842.040000 4 4
4008.680000 245903.220000 270842.040000 6 4
3994.820000 245816.700000 270842.040000 4 4
3987.120000 245768.370000 270842.040000 2 4
3874.160000 245037.290000 270842.040000 2 4
2609.170000 232527.090000 270842.040000 4 4
2605.990000 232480.440000 270842.040000 2 4
2445.830000 229968.440000 270842.040000 4 4
2444.550000 229947.070000 270842.040000 6 4
2373.550000 228723.840000 270842.040000 6 4
1766.400000 214229.670000 270842.040000 4 4
1764.540000 214169.920000 270842.040000 2 4
1704.150000 212161.880000 270842.040000 4 4
1691.210000 211712.730000 270842.040000 6 4
1685.770000 211522.120000 270842.040000 4 4
1603.650000 208484.200000 270842.040000 6 4
1601.290000 208392.260000 270842.040000 4 4
1600.100000 208346.100000 270842.040000 2 4
1563.380000 206877.860000 270842.040000 6 4
1561.140000 206786.290000 270842.040000 4 4
1559.790000 206730.760000 270842.040000 2 4
1494.770000 203942.290000 270842.040000 2 4
19993.720000 265761.290000 270761.500000 10 8
19831.460000 265720.380000 270761.500000 8 8
19823.990000 265718.480000 270761.500000 6 8
19514.840000 265638.590000 270761.500000 8 8
19509.170000 265637.100000 270761.500000 6 8
11243.550000 261869.940000 270761.500000 6 8
10629.190000 261356.020000 270761.500000 6 8
10434.570000 261180.590000 270761.500000 8 8
10287.930000 261044.030000 270761.500000 6 8
6838.850000 256143.190000 270761.500000 8 8
6835.510000 256136.040000 270761.500000 10 8
6830.720000 256125.790000 270761.500000 6 8
6829.530000 256123.230000 270761.500000 8 8
6813.010000 256087.750000 270761.500000 6 8
6764.990000 255983.580000 270761.500000 10 8
6695.220000 255829.580000 270761.500000 8 8
6694.350000 255827.660000 270761.500000 10 8
6688.000000 255813.470000 270761.500000 6 8
6663.890000 255759.380000 270761.500000 8 8
6662.440000 255756.130000 270761.500000 6 8
6633.800000 255691.350000 270761.500000 8 8
6633.180000 255689.940000 270761.500000 6 8
4428.460000 248186.640000 270761.500000 6 8
4113.070000 246455.630000 270761.500000 6 8
4042.170000 246029.300000 270761.500000 8 8
4021.670000 245903.220000 270761.500000 6 8
2449.370000 229947.070000 270761.500000 6 8
2379.430000 228747.450000 270761.500000 8 8
2378.090000 228723.840000 270761.500000 6 8
1693.520000 211712.730000 270761.500000 6 8
1605.720000 208484.200000 270761.500000 6 8
1568.410000 207002.480000 270761.500000 8 8
1565.350000 206877.860000 270761.500000 6 8
19931.200000 265638.590000 270654.480000 8 6
19925.280000 265637.100000 270654.480000 6 6
12064.620000 262368.050000 270654.480000 4 6
11380.520000 261869.940000 270654.480000 6 6
11162.980000 261698.750000 270654.480000 4 6
11067.590000 261621.560000 270654.480000 4 6
10751.520000 261356.020000 270654.480000 6 6
10643.100000 261261.290000 270654.480000 4 6
10552.440000 261180.590000 270654.480000 8 6
10402.490000 261044.030000 270654.480000 6 6
10310.860000 260958.620000 270654.480000 4 6
6889.280000 256143.190000 270654.480000 8 6
6881.030000 256125.790000 270654.480000 6 6
6879.820000 256123.230000 270654.480000 8 6
6863.060000 256087.750000 270654.480000 6 6
6861.110000 256083.600000 270654.480000 4 6
6781.400000 255912.320000 270654.480000 4 6
6743.550000 255829.580000 270654.480000 8 6
6736.230000 255813.470000 270654.480000 6 6
6735.890000 255812.730000 270654.480000 4 6
6711.770000 255759.380000 270654.480000 8 6
6710.300000 255756.130000 270654.480000 6 6
6681.250000 255691.350000 270654.480000 8 6
6680.620000 255689.940000 270654.480000 6 6
5660.590000 252993.390000 270654.480000 4 6
4515.610000 248515.300000 270654.480000 4 6
4449.560000 248186.640000 270654.480000 6 6
4414.890000 248010.230000 270654.480000 4 6
4135.990000 246483.320000 270654.480000 4 6
4131.260000 246455.630000 270654.480000 6 6
4103.480000 246291.820000 270654.480000 4 6
4059.740000 246029.300000 270654.480000 8 6
4039.060000 245903.220000 270654.480000 6 6
4024.990000 245816.700000 270654.480000 4 6
2622.000000 232527.090000 270654.480000 4 6
2457.100000 229968.440000 270654.480000 4 6
2455.810000 229947.070000 270654.480000 6 6
2385.510000 228747.450000 270654.480000 8 6
2384.160000 228723.840000 270654.480000 6 6
1772.270000 214229.670000 270654.480000 4 6
1709.620000 212161.880000 270654.480000 4 6
1696.590000 211712.730000 270654.480000 6 6
1691.120000 211522.120000 270654.480000 4 6
1608.490000 208484.200000 270654.480000 6 6
1606.110000 208392.260000 270654.480000 4 6
1571.040000 207002.480000 270654.480000 8 6
1567.970000 206877.860000 270654.480000 6 6
1565.720000 206786.290000 270654.480000 4 6
19983.680000 265637.100000 270639.820000 6 4
12086.010000 262368.050000 270639.820000 4 4
11968.480000 262286.820000 270639.820000 2 4
11399.550000 261869.940000 270639.820000 6 4
11181.290000 261698.750000 270639.820000 4 4
11085.580000 261621.560000 270639.820000 4 4
10768.510000 261356.020000 270639.820000 6 4
10659.740000 261261.290000 270639.820000 4 4
10606.780000 261214.470000 270639.820000 2 4
10418.390000 261044.030000 270639.820000 6 4
10326.470000 260958.620000 270639.820000 4 4
10276.940000 260911.960000 270639.820000 2 4
10043.920000 260686.270000 270639.820000 2 4
6887.980000 256125.790000 270639.820000 6 4
6869.980000 256087.750000 270639.820000 6 4
6868.020000 256083.600000 270639.820000 4 4
6788.170000 255912.370000 270639.820000 2 4
6788.150000 255912.320000 270639.820000 4 4
6742.890000 255813.470000 270639.820000 6 4
6742.550000 255812.730000 270639.820000 4 4
6716.910000 255756.130000 270639.820000 6 4
6687.170000 255689.940000 270639.820000 6 4
5665.300000 252993.390000 270639.820000 4 4
5663.320000 252987.230000 270639.820000 2 4
4518.610000 248515.300000 270639.820000 4 4
4500.520000 248426.410000 270639.820000 2 4
4452.460000 248186.640000 270639.820000 6 4
4417.750000 248010.230000 270639.820000 4 4
4138.510000 246483.320000 270639.820000 4 4
4133.770000 246455.630000 270639.820000 6 4
4110.730000 246320.090000 270639.820000 2 4
4105.960000 246291.820000 270639.820000 4 4
4041.450000 245903.220000 270639.820000 6 4
4027.360000 245816.700000 270639.820000 4 4
4019.540000 245768.370000 270639.820000 2 4
3904.760000 245037.290000 270639.820000 2 4
2623.010000 232527.090000 270639.820000 4 4
2619.810000 232480.440000 270639.820000 2 4
2457.990000 229968.440000 270639.820000 4 4
2456.700000 229947.070000 270639.820000 6 4
2385.000000 228723.840000 270639.820000 6 4
1772.730000 214229.670000 270639.820000 4 4
1770.860000 214169.920000 270639.820000 2 4
1710.050000 212161.880000 270639.820000 4 4
1697.010000 211712.730000 270639.820000 6 4
1691.540000 211522.120000 270639.820000 4 4
1608.870000 208484.200000 270639.820000 6 4
1606.490000 208392.260000 270639.820000 4 4
1605.300000 208346.100000 270639.820000 2 4
1568.330000 206877.860000 270639.820000 6 4
1566.080000 206786.290000 270639.820000 4 4
1564.720000 206730.760000 270639.820000 2 4
1499.310000 203942.290000 270639.820000 2 4
9962.210000 259288.070000 269323.260000 4 4
9961.750000 259287.610000 269323.260000 6 4
9328.490000 258606.350000 269323.260000 4 4
9161.710000 258411.260000 269323.260000 2 4
8801.840000 257965.110000 269323.260000 6 4
8675.670000 257799.930000 269323.260000 4 4
8597.930000 257695.740000 269323.260000 2 4
7446.370000 255897.590000 269323.260000 6 4
7416.160000 255842.910000 269323.260000 4 4
7297.020000 255622.800000 269323.260000 2 4
7130.120000 255302.110000 269323.260000 6 4
7119.870000 255281.930000 269323.260000 2 4
7065.350000 255173.580000 269323.260000 4 4
7060.110000 255163.080000 269323.260000 2 4
7049.820000 255142.410000 269323.260000 4 4
7031.280000 255105.010000 269323.260000 6 4
6929.610000 254896.420000 269323.260000 6 4
6922.390000 254881.370000 269323.260000 4 4
6905.810000 254846.680000 269323.260000 2 4
6693.910000 254388.420000 269323.260000 6 4
6671.210000 254337.610000 269323.260000 4 4
6437.020000 253792.400000 269323.260000 4 4
6436.020000 253789.990000 269323.260000 2 4
6142.910000 253048.820000 269323.260000 6 4
6142.120000 253046.740000 269323.260000 4 4
5523.800000 251224.790000 269323.260000 6 4
3470.520000 240517.350000 269323.260000 4 4
3448.090000 240330.010000 269323.260000 2 4
3285.360000 238893.960000 269323.260000 6 4
3268.040000 238732.650000 269323.260000 4 4
3256.840000 238627.460000 269323.260000 2 4
2867.070000 234454.630000 269323.260000 6 4
2862.810000 234402.800000 269323.260000 4 4
2794.140000 233544.590000 269323.260000 2 4
2785.260000 233430.530000 269323.260000 4 4
2736.890000 232796.300000 269323.260000 6 4
2733.250000 232747.560000 269323.260000 6 4
2733.130000 232745.980000 269323.260000 4 4
2730.570000 232711.640000 269323.260000 2 4
2722.450000 232602.490000 269323.260000 2 4
2717.520000 232535.950000 269323.260000 4 4
2712.120000 232462.720000 269323.260000 6 4
2632.650000 231350.090000 269323.260000 6 4
2628.920000 231296.130000 269323.260000 4 4
2582.280000 230609.450000 269323.260000 2 4
1768.000000 212762.250000 269323.260000 2 4
1762.750000 212593.820000 269323.260000 4 4
1603.840000 206972.720000 269323.260000 4 4
1603.810000 206971.680000 269323.260000 6 4
1358.460000 195710.470000 269323.260000 2 4
1246.030000 189068.510000 269323.260000 4 4
1243.240000 188888.540000 269323.260000 2 4
1192.970000 185499.120000 269323.260000 6 4
1190.720000 185340.580000 269323.260000 4 4
1189.230000 185235.280000 269323.260000 2 4
10006.810000 259288.070000 269278.530000 4 2
9367.590000 258606.350000 269278.530000 4 2
9199.420000 258411.260000 269278.530000 2 2
8709.470000 257799.930000 269278.530000 4 2
8631.130000 257695.740000 269278.530000 2 2
7440.850000 255842.910000 269278.530000 4 2
7320.920000 255622.800000 269278.530000 2 2
7142.630000 255281.930000 269278.530000 2 2
7087.760000 255173.580000 269278.530000 4 2
7082.490000 255163.080000 269278.530000 2 2
7072.130000 255142.410000 269278.530000 4 2
6943.900000 254881.370000 269278.530000 4 2
6927.210000 254846.680000 269278.530000 2 2
6691.180000 254337.610000 269278.530000 4 2
6455.610000 253792.400000 269278.530000 4 2
6454.600000 253789.990000 269278.530000 2 2
6159.050000 253046.740000 269278.530000 4 2
3475.910000 240517.350000 269278.530000 4 2
3453.420000 240330.010000 269278.530000 2 2
3272.820000 238732.650000 269278.530000 4 2
3261.590000 238627.460000 269278.530000 2 2
2866.480000 234402.800000 269278.530000 4 2
2797.640000 233544.590000 269278.530000 2 2
2788.730000 233430.530000 269278.530000 4 2
2736.480000 232745.980000 269278.530000 4 2
2733.910000 232711.640000 269278.530000 2 2
2725.770000 232602.490000 269278.530000 2 2
2720.830000 232535.950000 269278.530000 4 2
2632.010000 231296.130000 269278.530000 4 2
2585.270000 230609.450000 269278.530000 2 2
1769.400000 212762.250000 269278.530000 2 2
1764.140000 212593.820000 269278.530000 4 2
1604.990000 206972.720000 269278.530000 4 2
1359.290000 195710.470000 269278.530000 2 2
1246.730000 189068.510000 269278.530000 4 2
1243.940000 188888.540000 269278.530000 2 2
1191.360000 185340.580000 269278.530000 4 2
1189.860000 185235.280000 269278.530000 2 2
10241.400000 259288.070000 269049.690000 4 6
10240.920000 259287.610000 269049.690000 6 6
9572.860000 258606.350000 269049.690000 4 6
9019.070000 257965.110000 269049.690000 6 6
8886.640000 257799.930000 269049.690000 4 6
7601.260000 255897.590000 269049.690000 6 6
7569.790000 255842.910000 269049.690000 4 6
7359.800000 255466.100000 269049.690000 8 6
7272.010000 255302.110000 269049.690000 6 6
7204.650000 255173.580000 269049.690000 4 6
7188.500000 255142.410000 269049.690000 4 6
7169.220000 255105.010000 269049.690000 6 6
7125.640000 255019.730000 269049.690000 8 6
7063.560000 254896.420000 269049.690000 6 6
7056.060000 254881.370000 269049.690000 4 6
6861.770000 254480.200000 269049.690000 8 6
6818.810000 254388.420000 269049.690000 6 6
6795.260000 254337.610000 269049.690000 4 6
6552.440000 253792.400000 269049.690000 4 6
6247.930000 253048.820000 269049.690000 6 6
6247.120000 253046.740000 269049.690000 4 6
6080.960000 252609.460000 269049.690000 8 6
5608.570000 251224.790000 269049.690000 6 6
5607.760000 251222.190000 269049.690000 8 6
3503.790000 240517.350000 269049.690000 4 6
3315.170000 238893.960000 269049.690000 6 6
3297.530000 238732.650000 269049.690000 4 6
2889.740000 234454.630000 269049.690000 6 6
2885.420000 234402.800000 269049.690000 4 6
2806.650000 233430.530000 269049.690000 4 6
2770.000000 232959.210000 269049.690000 8 6
2757.550000 232796.300000 269049.690000 6 6
2754.320000 232753.820000 269049.690000 8 6
2753.850000 232747.560000 269049.690000 6 6
2753.730000 232745.980000 269049.690000 4 6
2737.890000 232535.950000 269049.690000 4 6
2732.410000 232462.720000 269049.690000 6 6
2657.250000 231427.970000 269049.690000 8 6
2651.760000 231350.090000 269049.690000 6 6
2647.970000 231296.130000 269049.690000 4 6
1771.300000 212593.820000 269049.690000 4 6
1610.900000 206972.720000 269049.690000 4 6
1610.880000 206971.680000 269049.690000 6 6
1250.290000 189068.510000 269049.690000 4 6
1196.880000 185499.120000 269049.690000 6 6
1194.610000 185340.580000 269049.690000 4 6
10340.580000 259288.070000 268956.060000 4 4
10340.080000 259287.610000 268956.060000 6 4
9659.460000 258606.350000 268956.060000 4 4
9480.750000 258411.260000 268956.060000 2 4
9095.900000 257965.110000 268956.060000 6 4
8961.220000 257799.930000 268956.060000 4 4
8878.300000 257695.740000 268956.060000 2 4
7655.760000 255897.590000 268956.060000 6 4
7623.830000 255842.910000 268956.060000 4 4
7497.980000 255622.800000 268956.060000 2 4
7321.870000 255302.110000 268956.060000 6 4
7311.060000 255281.930000 268956.060000 2 4
7253.590000 255173.580000 268956.060000 4 4
7248.070000 255163.080000 268956.060000 2 4
7237.220000 255142.410000 268956.060000 4 4
7217.680000 255105.010000 268956.060000 6 4
7110.600000 254896.420000 268956.060000 6 4
7102.990000 254881.370000 268956.060000 4 4
7085.530000 254846.680000 268956.060000 2 4
6862.640000 254388.420000 268956.060000 6 4
6838.780000 254337.610000 268956.060000 4 4
6592.890000 253792.400000 268956.060000 4 4
6591.840000 253789.990000 268956.060000 2 4
6284.710000 253048.820000 268956.060000 6 4
6283.890000 253046.740000 268956.060000 4 4
5638.190000 251224.790000 268956.060000 6 4
3515.330000 240517.350000 268956.060000 4 4
3492.320000 240330.010000 268956.060000 2 4
3325.490000 238893.960000 268956.060000 6 4
3307.740000 238732.650000 268956.060000 4 4
3296.270000 238627.460000 268956.060000 2 4
2897.580000 234454.630000 268956.060000 6 4
2893.230000 234402.800000 268956.060000 4 4
2823.110000 233544.590000 268956.060000 2 4
2814.050000 233430.530000 268956.060000 4 4
2764.690000 232796.300000 268956.060000 6 4
2760.970000 232747.560000 268956.060000 6 4
2760.850000 232745.980000 268956.060000 4 4
2758.230000 232711.640000 268956.060000 2 4
2749.950000 232602.490000 268956.060000 2 4
2744.920000 232535.950000 268956.060000 4 4
2739.420000 232462.720000 268956.060000 6 4
2658.360000 231350.090000 268956.060000 6 4
2654.550000 231296.130000 268956.060000 4 4
2607.010000 230609.450000 268956.060000 2 4
1779.560000 212762.250000 268956.060000 2 4
1774.240000 212593.820000 268956.060000 4 4
1613.340000 206972.720000 268956.060000 4 4
1613.310000 206971.680000 268956.060000 6 4
1365.270000 195710.470000 268956.060000 2 4
1251.760000 189068.510000 268956.060000 4 4
1248.950000 188888.540000 268956.060000 2 4
1198.220000 185499.120000 268956.060000 6 4
1195.950000 185340.580000 268956.060000 4 4
1194.450000 185235.280000 268956.060000 2 4
10481.170000 259288.070000 268826.380000 4 4
10480.660000 259287.610000 268826.380000 6 4
9782.030000 258606.350000 268826.380000 4 4
9598.800000 258411.260000 268826.380000 2 4
9204.500000 257965.110000 268826.380000 6 4
9066.620000 257799.930000 268826.380000 4 4
8981.750000 257695.740000 268826.380000 2 4
7732.550000 255897.590000 268826.380000 6 4
7699.980000 255842.910000 268826.380000 4 4
7571.620000 255622.800000 268826.380000 2 4
7392.080000 255302.110000 268826.380000 6 4
7381.070000 255281.930000 268826.380000 2 4
7322.490000 255173.580000 268826.380000 4 4
7316.860000 255163.080000 268826.380000 2 4
7305.810000 255142.410000 268826.380000 4 4
7285.900000 255105.010000 268826.380000 6 4
7176.800000 254896.420000 268826.380000 6 4
7169.050000 254881.370000 268826.380000 4 4
7151.260000 254846.680000 268826.380000 2 4
6924.280000 254388.420000 268826.380000 6 4
6900.000000 254337.610000 268826.380000 4 4
6649.760000 253792.400000 268826.380000 4 4
6648.700000 253789.990000 268826.380000 2 4
6336.370000 253048.820000 268826.380000 6 4
6335.530000 253046.740000 268826.380000 4 4
5679.730000 251224.790000 268826.380000 6 4
3531.430000 240517.350000 268826.380000 4 4
3508.220000 240330.010000 268826.380000 2 4
3339.900000 238893.960000 268826.380000 6 4
3322.000000 238732.650000 268826.380000 4 4
3310.420000 238627.460000 268826.380000 2 4
2908.510000 234454.630000 268826.380000 6 4
2904.130000 234402.800000 268826.380000 4 4
2833.490000 233544.590000 268826.380000 2 4
2824.360000 233430.530000 268826.380000 4 4
2774.640000 232796.300000 268826.380000 6 4
2770.890000 232747.560000 268826.380000 6 4
2770.770000 232745.980000 268826.380000 4 4
2768.140000 232711.640000 268826.380000 2 4
2759.790000 232602.490000 268826.380000 2 4
2754.730000 232535.950000 268826.380000 4 4
2749.190000 232462.720000 268826.380000 6 4
2667.560000 231350.090000 268826.380000 6 4
2663.720000 231296.130000 268826.380000 4 4
2615.860000 230609.450000 268826.380000 2 4
1783.670000 212762.250000 268826.380000 2 4
1778.330000 212593.820000 268826.380000 4 4
1616.720000 206972.720000 268826.380000 4 4
1616.690000 206971.680000 268826.380000 6 4
1367.690000 195710.470000 268826.380000 2 4
1253.790000 189068.510000 268826.380000 4 4
1250.970000 188888.540000 268826.380000 2 4
1200.090000 185499.120000 268826.380000 6 4
1197.810000 185340.580000 268826.380000 4 4
1196.300000 185235.280000 268826.380000 2 4
10529.610000 259288.070000 268782.500000 4 6
10529.100000 259287.610000 268782.500000 6 6
9824.200000 258606.350000 268782.500000 4 6
9241.840000 257965.110000 268782.500000 6 6
9102.840000 257799.930000 268782.500000 4 6
7758.880000 255897.590000 268782.500000 6 6
7726.090000 255842.910000 268782.500000 4 6
7507.470000 255466.100000 268782.500000 8 6
7416.140000 255302.110000 268782.500000 6 6
7346.100000 255173.580000 268782.500000 4 6
7329.310000 255142.410000 268782.500000 4 6
7309.270000 255105.010000 268782.500000 6 6
7263.980000 255019.730000 268782.500000 8 6
7199.470000 254896.420000 268782.500000 6 6
7191.680000 254881.370000 268782.500000 4 6
6989.950000 254480.200000 268782.500000 8 6
6945.380000 254388.420000 268782.500000 6 6
6920.950000 254337.610000 268782.500000 4 6
6669.230000 253792.400000 268782.500000 4 6
6354.040000 253048.820000 268782.500000 6 6
6353.200000 253046.740000 268782.500000 4 6
6181.420000 252609.460000 268782.500000 8 6
5693.920000 251224.790000 268782.500000 6 6
5693.080000 251222.190000 268782.500000 8 6
3536.910000 240517.350000 268782.500000 4 6
3344.800000 238893.960000 268782.500000 6 6
3326.850000 238732.650000 268782.500000 4 6
2912.230000 234454.630000 268782.500000 6 6
2907.840000 234402.800000 268782.500000 4 6
2827.860000 233430.530000 268782.500000 4 6
2790.660000 232959.210000 268782.500000 8 6
2778.020000 232796.300000 268782.500000 6 6
2774.750000 232753.820000 268782.500000 8 6
2774.270000 232747.560000 268782.500000 6 6
2774.140000 232745.980000 268782.500000 4 6
2758.070000 232535.950000 268782.500000 4 6
2752.510000 232462.720000 268782.500000 6 6
2676.260000 231427.970000 268782.500000 8 6
2670.690000 231350.090000 268782.500000 6 6
2666.840000 231296.130000 268782.500000 4 6
1779.720000 212593.820000 268782.500000 4 6
1617.870000 206972.720000 268782.500000 4 6
1617.840000 206971.680000 268782.500000 6 6
1254.490000 189068.510000 268782.500000 4 6
1200.720000 185499.120000 268782.500000 6 6
1198.440000 185340.580000 268782.500000 4 6
10630.310000 259287.610000 268692.100000 6 8
9319.720000 257965.110000 268692.100000 6 8
7813.700000 255897.590000 268692.100000 6 8
7558.780000 255466.100000 268692.100000 8 8
7466.210000 255302.110000 268692.100000 6 8
7357.900000 255105.010000 268692.100000 6 8
7312.010000 255019.730000 268692.100000 8 8
7246.650000 254896.420000 268692.100000 6 8
7089.190000 254590.000000 268692.100000 10 8
7034.420000 254480.200000 268692.100000 8 8
6989.280000 254388.420000 268692.100000 6 8
6390.750000 253048.820000 268692.100000 6 8
6216.160000 252609.460000 268692.100000 8 8
6215.710000 252608.280000 268692.100000 10 8
5723.390000 251224.790000 268692.100000 6 8
5722.540000 251222.190000 268692.100000 8 8
3354.950000 238893.960000 268692.100000 6 8
2919.920000 234454.630000 268692.100000 6 8
2797.720000 232959.210000 268692.100000 8 8
2785.020000 232796.300000 268692.100000 6 8
2781.730000 232753.820000 268692.100000 8 8
2781.240000 232747.560000 268692.100000 6 8
2759.380000 232462.720000 268692.100000 6 8
2690.130000 231530.250000 268692.100000 10 8
2682.750000 231427.970000 268692.100000 8 8
2677.150000 231350.090000 268692.100000 6 8
1620.210000 206971.680000 268692.100000 6 8
1202.020000 185499.120000 268692.100000 6 8
10701.820000 259288.070000 268629.710000 4 4
10701.300000 259287.610000 268629.710000 6 4
9973.960000 258606.350000 268629.710000 4 4
9783.540000 258411.260000 268629.710000 2 4
9374.240000 257965.110000 268629.710000 6 4
9231.260000 257799.930000 268629.710000 4 4
9143.300000 257695.740000 268629.710000 2 4
7851.990000 255897.590000 268629.710000 6 4
7818.410000 255842.910000 268629.710000 4 4
7686.100000 255622.800000 268629.710000 2 4
7501.160000 255302.110000 268629.710000 6 4
7489.820000 255281.930000 268629.710000 2 4
7429.510000 255173.580000 268629.710000 4 4
7423.720000 255163.080000 268629.710000 2 4
7412.340000 255142.410000 268629.710000 4 4
7391.840000 255105.010000 268629.710000 6 4
7279.570000 254896.420000 268629.710000 6 4
7271.600000 254881.370000 268629.710000 4 4
7253.300000 254846.680000 268629.710000 2 4
7019.900000 254388.420000 268629.710000 6 4
6994.940000 254337.610000 268629.710000 4 4
6737.910000 253792.400000 268629.710000 4 4
6736.810000 253789.990000 268629.710000 2 4
6416.340000 253048.820000 268629.710000 6 4
6415.490000 253046.740000 268629.710000 4 4
5743.910000 251224.790000 268629.710000 6 4
3556.140000 240517.350000 268629.710000 4 4
3532.600000 240330.010000 268629.710000 2 4
3361.990000 238893.960000 268629.710000 6 4
3343.850000 238732.650000 268629.710000 4 4
3332.120000 238627.460000 268629.710000 2 4
2925.250000 234454.630000 268629.710000 6 4
2920.820000 234402.800000 268629.710000 4 4
2849.370000 233544.590000 268629.710000 2 4
2840.140000 233430.530000 268629.710000 4 4
2789.870000 232796.300000 268629.710000 6 4
2786.080000 232747.560000 268629.710000 6 4
2785.960000 232745.980000 268629.710000 4 4
2783.290000 232711.640000 268629.710000 2 4
2774.860000 232602.490000 268629.710000 2 4
2769.740000 232535.950000 268629.710000 4 4
2764.140000 232462.720000 268629.710000 6 4
2681.630000 231350.090000 268629.710000 6 4
2677.760000 231296.130000 268629.710000 4 4
2629.390000 230609.450000 268629.710000 2 4
1789.950000 212762.250000 268629.710000 2 4
1784.570000 212593.820000 268629.710000 4 4
1621.880000 206972.720000 268629.710000 4 4
1621.850000 206971.680000 268629.710000 6 4
1371.380000 195710.470000 268629.710000 2 4
1256.890000 189068.510000 268629.710000 4 4
1254.060000 188888.540000 268629.710000 2 4
1202.930000 185499.120000 268629.710000 6 4
1200.640000 185340.580000 268629.710000 4 4
1199.120000 185235.280000 268629.710000 2 4
10731.110000 259288.070000 268604.220000 4 2
9999.390000 258606.350000 268604.220000 4 2
9808.000000 258411.260000 268604.220000 2 2
9253.040000 257799.930000 268604.220000 4 2
9164.670000 257695.740000 268604.220000 2 2
7834.030000 255842.910000 268604.220000 4 2
7701.200000 255622.800000 268604.220000 2 2
7504.150000 255281.930000 268604.220000 2 2
7443.610000 255173.580000 268604.220000 4 2
7437.800000 255163.080000 268604.220000 2 2
7426.380000 255142.410000 268604.220000 4 2
7285.110000 254881.370000 268604.220000 4 2
7266.740000 254846.680000 268604.220000 2 2
7007.440000 254337.610000 268604.220000 4 2
6749.500000 253792.400000 268604.220000 4 2
6748.400000 253789.990000 268604.220000 2 2
6426.000000 253046.740000 268604.220000 4 2
3559.370000 240517.350000 268604.220000 4 2
3535.780000 240330.010000 268604.220000 2 2
3346.700000 238732.650000 268604.220000 4 2
3334.960000 238627.460000 268604.220000 2 2
2923.000000 234402.800000 268604.220000 4 2
2851.450000 233544.590000 268604.220000 2 2
2842.200000 233430.530000 268604.220000 4 2
2787.940000 232745.980000 268604.220000 4 2
2785.270000 232711.640000 268604.220000 2 2
2776.820000 232602.490000 268604.220000 2 2
2771.700000 232535.950000 268604.220000 4 2
2679.590000 231296.130000 268604.220000 4 2
2631.160000 230609.450000 268604.220000 2 2
1790.770000 212762.250000 268604.220000 2 2
1785.380000 212593.820000 268604.220000 4 2
1622.550000 206972.720000 268604.220000 4 2
1371.860000 195710.470000 268604.220000 2 2
1257.300000 189068.510000 268604.220000 4 2
1254.460000 188888.540000 268604.220000 2 2
1201.000000 185340.580000 268604.220000 4 2
1199.490000 185235.280000 268604.220000 2 2
10796.840000 259288.070000 268547.500000 4 6
10796.310000 259287.610000 268547.500000 6 6
10056.440000 258606.350000 268547.500000 4 6
9447.070000 257965.110000 268547.500000 6 6
9301.880000 257799.930000 268547.500000 4 6
7903.020000 255897.590000 268547.500000 6 6
7869.010000 255842.910000 268547.500000 4 6
7642.340000 255466.100000 268547.500000 8 6
7547.720000 255302.110000 268547.500000 6 6
7475.180000 255173.580000 268547.500000 4 6
7457.800000 255142.410000 268547.500000 4 6
7437.050000 255105.010000 268547.500000 6 6
7390.170000 255019.730000 268547.500000 8 6
7323.410000 254896.420000 268547.500000 6 6
7315.340000 254881.370000 268547.500000 4 6
7106.730000 254480.200000 268547.500000 8 6
7060.660000 254388.420000 268547.500000 6 6
7035.410000 254337.610000 268547.500000 4 6
6775.450000 253792.400000 268547.500000 4 6
6450.380000 253048.820000 268547.500000 6 6
6449.510000 253046.740000 268547.500000 4 6
6272.560000 252609.460000 268547.500000 8 6
5771.170000 251224.790000 268547.500000 6 6
5770.300000 251222.190000 268547.500000 8 6
3566.570000 240517.350000 268547.500000 4 6
3371.310000 238893.960000 268547.500000 6 6
3353.070000 238732.650000 268547.500000 4 6
2932.310000 234454.630000 268547.500000 6 6
2927.860000 234402.800000 268547.500000 4 6
2846.790000 233430.530000 268547.500000 4 6
2809.090000 232959.210000 268547.500000 8 6
2796.280000 232796.300000 268547.500000 6 6
2792.970000 232753.820000 268547.500000 8 6
2792.480000 232747.560000 268547.500000 6 6
2792.350000 232745.980000 268547.500000 4 6
2776.070000 232535.950000 268547.500000 4 6
2770.430000 232462.720000 268547.500000 6 6
2693.200000 231427.970000 268547.500000 8 6
2687.560000 231350.090000 268547.500000 6 6
2683.670000 231296.130000 268547.500000 4 6
1787.190000 212593.820000 268547.500000 4 6
1624.040000 206972.720000 268547.500000 4 6
1624.010000 206971.680000 268547.500000 6 6
1258.190000 189068.510000 268547.500000 4 6
1204.120000 185499.120000 268547.500000 6 6
1201.820000 185340.580000 268547.500000 4 6
10893.190000 259288.070000 268465.600000 4 4
10892.650000 259287.610000 268465.600000 6 4
10139.980000 258606.350000 268465.600000 4 4
9943.230000 258411.260000 268465.600000 2 4
9520.750000 257965.110000 268465.600000 6 4
9373.300000 257799.930000 268465.600000 4 4
9282.620000 257695.740000 268465.600000 2 4
7954.520000 255897.590000 268465.600000 6 4
7920.060000 255842.910000 268465.600000 4 4
7784.320000 255622.800000 268465.600000 2 4
7594.680000 255302.110000 268465.600000 6 4
7583.050000 255281.930000 268465.600000 2 4
7521.240000 255173.580000 268465.600000 4 4
7515.300000 255163.080000 268465.600000 2 4
7503.640000 255142.410000 268465.600000 4 4
7482.640000 255105.010000 268465.600000 6 4
7367.610000 254896.420000 268465.600000 6 4
7359.450000 254881.370000 268465.600000 4 4
7340.700000 254846.680000 268465.600000 2 4
7101.740000 254388.420000 268465.600000 6 4
7076.200000 254337.610000 268465.600000 4 4
6813.270000 253792.400000 268465.600000 4 4
6812.150000 253789.990000 268465.600000 2 4
6484.650000 253048.820000 268465.600000 6 4
6483.770000 253046.740000 268465.600000 4 4
5798.580000 251224.790000 268465.600000 6 4
3577.020000 240517.350000 268465.600000 4 4
3553.200000 240330.010000 268465.600000 2 4
3380.650000 238893.960000 268465.600000 6 4
3362.310000 238732.650000 268465.600000 4 4
3350.450000 238627.460000 268465.600000 2 4
2939.370000 234454.630000 268465.600000 6 4
2934.900000 234402.800000 268465.600000 4 4
2862.760000 233544.590000 268465.600000 2 4
2853.440000 233430.530000 268465.600000 4 4
2802.710000 232796.300000 268465.600000 6 4
2798.880000 232747.560000 268465.600000 6 4
2798.760000 232745.980000 268465.600000 4 4
2796.070000 232711.640000 268465.600000 2 4
2787.560000 232602.490000 268465.600000 2 4
2782.400000 232535.950000 268465.600000 4 4
2776.740000 232462.720000 268465.600000 6 4
2693.490000 231350.090000 268465.600000 6 4
2689.580000 231296.130000 268465.600000 4 4
2640.790000 230609.450000 268465.600000 2 4
1795.220000 212762.250000 268465.600000 2 4
1789.810000 212593.820000 268465.600000 4 4
1626.200000 206972.720000 268465.600000 4 4
1626.180000 206971.680000 268465.600000 6 4
1374.470000 195710.470000 268465.600000 2 4
1259.490000 189068.510000 268465.600000 4 4
1256.640000 188888.540000 268465.600000 2 4
1205.310000 185499.120000 268465.600000 6 4
1203.010000 185340.580000 268465.600000 4 4
1201.490000 185235.280000 268465.600000 2 4
11008.100000 259288.070000 268369.800000 4 2
10239.470000 258606.350000 268369.800000 4 2
10038.880000 258411.260000 268369.800000 2 2
9458.260000 257799.930000 268369.800000 4 2
9365.940000 257695.740000 268369.800000 2 2
7980.630000 255842.910000 268369.800000 4 2
7842.820000 255622.800000 268369.800000 2 2
7638.560000 255281.930000 268369.800000 2 2
7575.840000 255173.580000 268369.800000 4 2
7569.820000 255163.080000 268369.800000 2 2
7557.990000 255142.410000 268369.800000 4 2
7411.720000 254881.370000 268369.800000 4 2
7392.710000 254846.680000 268369.800000 2 2
7124.510000 254337.610000 268369.800000 4 2
6858.040000 253792.400000 268369.800000 4 2
6856.910000 253789.990000 268369.800000 2 2
6524.310000 253046.740000 268369.800000 4 2
3589.320000 240517.350000 268369.800000 4 2
3565.340000 240330.010000 268369.800000 2 2
3373.170000 238732.650000 268369.800000 4 2
3361.240000 238627.460000 268369.800000 2 2
2943.170000 234402.800000 268369.800000 4 2
2870.640000 233544.590000 268369.800000 2 2
2861.270000 233430.530000 268369.800000 4 2
2806.280000 232745.980000 268369.800000 4 2
2803.580000 232711.640000 268369.800000 2 2
2795.030000 232602.490000 268369.800000 2 2
2789.830000 232535.950000 268369.800000 4 2
2696.530000 231296.130000 268369.800000 4 2
2647.490000 230609.450000 268369.800000 2 2
1798.320000 212762.250000 268369.800000 2 2
1792.890000 212593.820000 268369.800000 4 2
1628.740000 206972.720000 268369.800000 4 2
1376.290000 195710.470000 268369.800000 2 2
1261.010000 189068.510000 268369.800000 4 2
1258.160000 188888.540000 268369.800000 2 2
1204.400000 185340.580000 268369.800000 4 2
1202.870000 185235.280000 268369.800000 2 2
11071.700000 259288.070000 268317.640000 4 2
10294.480000 258606.350000 268317.640000 4 2
10091.740000 258411.260000 268317.640000 2 2
9505.170000 257799.930000 268317.640000 4 2
9411.930000 257695.740000 268317.640000 2 2
8014.000000 255842.910000 268317.640000 4 2
7875.050000 255622.800000 268317.640000 2 2
7669.130000 255281.930000 268317.640000 2 2
7605.910000 255173.580000 268317.640000 4 2
7599.840000 255163.080000 268317.640000 2 2
7587.910000 255142.410000 268317.640000 4 2
7440.490000 254881.370000 268317.640000 4 2
7421.330000 254846.680000 268317.640000 2 2
7151.090000 254337.610000 268317.640000 4 2
6882.670000 253792.400000 268317.640000 4 2
6881.530000 253789.990000 268317.640000 2 2
6546.600000 253046.740000 268317.640000 4 2
3596.060000 240517.350000 268317.640000 4 2
3571.990000 240330.010000 268317.640000 2 2
3379.120000 238732.650000 268317.640000 4 2
3367.150000 238627.460000 268317.640000 2 2
2947.700000 234402.800000 268317.640000 4 2
2874.950000 233544.590000 268317.640000 2 2
2865.550000 233430.530000 268317.640000 4 2
2810.400000 232745.980000 268317.640000 4 2
2807.690000 232711.640000 268317.640000 2 2
2799.110000 232602.490000 268317.640000 2 2
2793.900000 232535.950000 268317.640000 4 2
2700.330000 231296.130000 268317.640000 4 2
2651.150000 230609.450000 268317.640000 2 2
1800.010000 212762.250000 268317.640000 2 2
1794.560000 212593.820000 268317.640000 4 2
1630.130000 206972.720000 268317.640000 4 2
1377.270000 195710.470000 268317.640000 2 2
1261.840000 189068.510000 268317.640000 4 2
1258.980000 188888.540000 268317.640000 2 2
1205.150000 185340.580000 268317.640000 4 2
1203.630000 185235.280000 268317.640000 2 2
12187.740000 259288.070000 267490.790000 4 4
12187.060000 259287.610000 267490.790000 6 4
11252.550000 258606.350000 267490.790000 4 4
11010.770000 258411.260000 267490.790000 2 4
10495.060000 257965.110000 267490.790000 6 4
10316.170000 257799.930000 267490.790000 4 4
10206.440000 257695.740000 267490.790000 2 4
8623.380000 255897.590000 267490.790000 6 4
8582.900000 255842.910000 267490.790000 4 4
8423.710000 255622.800000 267490.790000 2 4
8202.080000 255302.110000 267490.790000 6 4
8188.520000 255281.930000 267490.790000 2 4
8116.490000 255173.580000 267490.790000 4 4
8109.580000 255163.080000 267490.790000 2 4
8096.000000 255142.410000 267490.790000 4 4
8071.550000 255105.010000 267490.790000 6 4
7937.870000 254896.420000 267490.790000 6 4
7928.400000 254881.370000 267490.790000 4 4
7906.650000 254846.680000 267490.790000 2 4
7630.110000 254388.420000 267490.790000 6 4
7600.630000 254337.610000 267490.790000 4 4
7298.120000 253792.400000 267490.790000 4 4
7296.830000 253789.990000 267490.790000 2 4
6922.350000 253048.820000 267490.790000 6 4
6921.360000 253046.740000 267490.790000 4 4
6146.090000 251224.790000 267490.790000 6 4
3706.300000 240517.350000 267490.790000 4 4
3680.730000 240330.010000 267490.790000 2 4
3495.890000 238893.960000 267490.790000 6 4
3476.280000 238732.650000 267490.790000 4 4
3463.610000 238627.460000 267490.790000 2 4
3026.110000 234454.630000 267490.790000 6 4
3021.360000 234402.800000 267490.790000 4 4
2944.980000 233544.590000 267490.790000 2 4
2935.110000 233430.530000 267490.790000 4 4
2881.460000 232796.300000 267490.790000 6 4
2877.410000 232747.560000 267490.790000 6 4
2877.280000 232745.980000 267490.790000 4 4
2874.440000 232711.640000 267490.790000 2 4
2865.450000 232602.490000 267490.790000 2 4
2859.990000 232535.950000 267490.790000 4 4
2854.010000 232462.720000 267490.790000 6 4
2766.150000 231350.090000 267490.790000 6 4
2762.020000 231296.130000 267490.790000 4 4
2710.590000 230609.450000 267490.790000 2 4
1827.200000 212762.250000 267490.790000 2 4
1821.590000 212593.820000 267490.790000 4 4
1652.400000 206972.720000 267490.790000 4 4
1652.370000 206971.680000 267490.790000 6 4
1393.140000 195710.470000 267490.790000 2 4
1275.150000 189068.510000 267490.790000 4 4
1272.230000 188888.540000 267490.790000 2 4
1219.640000 185499.120000 267490.790000 6 4
1217.280000 185340.580000 267490.790000 4 4
1215.720000 185235.280000 267490.790000 2 4
12233.240000 259288.070000 267460.280000 4 2
11291.330000 258606.350000 267460.280000 4 2
11047.890000 258411.260000 267460.280000 2 2
10348.760000 257799.930000 267460.280000 4 2
10238.330000 257695.740000 267460.280000 2 2
8605.440000 255842.910000 267460.280000 4 2
8445.420000 255622.800000 267460.280000 2 2
8209.040000 255281.930000 267460.280000 2 2
8136.640000 255173.580000 267460.280000 4 2
8129.700000 255163.080000 267460.280000 2 2
8116.050000 255142.410000 267460.280000 4 2
7947.630000 254881.370000 267460.280000 4 2
7925.770000 254846.680000 267460.280000 2 2
7618.300000 254337.610000 267460.280000 4 2
7314.410000 253792.400000 267460.280000 4 2
7313.120000 253789.990000 267460.280000 2 2
6936.010000 253046.740000 267460.280000 4 2
3710.490000 240517.350000 267460.280000 4 2
3684.870000 240330.010000 267460.280000 2 2
3479.970000 238732.650000 267460.280000 4 2
3467.280000 238627.460000 267460.280000 2 2
3024.150000 234402.800000 267460.280000 4 2
2947.630000 233544.590000 267460.280000 2 2
2937.750000 233430.530000 267460.280000 4 2
2879.810000 232745.980000 267460.280000 4 2
2876.970000 232711.640000 267460.280000 2 2
2867.960000 232602.490000 267460.280000 2 2
2862.490000 232535.950000 267460.280000 4 2
2764.350000 231296.130000 267460.280000 4 2
2712.840000 230609.450000 267460.280000 2 2
1828.220000 212762.250000 267460.280000 2 2
1822.610000 212593.820000 267460.280000 4 2
1653.230000 206972.720000 267460.280000 4 2
1393.730000 195710.470000 267460.280000 2 2
1275.640000 189068.510000 267460.280000 4 2
1272.720000 188888.540000 267460.280000 2 2
1217.730000 185340.580000 267460.280000 4 2
1216.180000 185235.280000 267460.280000 2 2
18309.030000 261869.940000 267330.240000 6 8
16734.030000 261356.020000 267330.240000 6 8
16256.660000 261180.590000 267330.240000 8 8
15903.500000 261044.030000 267330.240000 6 8
5222.220000 248186.640000 267330.240000 6 8
4789.170000 246455.630000 267330.240000 6 8
4693.310000 246029.300000 267330.240000 8 8
4665.700000 245903.220000 267330.240000 6 8
4403.300000 244626.360000 267330.240000 6 8
2674.210000 229947.070000 267330.240000 6 8
2591.050000 228747.450000 267330.240000 8 8
2589.470000 228723.840000 267330.240000 6 8
1798.000000 211712.730000 267330.240000 6 8
1699.350000 208484.200000 267330.240000 6 8
1657.610000 207002.480000 267330.240000 8 8
1654.190000 206877.860000 267330.240000 6 8
18355.870000 261869.940000 267316.300000 6 6
17796.490000 261698.750000 267316.300000 4 6
17555.270000 261621.560000 267316.300000 4 6
16773.150000 261356.020000 267316.300000 6 6
16510.740000 261261.290000 267316.300000 4 6
16293.580000 261180.590000 267316.300000 8 6
15938.840000 261044.030000 267316.300000 6 6
15724.710000 260958.620000 267316.300000 4 6
8104.950000 254981.550000 267316.300000 4 6
6979.900000 252993.390000 267316.300000 4 6
5317.390000 248515.300000 267316.300000 4 6
5226.030000 248186.640000 267316.300000 6 6
5178.280000 248010.230000 267316.300000 4 6
4798.740000 246483.320000 267316.300000 4 6
4792.370000 246455.630000 267316.300000 6 6
4755.030000 246291.820000 267316.300000 4 6
4696.390000 246029.300000 267316.300000 8 6
4668.740000 245903.220000 267316.300000 6 6
4649.950000 245816.700000 267316.300000 4 6
4406.000000 244626.360000 267316.300000 6 6
2873.610000 232527.090000 267316.300000 4 6
2676.730000 229968.440000 267316.300000 4 6
2675.200000 229947.070000 267316.300000 6 6
2591.990000 228747.450000 267316.300000 8 6
2590.400000 228723.840000 267316.300000 6 6
1883.710000 214229.670000 267316.300000 4 6
1813.090000 212161.880000 267316.300000 4 6
1798.450000 211712.730000 267316.300000 6 6
1792.300000 211522.120000 267316.300000 4 6
1699.750000 208484.200000 267316.300000 6 6
1697.100000 208392.260000 267316.300000 4 6
1657.990000 207002.480000 267316.300000 8 6
1654.580000 206877.860000 267316.300000 6 6
1652.070000 206786.290000 267316.300000 4 6
19916.450000 262286.820000 267306.420000 2 4
18389.220000 261869.940000 267306.420000 6 4
17827.840000 261698.750000 267306.420000 4 4
17585.770000 261621.560000 267306.420000 4 4
16800.990000 261356.020000 267306.420000 6 4
16537.710000 261261.290000 267306.420000 4 4
16410.610000 261214.470000 267306.420000 2 4
15963.970000 261044.030000 267306.420000 6 4
15749.180000 260958.620000 267306.420000 4 4
15634.260000 260911.960000 267306.420000 2 4
15101.260000 260686.270000 267306.420000 2 4
8111.440000 254981.550000 267306.420000 4 4
6984.710000 252993.390000 267306.420000 4 4
6981.710000 252987.230000 267306.420000 2 4
5320.180000 248515.300000 267306.420000 4 4
5295.130000 248426.410000 267306.420000 2 4
5228.730000 248186.640000 267306.420000 6 4
5180.930000 248010.230000 267306.420000 4 4
4801.020000 246483.320000 267306.420000 4 4
4794.640000 246455.630000 267306.420000 6 4
4763.670000 246320.090000 267306.420000 2 4
4757.270000 246291.820000 267306.420000 4 4
4670.890000 245903.220000 267306.420000 6 4
4652.080000 245816.700000 267306.420000 4 4
4641.650000 245768.370000 267306.420000 2 4
4489.260000 245037.290000 267306.420000 2 4
4407.920000 244626.360000 267306.420000 6 4
2874.430000 232527.090000 267306.420000 4 4
2870.580000 232480.440000 267306.420000 2 4
2677.440000 229968.440000 267306.420000 4 4
2675.910000 229947.070000 267306.420000 6 4
2591.070000 228723.840000 267306.420000 6 4
1884.060000 214229.670000 267306.420000 4 4
1881.950000 214169.920000 267306.420000 2 4
1813.420000 212161.880000 267306.420000 4 4
1798.770000 211712.730000 267306.420000 6 4
1792.620000 211522.120000 267306.420000 4 4
1700.040000 208484.200000 267306.420000 6 4
1697.380000 208392.260000 267306.420000 4 4
1696.060000 208346.100000 267306.420000 2 4
1654.850000 206877.860000 267306.420000 6 4
1652.340000 206786.290000 267306.420000 4 4
1650.830000 206730.760000 267306.420000 2 4
1578.180000 203942.290000 267306.420000 2 4
19949.020000 262286.820000 267298.230000 2 4
18416.980000 261869.940000 267298.230000 6 4
17853.920000 261698.750000 267298.230000 4 4
17611.150000 261621.560000 267298.230000 4 4
16824.160000 261356.020000 267298.230000 6 4
16560.160000 261261.290000 267298.230000 4 4
16432.710000 261214.470000 267298.230000 2 4
15984.890000 261044.030000 267298.230000 6 4
15769.530000 260958.620000 267298.230000 4 4
15654.310000 260911.960000 267298.230000 2 4
15119.980000 260686.270000 267298.230000 2 4
8116.840000 254981.550000 267298.230000 4 4
6988.710000 252993.390000 267298.230000 4 4
6985.710000 252987.230000 267298.230000 2 4
5322.500000 248515.300000 267298.230000 4 4
5297.430000 248426.410000 267298.230000 2 4
5230.970000 248186.640000 267298.230000 6 4
5183.130000 248010.230000 267298.230000 4 4
4802.910000 246483.320000 267298.230000 4 4
4796.520000 246455.630000 267298.230000 6 4
4765.530000 246320.090000 267298.230000 2 4
4759.120000 246291.820000 267298.230000 4 4
4672.680000 245903.220000 267298.230000 6 4
4653.860000 245816.700000 267298.230000 4 4
4643.410000 245768.370000 267298.230000 2 4
4490.910000 245037.290000 267298.230000 2 4
4409.510000 244626.360000 267298.230000 6 4
2875.100000 232527.090000 267298.230000 4 4
2871.250000 232480.440000 267298.230000 2 4
2678.030000 229968.440000 267298.230000 4 4
2676.500000 229947.070000 267298.230000 6 4
2591.620000 228723.840000 267298.230000 6 4
1884.350000 214229.670000 267298.230000 4 4
1882.240000 214169.920000 267298.230000 2 4
1813.690000 212161.880000 267298.230000 4 4
1799.030000 211712.730000 267298.230000 6 4
1792.880000 211522.120000 267298.230000 4 4
1700.270000 208484.200000 267298.230000 6 4
1697.620000 208392.260000 267298.230000 4 4
1696.290000 208346.100000 267298.230000 2 4
1655.070000 206877.860000 267298.230000 6 4
1652.570000 206786.290000 267298.230000 4 4
1651.050000 206730.760000 267298.230000 2 4
1578.380000 203942.290000 267298.230000 2 4
18505.410000 261698.750000 267101.100000 4 2
18244.720000 261621.560000 267101.100000 4 2
17119.170000 261261.290000 267101.100000 4 2
16983.010000 261214.470000 267101.100000 2 2
16275.620000 260958.620000 267101.100000 4 2
16152.920000 260911.960000 267101.100000 2 2
15584.620000 260686.270000 267101.100000 2 2
8248.860000 254981.550000 267101.100000 4 2
7086.370000 252993.390000 267101.100000 4 2
7083.280000 252987.230000 267101.100000 2 2
5378.960000 248515.300000 267101.100000 4 2
5353.350000 248426.410000 267101.100000 2 2
5236.650000 248010.230000 267101.100000 4 2
4848.830000 246483.320000 267101.100000 4 2
4810.740000 246320.090000 267101.100000 2 2
4804.210000 246291.820000 267101.100000 4 2
4696.960000 245816.700000 267101.100000 4 2
4686.320000 245768.370000 267101.100000 2 2
4531.040000 245037.290000 267101.100000 2 2
2891.500000 232527.090000 267101.100000 4 2
2887.600000 232480.440000 267101.100000 2 2
2692.250000 229968.440000 267101.100000 4 2
1891.380000 214229.670000 267101.100000 4 2
1889.250000 214169.920000 267101.100000 2 2
1820.190000 212161.880000 267101.100000 4 2
1799.240000 211522.120000 267101.100000 4 2
1703.320000 208392.260000 267101.100000 4 2
1701.980000 208346.100000 267101.100000 2 2
1657.970000 206786.290000 267101.100000 4 2
1656.440000 206730.760000 267101.100000 2 2
1583.310000 203942.290000 267101.100000 2 2
19597.530000 261869.940000 266971.230000 6 6
18961.230000 261698.750000 266971.230000 4 6
18687.640000 261621.560000 266971.230000 4 6
17803.910000 261356.020000 266971.230000 6 6
17508.540000 261261.290000 266971.230000 4 6
17264.530000 261180.590000 266971.230000 8 6
16866.770000 261044.030000 266971.230000 6 6
16627.170000 260958.620000 266971.230000 4 6
8338.210000 254981.550000 266971.230000 4 6
7152.210000 252993.390000 266971.230000 4 6
5416.810000 248515.300000 266971.230000 4 6
5322.030000 248186.640000 266971.230000 6 6
5272.520000 248010.230000 266971.230000 4 6
4879.560000 246483.320000 266971.230000 4 6
4872.980000 246455.630000 266971.230000 6 6
4834.380000 246291.820000 266971.230000 4 6
4773.770000 246029.300000 266971.230000 8 6
4745.210000 245903.220000 266971.230000 6 6
4725.800000 245816.700000 266971.230000 4 6
4474.050000 244626.360000 266971.230000 6 6
2902.400000 232527.090000 266971.230000 4 6
2701.700000 229968.440000 266971.230000 4 6
2700.140000 229947.070000 266971.230000 6 6
2615.390000 228747.450000 266971.230000 8 6
2613.780000 228723.840000 266971.230000 6 6
1896.040000 214229.670000 266971.230000 4 6
1824.510000 212161.880000 266971.230000 4 6
1809.680000 211712.730000 266971.230000 6 6
1803.460000 211522.120000 266971.230000 4 6
1709.780000 208484.200000 266971.230000 6 6
1707.100000 208392.260000 266971.230000 4 6
1667.540000 207002.480000 266971.230000 8 6
1664.080000 206877.860000 266971.230000 6 6
1661.550000 206786.290000 266971.230000 4 6
19590.010000 261698.750000 266802.000000 4 4
19298.110000 261621.560000 266802.000000 4 4
18357.150000 261356.020000 266802.000000 6 4
18043.300000 261261.290000 266802.000000 4 4
17892.110000 261214.470000 266802.000000 2 4
17362.490000 261044.030000 266802.000000 6 4
17108.710000 260958.620000 266802.000000 4 4
16973.180000 260911.960000 266802.000000 2 4
16346.810000 260686.270000 266802.000000 2 4
8457.590000 254981.550000 266802.000000 4 4
7239.860000 252993.390000 266802.000000 4 4
7236.630000 252987.230000 266802.000000 2 4
5466.940000 248515.300000 266802.000000 4 4
5440.490000 248426.410000 266802.000000 2 4
5370.410000 248186.640000 266802.000000 6 4
5320.000000 248010.230000 266802.000000 4 4
4920.210000 246483.320000 266802.000000 4 4
4913.510000 246455.630000 266802.000000 6 4
4880.990000 246320.090000 266802.000000 2 4
4874.270000 246291.820000 266802.000000 4 4
4783.630000 245903.220000 266802.000000 6 4
4763.910000 245816.700000 266802.000000 4 4
4752.960000 245768.370000 266802.000000 2 4
4593.310000 245037.290000 266802.000000 2 4
4508.190000 244626.360000 266802.000000 6 4
2916.730000 232527.090000 266802.000000 4 4
2912.770000 232480.440000 266802.000000 2 4
2714.110000 229968.440000 266802.000000 4 4
2712.540000 229947.070000 266802.000000 6 4
2625.390000 228723.840000 266802.000000 6 4
1902.140000 214229.670000 266802.000000 4 4
1899.980000 214169.920000 266802.000000 2 4
1830.160000 212161.880000 266802.000000 4 4
1815.240000 211712.730000 266802.000000 6 4
1808.980000 211522.120000 266802.000000 4 4
1714.740000 208484.200000 266802.000000 6 4
1712.040000 208392.260000 266802.000000 4 4
1710.690000 208346.100000 266802.000000 2 4
1668.780000 206877.860000 266802.000000 6 4
1666.230000 206786.290000 266802.000000 4 4
1664.690000 206730.760000 266802.000000 2 4
1590.840000 203942.290000 266802.000000 2 4
19997.540000 261698.750000 266698.000000 4 2
19693.470000 261621.560000 266698.000000 4 2
18388.460000 261261.290000 266698.000000 4 2
18231.450000 261214.470000 266698.000000 2 2
17418.730000 260958.620000 266698.000000 4 2
17278.260000 260911.960000 266698.000000 2 2
16629.600000 260686.270000 266698.000000 2 2
8532.660000 254981.550000 266698.000000 4 2
7294.800000 252993.390000 266698.000000 4 2
7291.530000 252987.230000 266698.000000 2 2
5498.210000 248515.300000 266698.000000 4 2
5471.460000 248426.410000 266698.000000 2 2
5349.610000 248010.230000 266698.000000 4 2
4945.520000 246483.320000 266698.000000 4 2
4905.900000 246320.090000 266698.000000 2 2
4899.110000 246291.820000 266698.000000 4 2
4787.640000 245816.700000 266698.000000 4 2
4776.580000 245768.370000 266698.000000 2 2
4615.360000 245037.290000 266698.000000 2 2
2925.610000 232527.090000 266698.000000 4 2
2921.620000 232480.440000 266698.000000 2 2
2721.800000 229968.440000 266698.000000 4 2
1905.910000 214229.670000 266698.000000 4 2
1903.740000 214169.920000 266698.000000 2 2
1833.650000 212161.880000 266698.000000 4 2
1812.390000 211522.120000 266698.000000 4 2
1715.100000 208392.260000 266698.000000 4 2
1713.740000 208346.100000 266698.000000 2 2
1669.120000 206786.290000 266698.000000 4 2
1667.580000 206730.760000 266698.000000 2 2
1593.480000 203942.290000 266698.000000 2 2
13597.080000 259288.070000 266640.580000 4 6
13596.230000 259287.610000 266640.580000 6 6
12443.340000 258606.350000 266640.580000 4 6
11523.600000 257965.110000 266640.580000 6 6
11308.290000 257799.930000 266640.580000 4 6
9305.840000 255897.590000 266640.580000 6 6
9258.720000 255842.910000 266640.580000 4 6
8946.510000 255466.100000 266640.580000 8 6
8817.110000 255302.110000 266640.580000 6 6
8718.280000 255173.580000 266640.580000 4 6
8694.650000 255142.410000 266640.580000 4 6
8666.460000 255105.010000 266640.580000 6 6
8602.860000 255019.730000 266640.580000 8 6
8512.530000 254896.420000 266640.580000 6 6
8501.640000 254881.370000 266640.580000 4 6
8221.170000 254480.200000 266640.580000 8 6
8159.580000 254388.420000 266640.580000 6 6
8125.880000 254337.610000 266640.580000 4 6
7781.060000 253792.400000 266640.580000 4 6
7355.370000 253048.820000 266640.580000 6 6
7354.250000 253046.740000 266640.580000 4 6
7125.050000 252609.460000 266640.580000 8 6
6485.060000 251224.790000 266640.580000 6 6
6483.970000 251222.190000 266640.580000 8 6
3826.920000 240517.350000 266640.580000 4 6
3603.010000 238893.960000 266640.580000 6 6
3582.190000 238732.650000 266640.580000 4 6
3106.040000 234454.630000 266640.580000 6 6
3101.050000 234402.800000 266640.580000 4 6
3010.260000 233430.530000 266640.580000 4 6
2968.130000 232959.210000 266640.580000 8 6
2953.850000 232796.300000 266640.580000 6 6
2950.140000 232753.820000 266640.580000 8 6
2949.600000 232747.560000 266640.580000 6 6
2949.460000 232745.980000 266640.580000 4 6
2931.300000 232535.950000 266640.580000 4 6
2925.010000 232462.720000 266640.580000 6 6
2839.060000 231427.970000 266640.580000 8 6
2832.790000 231350.090000 266640.580000 6 6
2828.470000 231296.130000 266640.580000 4 6
1850.250000 212593.820000 266640.580000 4 6
1675.940000 206972.720000 266640.580000 4 6
1675.910000 206971.680000 266640.580000 6 6
1289.120000 189068.510000 266640.580000 4 6
1232.420000 185499.120000 266640.580000 6 6
1230.010000 185340.580000 266640.580000 4 6
13627.220000 259288.070000 266624.320000 4 4
13626.360000 259287.610000 266624.320000 6 4
12468.570000 258606.350000 266624.320000 4 4
12172.400000 258411.260000 266624.320000 2 4
11545.240000 257965.110000 266624.320000 6 4
11329.130000 257799.930000 266624.320000 4 4
11196.920000 257695.740000 266624.320000 2 4
9319.950000 255897.590000 266624.320000 6 4
9272.680000 255842.910000 266624.320000 4 4
9087.160000 255622.800000 266624.320000 2 4
8829.770000 255302.110000 266624.320000 6 4
8814.060000 255281.930000 266624.320000 2 4
8730.660000 255173.580000 266624.320000 4 4
8722.660000 255163.080000 266624.320000 2 4
8706.960000 255142.410000 266624.320000 4 4
8678.690000 255105.010000 266624.320000 6 4
8524.330000 254896.420000 266624.320000 6 4
8513.410000 254881.370000 266624.320000 4 4
8488.330000 254846.680000 266624.320000 2 4
8170.430000 254388.420000 266624.320000 6 4
8136.640000 254337.610000 266624.320000 4 4
7790.920000 253792.400000 266624.320000 4 4
7789.460000 253789.990000 266624.320000 2 4
7364.180000 253048.820000 266624.320000 6 4
7363.050000 253046.740000 266624.320000 4 4
6491.910000 251224.790000 266624.320000 6 4
3829.310000 240517.350000 266624.320000 4 4
3802.020000 240330.010000 266624.320000 2 4
3605.130000 238893.960000 266624.320000 6 4
3584.280000 238732.650000 266624.320000 4 4
3570.810000 238627.460000 266624.320000 2 4
3107.610000 234454.630000 266624.320000 6 4
3102.620000 234402.800000 266624.320000 4 4
3022.120000 233544.590000 266624.320000 2 4
3011.730000 233430.530000 266624.320000 4 4
2955.270000 232796.300000 266624.320000 6 4
2951.010000 232747.560000 266624.320000 6 4
2950.880000 232745.980000 266624.320000 4 4
2947.890000 232711.640000 266624.320000 2 4
2938.430000 232602.490000 266624.320000 2 4
2932.690000 232535.950000 266624.320000 4 4
2926.410000 232462.720000 266624.320000 6 4
2834.100000 231350.090000 266624.320000 6 4
2829.770000 231296.130000 266624.320000 4 4
2775.810000 230609.450000 266624.320000 2 4
1856.590000 212762.250000 266624.320000 2 4
1850.810000 212593.820000 266624.320000 4 4
1676.400000 206972.720000 266624.320000 4 4
1676.370000 206971.680000 266624.320000 6 4
1410.160000 195710.470000 266624.320000 2 4
1289.390000 189068.510000 266624.320000 4 4
1286.410000 188888.540000 266624.320000 2 4
1232.660000 185499.120000 266624.320000 6 4
1230.260000 185340.580000 266624.320000 4 4
1228.670000 185235.280000 266624.320000 2 4
13693.530000 259287.610000 266588.330000 6 8
11593.420000 257965.110000 266588.330000 6 8
9351.320000 255897.590000 266588.330000 6 8
8988.530000 255466.100000 266588.330000 8 8
8857.930000 255302.110000 266588.330000 6 8
8705.890000 255105.010000 266588.330000 6 8
8641.710000 255019.730000 266588.330000 8 8
8550.570000 254896.420000 266588.330000 6 8
8332.200000 254590.000000 266588.330000 10 8
8256.640000 254480.200000 266588.330000 8 8
8194.530000 254388.420000 266588.330000 6 8
7383.760000 253048.820000 266588.330000 6 8
7151.680000 252609.460000 266588.330000 8 8
7151.080000 252608.280000 266588.330000 10 8
6507.120000 251224.790000 266588.330000 6 8
6506.020000 251222.190000 266588.330000 8 8
3609.810000 238893.960000 266588.330000 6 8
3111.100000 234454.630000 266588.330000 6 8
2972.750000 232959.210000 266588.330000 8 8
2958.410000 232796.300000 266588.330000 6 8
2954.700000 232753.820000 266588.330000 8 8
2954.150000 232747.560000 266588.330000 6 8
2929.490000 232462.720000 266588.330000 6 8
2851.570000 231530.250000 266588.330000 10 8
2843.280000 231427.970000 266588.330000 8 8
2836.990000 231350.090000 266588.330000 6 8
1677.380000 206971.680000 266588.330000 6 8
1233.210000 185499.120000 266588.330000 6 8
13710.550000 259288.070000 266579.730000 4 6
13709.680000 259287.610000 266579.730000 6 6
12538.300000 258606.350000 266579.730000 4 6
11605.000000 257965.110000 266579.730000 6 6
11386.660000 257799.930000 266579.730000 4 6
9358.850000 255897.590000 266579.730000 6 6
9311.190000 255842.910000 266579.730000 4 6
8995.490000 255466.100000 266579.730000 8 6
8864.680000 255302.110000 266579.730000 6 6
8764.790000 255173.580000 266579.730000 4 6
8740.910000 255142.410000 266579.730000 4 6
8712.420000 255105.010000 266579.730000 6 6
8648.140000 255019.730000 266579.730000 8 6
8556.870000 254896.420000 266579.730000 6 6
8545.860000 254881.370000 266579.730000 4 6
8262.510000 254480.200000 266579.730000 8 6
8200.310000 254388.420000 266579.730000 6 6
8166.270000 254337.610000 266579.730000 4 6
7818.090000 253792.400000 266579.730000 4 6
7388.450000 253048.820000 266579.730000 6 6
7387.310000 253046.740000 266579.730000 4 6
7156.090000 252609.460000 266579.730000 8 6
6510.760000 251224.790000 266579.730000 6 6
6509.660000 251222.190000 266579.730000 8 6
3835.860000 240517.350000 266579.730000 4 6
3610.930000 238893.960000 266579.730000 6 6
3590.020000 238732.650000 266579.730000 4 6
3111.930000 234454.630000 266579.730000 6 6
3106.910000 234402.800000 266579.730000 4 6
3015.790000 233430.530000 266579.730000 4 6
2973.510000 232959.210000 266579.730000 8 6
2959.170000 232796.300000 266579.730000 6 6
2955.450000 232753.820000 266579.730000 8 6
2954.900000 232747.560000 266579.730000 6 6
2954.770000 232745.980000 266579.730000 4 6
2936.540000 232535.950000 266579.730000 4 6
2930.230000 232462.720000 266579.730000 6 6
2843.970000 231427.970000 266579.730000 8 6
2837.680000 231350.090000 266579.730000 6 6
2833.340000 231296.130000 266579.730000 4 6
1852.340000 212593.820000 266579.730000 4 6
1677.660000 206972.720000 266579.730000 4 6
1677.630000 206971.680000 266579.730000 6 6
1290.140000 189068.510000 266579.730000 4 6
1233.340000 185499.120000 266579.730000 6 6
1230.930000 185340.580000 266579.730000 4 6
10110.370000 256136.040000 266024.160000 10 12
9956.860000 255983.580000 266024.160000 10 12
9950.810000 255977.480000 266024.160000 12 12
9804.590000 255827.660000 266024.160000 10 12
10117.690000 256143.190000 266024.160000 8 10
10110.370000 256136.040000 266024.160000 10 10
10097.290000 256123.230000 266024.160000 8 10
9956.860000 255983.580000 266024.160000 10 10
9950.810000 255977.480000 266024.160000 12 10
9806.440000 255829.580000 266024.160000 8 10
9804.590000 255827.660000 266024.160000 10 10
9739.380000 255759.380000 266024.160000 8 10
9675.250000 255691.350000 266024.160000 8 10
10118.980000 256143.190000 266022.900000 8 10
10111.660000 256136.040000 266022.900000 10 10
10098.580000 256123.230000 266022.900000 8 10
9958.110000 255983.580000 266022.900000 10 10
9952.060000 255977.480000 266022.900000 12 10
9807.660000 255829.580000 266022.900000 8 10
9805.810000 255827.660000 266022.900000 10 10
9740.580000 255759.380000 266022.900000 8 10
9676.430000 255691.350000 266022.900000 8 10
10118.980000 256143.190000 266022.900000 8 8
10111.660000 256136.040000 266022.900000 10 8
10101.190000 256125.790000 266022.900000 6 8
10098.580000 256123.230000 266022.900000 8 8
10062.510000 256087.750000 266022.900000 6 8
9958.110000 255983.580000 266022.900000 10 8
9807.660000 255829.580000 266022.900000 8 8
9805.810000 255827.660000 266022.900000 10 8
9792.180000 255813.470000 266022.900000 6 8
9740.580000 255759.380000 266022.900000 8 8
9737.490000 255756.130000 266022.900000 6 8
9676.430000 255691.350000 266022.900000 8 8
9675.110000 255689.940000 266022.900000 6 8
10134.550000 256143.190000 266007.720000 8 8
10127.210000 256136.040000 266007.720000 10 8
10116.700000 256125.790000 266007.720000 6 8
10114.090000 256123.230000 266007.720000 8 8
10077.910000 256087.750000 266007.720000 6 8
9973.190000 255983.580000 266007.720000 10 8
9822.280000 255829.580000 266007.720000 8 8
9820.430000 255827.660000 266007.720000 10 8
9806.760000 255813.470000 266007.720000 6 8
9755.010000 255759.380000 266007.720000 8 8
9751.910000 255756.130000 266007.720000 6 8
9690.670000 255691.350000 266007.720000 8 8
9689.350000 255689.940000 266007.720000 6 8
10134.670000 256143.190000 266007.600000 8 6
10116.820000 256125.790000 266007.600000 6 6
10114.210000 256123.230000 266007.600000 8 6
10078.030000 256087.750000 266007.600000 6 6
10073.820000 256083.600000 266007.600000 4 6
9902.900000 255912.320000 266007.600000 4 6
9822.400000 255829.580000 266007.600000 8 6
9806.880000 255813.470000 266007.600000 6 6
9806.160000 255812.730000 266007.600000 4 6
9755.120000 255759.380000 266007.600000 8 6
9752.020000 255756.130000 266007.600000 6 6
9690.780000 255691.350000 266007.600000 8 6
9689.460000 255689.940000 266007.600000 6 6
9891.120000 255897.590000 266004.900000 6 8
9486.140000 255466.100000 266004.900000 8 8
9340.790000 255302.110000 266004.900000 6 8
9171.890000 255105.010000 266004.900000 6 8
9100.680000 255019.730000 266004.900000 8 8
8999.660000 254896.420000 266004.900000 6 8
8758.070000 254590.000000 266004.900000 10 8
8674.630000 254480.200000 266004.900000 8 8
8606.100000 254388.420000 266004.900000 6 8
7716.260000 253048.820000 266004.900000 6 8
7463.170000 252609.460000 266004.900000 8 8
7462.510000 252608.280000 266004.900000 10 8
6763.980000 251224.790000 266004.900000 6 8
6762.790000 251222.190000 266004.900000 8 8
3168.630000 234454.630000 266004.900000 6 8
3025.230000 232959.210000 266004.900000 8 8
3010.390000 232796.300000 266004.900000 6 8
3006.540000 232753.820000 266004.900000 8 8
3005.980000 232747.560000 266004.900000 6 8
2980.450000 232462.720000 266004.900000 6 8
2899.830000 231530.250000 266004.900000 10 8
2891.250000 231427.970000 266004.900000 8 8
2884.760000 231350.090000 266004.900000 6 8
9490.780000 255466.100000 265999.750000 8 10
9104.950000 255019.730000 265999.750000 8 10
8762.030000 254590.000000 265999.750000 10 10
8678.510000 254480.200000 265999.750000 8 10
7466.040000 252609.460000 265999.750000 8 10
7465.380000 252608.280000 265999.750000 10 10
6765.150000 251222.190000 265999.750000 8 10
3025.700000 232959.210000 265999.750000 8 10
3007.010000 232753.820000 265999.750000 8 10
2900.270000 231530.250000 265999.750000 10 10
2891.680000 231427.970000 265999.750000 8 10
9903.390000 255897.590000 265992.370000 6 6
9850.040000 255842.910000 265992.370000 4 6
9497.440000 255466.100000 265992.370000 8 6
9351.740000 255302.110000 265992.370000 6 6
9240.640000 255173.580000 265992.370000 4 6
9214.090000 255142.410000 265992.370000 4 6
9182.440000 255105.010000 265992.370000 6 6
9111.080000 255019.730000 265992.370000 8 6
9009.820000 254896.420000 265992.370000 6 6
8997.620000 254881.370000 265992.370000 4 6
8684.070000 254480.200000 265992.370000 8 6
8615.390000 254388.420000 265992.370000 6 6
8577.830000 254337.610000 265992.370000 4 6
8194.490000 253792.400000 265992.370000 4 6
7723.730000 253048.820000 265992.370000 6 6
7722.490000 253046.740000 265992.370000 4 6
7470.160000 252609.460000 265992.370000 8 6
6769.720000 251224.790000 265992.370000 6 6
6768.530000 251222.190000 265992.370000 8 6
3169.890000 234454.630000 265992.370000 6 6
3164.690000 234402.800000 265992.370000 4 6
3070.190000 233430.530000 265992.370000 4 6
3026.380000 232959.210000 265992.370000 8 6
3011.530000 232796.300000 265992.370000 6 6
3007.680000 232753.820000 265992.370000 8 6
3007.110000 232747.560000 265992.370000 6 6
3006.970000 232745.980000 265992.370000 4 6
2988.090000 232535.950000 265992.370000 4 6
2981.570000 232462.720000 265992.370000 6 6
2892.300000 231427.970000 265992.370000 8 6
2885.800000 231350.090000 265992.370000 6 6
2881.310000 231296.130000 265992.370000 4 6
9982.430000 255977.480000 265992.340000 12 14
10143.040000 256136.040000 265992.310000 10 12
9988.540000 255983.580000 265992.310000 10 12
9982.460000 255977.480000 265992.310000 12 12
9835.320000 255827.660000 265992.310000 10 12
9903.450000 255897.590000 265992.310000 6 8
9497.490000 255466.100000 265992.310000 8 8
9351.800000 255302.110000 265992.310000 6 8
9182.490000 255105.010000 265992.310000 6 8
9111.130000 255019.730000 265992.310000 8 8
9009.870000 254896.420000 265992.310000 6 8
8767.740000 254590.000000 265992.310000 10 8
8684.120000 254480.200000 265992.310000 8 8
8615.430000 254388.420000 265992.310000 6 8
7723.770000 253048.820000 265992.310000 6 8
7470.190000 252609.460000 265992.310000 8 8
7469.530000 252608.280000 265992.310000 10 8
6769.750000 251224.790000 265992.310000 6 8
6768.560000 251222.190000 265992.310000 8 8
3169.890000 234454.630000 265992.310000 6 8
3026.390000 232959.210000 265992.310000 8 8
3011.530000 232796.300000 265992.310000 6 8
3007.680000 232753.820000 265992.310000 8 8
3007.120000 232747.560000 265992.310000 6 8
2981.570000 232462.720000 265992.310000 6 8
2900.890000 231530.250000 265992.310000 10 8
2892.310000 231427.970000 265992.310000 8 8
2885.800000 231350.090000 265992.310000 6 8
10162.990000 256143.190000 265980.110000 8 6
10145.050000 256125.790000 265980.110000 6 6
10142.420000 256123.230000 265980.110000 8 6
10106.040000 256087.750000 265980.110000 6 6
10101.810000 256083.600000 265980.110000 4 6
9929.940000 255912.320000 265980.110000 4 6
9849.000000 255829.580000 265980.110000 8 6
9833.400000 255813.470000 265980.110000 6 6
9832.680000 255812.730000 265980.110000 4 6
9781.360000 255759.380000 265980.110000 8 6
9778.250000 255756.130000 265980.110000 6 6
9716.680000 255691.350000 265980.110000 8 6
9715.350000 255689.940000 265980.110000 6 6
10145.050000 256125.790000 265980.110000 6 4
10106.040000 256087.750000 265980.110000 6 4
10101.810000 256083.600000 265980.110000 4 4
9929.990000 255912.370000 265980.110000 2 4
9929.940000 255912.320000 265980.110000 4 4
9833.400000 255813.470000 265980.110000 6 4
9832.680000 255812.730000 265980.110000 4 4
9778.250000 255756.130000 265980.110000 6 4
9715.350000 255689.940000 265980.110000 6 4
9931.760000 255897.590000 265963.540000 6 6
9878.100000 255842.910000 265963.540000 4 6
9523.520000 255466.100000 265963.540000 8 6
9377.030000 255302.110000 265963.540000 6 6
9265.330000 255173.580000 265963.540000 4 6
9238.640000 255142.410000 265963.540000 4 6
9206.820000 255105.010000 265963.540000 6 6
9135.080000 255019.730000 265963.540000 8 6
9033.290000 254896.420000 265963.540000 6 6
9021.030000 254881.370000 265963.540000 4 6
8705.880000 254480.200000 265963.540000 8 6
8636.850000 254388.420000 265963.540000 6 6
8599.100000 254337.610000 265963.540000 4 6
8213.900000 253792.400000 265963.540000 4 6
7740.970000 253048.820000 265963.540000 6 6
7739.730000 253046.740000 265963.540000 4 6
7486.290000 252609.460000 265963.540000 8 6
6782.960000 251224.790000 265963.540000 6 6
6781.770000 251222.190000 265963.540000 8 6
3172.790000 234454.630000 265963.540000 6 6
3167.580000 234402.800000 265963.540000 4 6
3072.910000 233430.530000 265963.540000 4 6
3029.020000 232959.210000 265963.540000 8 6
3014.140000 232796.300000 265963.540000 6 6
3010.290000 232753.820000 265963.540000 8 6
3009.720000 232747.560000 265963.540000 6 6
3009.580000 232745.980000 265963.540000 4 6
2990.670000 232535.950000 265963.540000 4 6
2984.130000 232462.720000 265963.540000 6 6
2894.720000 231427.970000 265963.540000 8 6
2888.200000 231350.090000 265963.540000 6 6
2883.710000 231296.130000 265963.540000 4 6
9937.850000 255897.590000 265957.370000 6 4
9884.120000 255842.910000 265957.370000 4 4
9673.610000 255622.800000 265957.370000 2 4
9382.460000 255302.110000 265957.370000 6 4
9364.730000 255281.930000 265957.370000 2 4
9270.630000 255173.580000 265957.370000 4 4
9261.620000 255163.080000 265957.370000 2 4
9243.910000 255142.410000 265957.370000 4 4
9212.060000 255105.010000 265957.370000 6 4
9038.330000 254896.420000 265957.370000 6 4
9026.050000 254881.370000 265957.370000 4 4
8997.870000 254846.680000 265957.370000 2 4
8641.450000 254388.420000 265957.370000 6 4
8603.670000 254337.610000 265957.370000 4 4
8218.070000 253792.400000 265957.370000 4 4
8216.440000 253789.990000 265957.370000 2 4
7744.670000 253048.820000 265957.370000 6 4
7743.420000 253046.740000 265957.370000 4 4
6785.800000 251224.790000 265957.370000 6 4
3173.410000 234454.630000 265957.370000 6 4
3168.200000 234402.800000 265957.370000 4 4
3084.310000 233544.590000 265957.370000 2 4
3073.490000 233430.530000 265957.370000 4 4
3014.710000 232796.300000 265957.370000 6 4
3010.280000 232747.560000 265957.370000 6 4
3010.140000 232745.980000 265957.370000 4 4
3007.030000 232711.640000 265957.370000 2 4
2997.190000 232602.490000 265957.370000 2 4
2991.220000 232535.950000 265957.370000 4 4
2984.680000 232462.720000 265957.370000 6 4
2888.720000 231350.090000 265957.370000 6 4
2884.220000 231296.130000 265957.370000 4 4
9553.760000 255466.100000 265930.310000 8 10
9162.900000 255019.730000 265930.310000 8 10
8815.680000 254590.000000 265930.310000 10 10
8731.140000 254480.200000 265930.310000 8 10
7504.960000 252609.460000 265930.310000 8 10
7504.300000 252608.280000 265930.310000 10 10
6797.090000 251222.190000 265930.310000 8 10
3032.080000 232959.210000 265930.310000 8 10
3013.300000 232753.820000 265930.310000 8 10
2906.120000 231530.250000 265930.310000 10 10
2897.500000 231427.970000 265930.310000 8 10
8819.660000 254590.000000 265925.190000 10 12
7507.180000 252608.280000 265925.190000 10 12
2906.550000 231530.250000 265925.190000 10 12
10001.230000 255897.590000 265893.620000 6 4
9946.820000 255842.910000 265893.620000 4 4
9733.650000 255622.800000 265893.620000 2 4
9438.930000 255302.110000 265893.620000 6 4
9420.980000 255281.930000 265893.620000 2 4
9325.760000 255173.580000 265893.620000 4 4
9316.640000 255163.080000 265893.620000 2 4
9298.730000 255142.410000 265893.620000 4 4
9266.490000 255105.010000 265893.620000 6 4
9090.730000 254896.420000 265893.620000 6 4
9078.300000 254881.370000 265893.620000 4 4
9049.800000 254846.680000 265893.620000 2 4
8689.340000 254388.420000 265893.620000 6 4
8651.130000 254337.610000 265893.620000 4 4
8261.360000 253792.400000 265893.620000 4 4
8259.710000 253789.990000 265893.620000 2 4
7783.110000 253048.820000 265893.620000 6 4
7781.850000 253046.740000 265893.620000 4 4
6815.300000 251224.790000 265893.620000 6 4
3179.840000 234454.630000 265893.620000 6 4
3174.610000 234402.800000 265893.620000 4 4
3090.390000 233544.590000 265893.620000 2 4
3079.530000 233430.530000 265893.620000 4 4
3020.510000 232796.300000 265893.620000 6 4
3016.070000 232747.560000 265893.620000 6 4
3015.930000 232745.980000 265893.620000 4 4
3012.810000 232711.640000 265893.620000 2 4
3002.930000 232602.490000 265893.620000 2 4
2996.940000 232535.950000 265893.620000 4 4
2990.370000 232462.720000 265893.620000 6 4
2894.050000 231350.090000 265893.620000 6 4
2889.540000 231296.130000 265893.620000 4 4
9947.370000 255842.910000 265893.060000 4 2
9734.180000 255622.800000 265893.060000 2 2
9421.480000 255281.930000 265893.060000 2 2
9326.250000 255173.580000 265893.060000 4 2
9317.130000 255163.080000 265893.060000 2 2
9299.210000 255142.410000 265893.060000 4 2
9078.770000 254881.370000 265893.060000 4 2
9050.250000 254846.680000 265893.060000 2 2
8651.550000 254337.610000 265893.060000 4 2
8261.740000 253792.400000 265893.060000 4 2
8260.100000 253789.990000 265893.060000 2 2
7782.190000 253046.740000 265893.060000 4 2
3174.670000 234402.800000 265893.060000 4 2
3090.440000 233544.590000 265893.060000 2 2
3079.580000 233430.530000 265893.060000 4 2
3015.980000 232745.980000 265893.060000 4 2
3012.860000 232711.640000 265893.060000 2 2
3002.980000 232602.490000 265893.060000 2 2
2996.990000 232535.950000 265893.060000 4 2
2889.580000 231296.130000 265893.060000 4 2
19300.850000 260686.270000 265865.970000 2 4
10263.930000 256125.790000 265865.970000 6 4
10224.000000 256087.750000 265865.970000 6 4
10219.670000 256083.600000 265865.970000 4 4
10043.860000 255912.370000 265865.970000 2 4
10043.810000 255912.320000 265865.970000 4 4
9945.050000 255813.470000 265865.970000 6 4
9944.310000 255812.730000 265865.970000 4 4
9888.640000 255756.130000 265865.970000 6 4
9824.320000 255689.940000 265865.970000 6 4
7766.310000 252993.390000 265865.970000 4 4
7762.600000 252987.230000 265865.970000 2 4
5761.870000 248515.300000 265865.970000 4 4
5732.500000 248426.410000 265865.970000 2 4
5654.750000 248186.640000 265865.970000 6 4
5598.880000 248010.230000 265865.970000 4 4
5157.810000 246483.320000 265865.970000 4 4
5150.460000 246455.630000 265865.970000 6 4
5114.740000 246320.090000 265865.970000 2 4
5107.350000 246291.820000 265865.970000 4 4
5007.930000 245903.220000 265865.970000 6 4
4986.320000 245816.700000 265865.970000 4 4
4974.330000 245768.370000 265865.970000 2 4
4799.730000 245037.290000 265865.970000 2 4
2998.630000 232527.090000 265865.970000 4 4
2994.440000 232480.440000 265865.970000 2 4
2784.890000 229968.440000 265865.970000 4 4
2783.230000 229947.070000 265865.970000 6 4
2691.560000 228723.840000 265865.970000 6 4
1936.620000 214229.670000 265865.970000 4 4
1934.380000 214169.920000 265865.970000 2 4
1862.060000 212161.880000 265865.970000 4 4
1846.610000 211712.730000 265865.970000 6 4
1840.130000 211522.120000 265865.970000 4 4
1742.710000 208484.200000 265865.970000 6 4
1739.930000 208392.260000 265865.970000 4 4
1738.530000 208346.100000 265865.970000 2 4
1695.260000 206877.860000 265865.970000 6 4
1692.630000 206786.290000 265865.970000 4 4
1691.040000 206730.760000 265865.970000 2 4
1614.890000 203942.290000 265865.970000 2 4
10293.700000 256143.190000 265855.200000 8 6
10275.290000 256125.790000 265855.200000 6 6
10272.600000 256123.230000 265855.200000 8 6
10235.280000 256087.750000 265855.200000 6 6
10230.940000 256083.600000 265855.200000 4 6
10054.690000 255912.320000 265855.200000 4 6
9971.710000 255829.580000 265855.200000 8 6
9955.720000 255813.470000 265855.200000 6 6
9954.980000 255812.730000 265855.200000 4 6
9902.380000 255759.380000 265855.200000 8 6
9899.190000 255756.130000 265855.200000 6 6
9836.090000 255691.350000 265855.200000 8 6
9834.730000 255689.940000 265855.200000 6 6
7772.820000 252993.390000 265855.200000 4 6
5765.450000 248515.300000 265855.200000 4 6
5658.200000 248186.640000 265855.200000 6 6
5602.260000 248010.230000 265855.200000 4 6
5160.680000 246483.320000 265855.200000 4 6
5153.320000 246455.630000 265855.200000 6 6
5110.170000 246291.820000 265855.200000 4 6
5042.500000 246029.300000 265855.200000 8 6
5010.640000 245903.220000 265855.200000 6 6
4989.000000 245816.700000 265855.200000 4 6
2999.600000 232527.090000 265855.200000 4 6
2785.720000 229968.440000 265855.200000 4 6
2784.060000 229947.070000 265855.200000 6 6
2694.060000 228747.450000 265855.200000 8 6
2692.340000 228723.840000 265855.200000 6 6
1937.030000 214229.670000 265855.200000 4 6
1862.430000 212161.880000 265855.200000 4 6
1846.980000 211712.730000 265855.200000 6 6
1840.500000 211522.120000 265855.200000 4 6
1743.040000 208484.200000 265855.200000 6 6
1740.250000 208392.260000 265855.200000 4 6
1699.160000 207002.480000 265855.200000 8 6
1695.570000 206877.860000 265855.200000 6 6
1692.940000 206786.290000 265855.200000 4 6
10330.660000 256143.190000 265820.460000 8 8
10323.030000 256136.040000 265820.460000 10 8
10312.110000 256125.790000 265820.460000 6 8
10309.400000 256123.230000 265820.460000 8 8
10271.810000 256087.750000 265820.460000 6 8
10163.040000 255983.580000 265820.460000 10 8
10006.380000 255829.580000 265820.460000 8 8
10004.460000 255827.660000 265820.460000 10 8
9990.280000 255813.470000 265820.460000 6 8
9936.570000 255759.380000 265820.460000 8 8
9933.360000 255756.130000 265820.460000 6 8
9869.830000 255691.350000 265820.460000 8 8
9868.450000 255689.940000 265820.460000 6 8
10330.860000 256143.190000 265820.270000 8 6
10312.320000 256125.790000 265820.270000 6 6
10309.600000 256123.230000 265820.270000 8 6
10272.010000 256087.750000 265820.270000 6 6
10267.640000 256083.600000 265820.270000 4 6
10090.140000 255912.320000 265820.270000 4 6
10006.570000 255829.580000 265820.270000 8 6
9990.470000 255813.470000 265820.270000 6 6
9989.720000 255812.730000 265820.270000 4 6
9936.760000 255759.380000 265820.270000 8 6
9933.550000 255756.130000 265820.270000 6 6
9870.010000 255691.350000 265820.270000 8 6
9868.640000 255689.940000 265820.270000 6 6
10327.720000 256136.040000 265816.060000 10 12
10167.590000 255983.580000 265816.060000 10 12
10161.280000 255977.480000 265816.060000 12 12
10008.870000 255827.660000 265816.060000 10 12
10335.440000 256143.190000 265815.980000 8 10
10327.810000 256136.040000 265815.980000 10 10
10314.160000 256123.230000 265815.980000 8 10
10167.670000 255983.580000 265815.980000 10 10
10161.370000 255977.480000 265815.980000 12 10
10010.870000 255829.580000 265815.980000 8 10
10008.950000 255827.660000 265815.980000 10 10
9941.000000 255759.380000 265815.980000 8 10
9874.190000 255691.350000 265815.980000 8 10
10358.830000 256143.190000 265794.140000 8 10
10351.160000 256136.040000 265794.140000 10 10
10337.460000 256123.230000 265794.140000 8 10
10190.310000 255983.580000 265794.140000 10 10
10183.970000 255977.480000 265794.140000 12 10
10032.820000 255829.580000 265794.140000 8 10
10030.880000 255827.660000 265794.140000 10 10
9962.630000 255759.380000 265794.140000 8 10
9895.540000 255691.350000 265794.140000 8 10
10358.900000 256143.190000 265794.080000 8 8
10351.230000 256136.040000 265794.080000 10 8
10340.250000 256125.790000 265794.080000 6 8
10337.520000 256123.230000 265794.080000 8 8
10299.730000 256087.750000 265794.080000 6 8
10190.370000 255983.580000 265794.080000 10 8
10032.880000 255829.580000 265794.080000 8 8
10030.940000 255827.660000 265794.080000 10 8
10016.680000 255813.470000 265794.080000 6 8
9962.690000 255759.380000 265794.080000 8 8
9959.460000 255756.130000 265794.080000 6 8
9895.600000 255691.350000 265794.080000 8 8
9894.220000 255689.940000 265794.080000 6 8
10128.980000 255897.590000 265767.550000 6 6
10073.170000 255842.910000 265767.550000 4 6
9704.710000 255466.100000 265767.550000 8 6
9552.640000 255302.110000 265767.550000 6 6
9436.740000 255173.580000 265767.550000 4 6
9409.060000 255142.410000 265767.550000 4 6
9376.060000 255105.010000 265767.550000 6 6
9301.660000 255019.730000 265767.550000 8 6
9196.150000 254896.420000 265767.550000 6 6
9183.440000 254881.370000 265767.550000 4 6
8857.040000 254480.200000 265767.550000 8 6
8785.610000 254388.420000 265767.550000 6 6
8746.550000 254337.610000 265767.550000 4 6
8348.330000 253792.400000 265767.550000 4 6
7860.260000 253048.820000 265767.550000 6 6
7858.970000 253046.740000 265767.550000 4 6
7597.800000 252609.460000 265767.550000 8 6
6874.380000 251224.790000 265767.550000 6 6
6873.150000 251222.190000 265767.550000 8 6
3192.650000 234454.630000 265767.550000 6 6
3187.370000 234402.800000 265767.550000 4 6
3091.530000 233430.530000 265767.550000 4 6
3047.120000 232959.210000 265767.550000 8 6
3032.060000 232796.300000 265767.550000 6 6
3028.160000 232753.820000 265767.550000 8 6
3027.590000 232747.560000 265767.550000 6 6
3027.440000 232745.980000 265767.550000 4 6
3008.310000 232535.950000 265767.550000 4 6
3001.690000 232462.720000 265767.550000 6 6
2911.240000 231427.970000 265767.550000 8 6
2904.650000 231350.090000 265767.550000 6 6
2900.100000 231296.130000 265767.550000 4 6
10130.280000 255897.590000 265766.280000 6 4
10074.460000 255842.910000 265766.280000 4 4
9855.850000 255622.800000 265766.280000 2 4
9553.800000 255302.110000 265766.280000 6 4
9535.410000 255281.930000 265766.280000 2 4
9437.870000 255173.580000 265766.280000 4 4
9428.530000 255163.080000 265766.280000 2 4
9410.180000 255142.410000 265766.280000 4 4
9377.170000 255105.010000 265766.280000 6 4
9197.230000 254896.420000 265766.280000 6 4
9184.510000 254881.370000 265766.280000 4 4
9155.330000 254846.680000 265766.280000 2 4
8786.590000 254388.420000 265766.280000 6 4
8747.520000 254337.610000 265766.280000 4 4
8349.220000 253792.400000 265766.280000 4 4
8347.540000 253789.990000 265766.280000 2 4
7861.040000 253048.820000 265766.280000 6 4
7859.760000 253046.740000 265766.280000 4 4
6874.980000 251224.790000 265766.280000 6 4
3192.780000 234454.630000 265766.280000 6 4
3187.500000 234402.800000 265766.280000 4 4
3102.600000 233544.590000 265766.280000 2 4
3091.650000 233430.530000 265766.280000 4 4
3032.180000 232796.300000 265766.280000 6 4
3027.700000 232747.560000 265766.280000 6 4
3027.560000 232745.980000 265766.280000 4 4
3024.410000 232711.640000 265766.280000 2 4
3014.460000 232602.490000 265766.280000 2 4
3008.420000 232535.950000 265766.280000 4 4
3001.810000 232462.720000 265766.280000 6 4
2904.760000 231350.090000 265766.280000 6 4
2900.210000 231296.130000 265766.280000 4 4
10133.280000 255897.590000 265763.360000 6 8
9708.660000 255466.100000 265763.360000 8 8
9556.470000 255302.110000 265763.360000 6 8
9379.740000 255105.010000 265763.360000 6 8
9305.290000 255019.730000 265763.360000 8 8
9199.700000 254896.420000 265763.360000 6 8
8947.400000 254590.000000 265763.360000 10 8
8860.330000 254480.200000 265763.360000 8 8
8788.840000 254388.420000 265763.360000 6 8
7862.850000 253048.820000 265763.360000 6 8
7600.220000 252609.460000 265763.360000 8 8
7599.530000 252608.280000 265763.360000 10 8
6876.360000 251224.790000 265763.360000 6 8
6875.130000 251222.190000 265763.360000 8 8
3193.070000 234454.630000 265763.360000 6 8
3047.510000 232959.210000 265763.360000 8 8
3032.450000 232796.300000 265763.360000 6 8
3028.540000 232753.820000 265763.360000 8 8
3027.970000 232747.560000 265763.360000 6 8
3002.070000 232462.720000 265763.360000 6 8
2920.290000 231530.250000 265763.360000 10 8
2911.590000 231427.970000 265763.360000 8 8
2905.000000 231350.090000 265763.360000 6 8
9710.610000 255466.100000 265761.290000 8 10
9307.080000 255019.730000 265761.290000 8 10
8949.060000 254590.000000 265761.290000 10 10
8861.960000 254480.200000 265761.290000 8 10
7601.410000 252609.460000 265761.290000 8 10
7600.730000 252608.280000 265761.290000 10 10
6876.110000 251222.190000 265761.290000 8 10
3047.700000 232959.210000 265761.290000 8 10
3028.730000 232753.820000 265761.290000 8 10
2920.470000 231530.250000 265761.290000 10 10
2911.770000 231427.970000 265761.290000 8 10
10177.620000 255897.590000 265720.380000 6 8
9749.350000 255466.100000 265720.380000 8 8
9595.890000 255302.110000 265720.380000 6 8
9417.720000 255105.010000 265720.380000 6 8
9342.660000 255019.730000 265720.380000 8 8
9236.230000 254896.420000 265720.380000 6 8
8981.950000 254590.000000 265720.380000 10 8
8894.210000 254480.200000 265720.380000 8 8
8822.180000 254388.420000 265720.380000 6 8
7889.520000 253048.820000 265720.380000 6 8
7625.130000 252609.460000 265720.380000 8 8
7624.440000 252608.280000 265720.380000 10 8
6896.750000 251224.790000 265720.380000 6 8
6895.510000 251222.190000 265720.380000 8 8
3197.460000 234454.630000 265720.380000 6 8
3051.510000 232959.210000 265720.380000 8 8
3036.410000 232796.300000 265720.380000 6 8
3032.490000 232753.820000 265720.380000 8 8
3031.920000 232747.560000 265720.380000 6 8
3005.950000 232462.720000 265720.380000 6 8
2923.960000 231530.250000 265720.380000 10 8
2915.240000 231427.970000 265720.380000 8 8
2908.640000 231350.090000 265720.380000 6 8
10179.590000 255897.590000 265718.480000 6 6
10123.220000 255842.910000 265718.480000 4 6
9751.160000 255466.100000 265718.480000 8 6
9597.640000 255302.110000 265718.480000 6 6
9480.660000 255173.580000 265718.480000 4 6
9452.710000 255142.410000 265718.480000 4 6
9419.400000 255105.010000 265718.480000 6 6
9344.320000 255019.730000 265718.480000 8 6
9237.850000 254896.420000 265718.480000 6 6
9225.020000 254881.370000 265718.480000 4 6
8895.720000 254480.200000 265718.480000 8 6
8823.660000 254388.420000 265718.480000 6 6
8784.260000 254337.610000 265718.480000 4 6
8382.680000 253792.400000 265718.480000 4 6
7890.700000 253048.820000 265718.480000 6 6
7889.410000 253046.740000 265718.480000 4 6
7626.240000 252609.460000 265718.480000 8 6
6897.650000 251224.790000 265718.480000 6 6
6896.410000 251222.190000 265718.480000 8 6
3197.660000 234454.630000 265718.480000 6 6
3192.370000 234402.800000 265718.480000 4 6
3096.230000 233430.530000 265718.480000 4 6
3051.680000 232959.210000 265718.480000 8 6
3036.580000 232796.300000 265718.480000 6 6
3032.670000 232753.820000 265718.480000 8 6
3032.090000 232747.560000 265718.480000 6 6
3031.950000 232745.980000 265718.480000 4 6
3012.760000 232535.950000 265718.480000 4 6
3006.120000 232462.720000 265718.480000 6 6
2915.400000 231427.970000 265718.480000 8 6
2908.800000 231350.090000 265718.480000 6 6
2904.240000 231296.130000 265718.480000 4 6
10464.010000 256143.190000 265697.130000 8 10
10456.190000 256136.040000 265697.130000 10 10
10442.200000 256123.230000 265697.130000 8 10
10292.080000 255983.580000 265697.130000 10 10
10285.620000 255977.480000 265697.130000 12 10
10131.450000 255829.580000 265697.130000 8 10
10129.480000 255827.660000 265697.130000 10 10
10059.890000 255759.380000 265697.130000 8 10
9991.480000 255691.350000 265697.130000 8 10
10464.010000 256143.190000 265697.130000 8 8
10456.190000 256136.040000 265697.130000 10 8
10444.990000 256125.790000 265697.130000 6 8
10442.200000 256123.230000 265697.130000 8 8
10403.640000 256087.750000 265697.130000 6 8
10292.080000 255983.580000 265697.130000 10 8
10131.450000 255829.580000 265697.130000 8 8
10129.480000 255827.660000 265697.130000 10 8
10114.940000 255813.470000 265697.130000 6 8
10059.890000 255759.380000 265697.130000 8 8
10056.590000 255756.130000 265697.130000 6 8
9991.480000 255691.350000 265697.130000 8 8
9990.070000 255689.940000 265697.130000 6 8
10489.330000 256143.190000 265674.070000 8 8
10481.470000 256136.040000 265674.070000 10 8
10470.220000 256125.790000 265674.070000 6 8
10467.420000 256123.230000 265674.070000 8 8
10428.670000 256087.750000 265674.070000 6 8
10316.570000 255983.580000 265674.070000 10 8
10155.180000 255829.580000 265674.070000 8 8
10153.200000 255827.660000 265674.070000 10 8
10138.590000 255813.470000 265674.070000 6 8
10083.280000 255759.380000 265674.070000 8 8
10079.980000 255756.130000 265674.070000 6 8
10014.560000 255691.350000 265674.070000 8 8
10013.150000 255689.940000 265674.070000 6 8
5716.810000 248186.640000 265674.070000 6 8
5201.890000 246455.630000 265674.070000 6 8
5088.990000 246029.300000 265674.070000 8 8
5056.540000 245903.220000 265674.070000 6 8
2798.180000 229947.070000 265674.070000 6 8
2707.270000 228747.450000 265674.070000 8 8
2705.540000 228723.840000 265674.070000 6 8
1853.180000 211712.730000 265674.070000 6 8
1748.560000 208484.200000 265674.070000 6 8
1704.400000 207002.480000 265674.070000 8 8
1700.790000 206877.860000 265674.070000 6 8
10263.070000 255897.590000 265638.590000 6 8
9827.740000 255466.100000 265638.590000 8 8
9671.820000 255302.110000 265638.590000 6 8
9490.840000 255105.010000 265638.590000 6 8
9414.620000 255019.730000 265638.590000 8 8
9306.550000 254896.420000 265638.590000 6 8
9048.440000 254590.000000 265638.590000 10 8
8959.410000 254480.200000 265638.590000 8 8
8886.310000 254388.420000 265638.590000 6 8
7940.770000 253048.820000 265638.590000 6 8
7673.000000 252609.460000 265638.590000 8 8
7672.300000 252608.280000 265638.590000 10 8
6935.880000 251224.790000 265638.590000 6 8
6934.630000 251222.190000 265638.590000 8 8
3205.850000 234454.630000 265638.590000 6 8
3059.140000 232959.210000 265638.590000 8 8
3043.970000 232796.300000 265638.590000 6 8
3040.040000 232753.820000 265638.590000 8 8
3039.460000 232747.560000 265638.590000 6 8
3013.360000 232462.720000 265638.590000 6 8
2930.980000 231530.250000 265638.590000 10 8
2922.210000 231427.970000 265638.590000 8 8
2915.580000 231350.090000 265638.590000 6 8
10264.640000 255897.590000 265637.100000 6 6
10207.340000 255842.910000 265637.100000 4 6
9829.180000 255466.100000 265637.100000 8 6
9673.210000 255302.110000 265637.100000 6 6
9554.390000 255173.580000 265637.100000 4 6
9526.010000 255142.410000 265637.100000 4 6
9492.190000 255105.010000 265637.100000 6 6
9415.940000 255019.730000 265637.100000 8 6
9307.840000 254896.420000 265637.100000 6 6
9294.820000 254881.370000 265637.100000 4 6
8960.600000 254480.200000 265637.100000 8 6
8887.490000 254388.420000 265637.100000 6 6
8847.530000 254337.610000 265637.100000 4 6
8440.280000 253792.400000 265637.100000 4 6
7941.710000 253048.820000 265637.100000 6 6
7940.400000 253046.740000 265637.100000 4 6
7673.870000 252609.460000 265637.100000 8 6
6936.600000 251224.790000 265637.100000 6 6
6935.350000 251222.190000 265637.100000 8 6
3206.000000 234454.630000 265637.100000 6 6
3200.680000 234402.800000 265637.100000 4 6
3104.060000 233430.530000 265637.100000 4 6
3059.280000 232959.210000 265637.100000 8 6
3044.110000 232796.300000 265637.100000 6 6
3040.170000 232753.820000 265637.100000 8 6
3039.600000 232747.560000 265637.100000 6 6
3039.450000 232745.980000 265637.100000 4 6
3020.160000 232535.950000 265637.100000 4 6
3013.500000 232462.720000 265637.100000 6 6
2922.340000 231427.970000 265637.100000 8 6
2915.700000 231350.090000 265637.100000 6 6
2911.120000 231296.130000 265637.100000 4 6
10581.790000 256143.190000 265590.800000 8 6
10562.330000 256125.790000 265590.800000 6 6
10559.480000 256123.230000 265590.800000 8 6
10520.050000 256087.750000 265590.800000 6 6
10515.470000 256083.600000 265590.800000 4 6
10329.370000 255912.320000 265590.800000 4 6
10241.820000 255829.580000 265590.800000 8 6
10224.940000 255813.470000 265590.800000 6 6
10224.170000 255812.730000 265590.800000 4 6
10168.690000 255759.380000 265590.800000 8 6
10165.330000 255756.130000 265590.800000 6 6
10098.800000 255691.350000 265590.800000 8 6
10097.370000 255689.940000 265590.800000 6 6
7935.960000 252993.390000 265590.800000 4 6
5854.720000 248515.300000 265590.800000 4 6
5744.160000 248186.640000 265590.800000 6 6
5686.520000 248010.230000 265590.800000 4 6
5232.100000 246483.320000 265590.800000 4 6
5224.530000 246455.630000 265590.800000 6 6
5180.180000 246291.820000 265590.800000 4 6
5110.660000 246029.300000 265590.800000 8 6
5077.930000 245903.220000 265590.800000 6 6
5055.710000 245816.700000 265590.800000 4 6
3023.580000 232527.090000 265590.800000 4 6
2806.400000 229968.440000 265590.800000 4 6
2804.720000 229947.070000 265590.800000 6 6
2713.390000 228747.450000 265590.800000 8 6
2711.650000 228723.840000 265590.800000 6 6
1947.000000 214229.670000 265590.800000 4 6
1871.650000 212161.880000 265590.800000 4 6
1856.040000 211712.730000 265590.800000 6 6
1849.500000 211522.120000 265590.800000 4 6
1751.110000 208484.200000 265590.800000 6 6
1748.300000 208392.260000 265590.800000 4 6
1706.830000 207002.480000 265590.800000 8 6
1703.200000 206877.860000 265590.800000 6 6
1700.550000 206786.290000 265590.800000 4 6
10526.810000 256083.600000 265580.560000 4 2
10340.360000 255912.370000 265580.560000 2 2
10340.310000 255912.320000 265580.560000 4 2
10234.880000 255812.730000 265580.560000 4 2
7942.410000 252993.390000 265580.560000 4 2
7938.530000 252987.230000 265580.560000 2 2
5858.230000 248515.300000 265580.560000 4 2
5827.880000 248426.410000 265580.560000 2 2
5689.830000 248010.230000 265580.560000 4 2
5234.900000 246483.320000 265580.560000 4 2
5190.530000 246320.090000 265580.560000 2 2
5182.930000 246291.820000 265580.560000 4 2
5058.330000 245816.700000 265580.560000 4 2
5045.990000 245768.370000 265580.560000 2 2
4866.410000 245037.290000 265580.560000 2 2
3024.520000 232527.090000 265580.560000 4 2
3020.260000 232480.440000 265580.560000 2 2
2807.210000 229968.440000 265580.560000 4 2
1947.390000 214229.670000 265580.560000 4 2
1945.120000 214169.920000 265580.560000 2 2
1872.000000 212161.880000 265580.560000 4 2
1849.850000 211522.120000 265580.560000 4 2
1748.610000 208392.260000 265580.560000 4 2
1747.200000 208346.100000 265580.560000 2 2
1700.850000 206786.290000 265580.560000 4 2
1699.240000 206730.760000 265580.560000 2 2
1622.370000 203942.290000 265580.560000 2 2
10635.560000 256125.790000 265525.630000 6 4
10592.690000 256087.750000 265525.630000 6 4
10588.040000 256083.600000 265525.630000 4 4
10399.450000 255912.370000 265525.630000 2 4
10399.390000 255912.320000 265525.630000 4 4
10293.550000 255813.470000 265525.630000 6 4
10292.760000 255812.730000 265525.630000 4 4
10233.130000 255756.130000 265525.630000 6 4
10164.270000 255689.940000 265525.630000 6 4
7977.220000 252993.390000 265525.630000 4 4
7973.310000 252987.230000 265525.630000 2 4
5877.150000 248515.300000 265525.630000 4 4
5846.600000 248426.410000 265525.630000 2 4
5765.750000 248186.640000 265525.630000 6 4
5707.680000 248010.230000 265525.630000 4 4
5250.000000 246483.320000 265525.630000 4 4
5242.380000 246455.630000 265525.630000 6 4
5205.380000 246320.090000 265525.630000 2 4
5197.730000 246291.820000 265525.630000 4 4
5094.790000 245903.220000 265525.630000 6 4
5072.430000 245816.700000 265525.630000 4 4
5060.020000 245768.370000 265525.630000 2 4
4879.460000 245037.290000 265525.630000 2 4
3029.550000 232527.090000 265525.630000 4 4
3025.280000 232480.440000 265525.630000 2 4
2811.540000 229968.440000 265525.630000 4 4
2809.850000 229947.070000 265525.630000 6 4
2716.450000 228723.840000 265525.630000 6 4
1949.470000 214229.670000 265525.630000 4 4
1947.200000 214169.920000 265525.630000 2 4
1873.930000 212161.880000 265525.630000 4 4
1858.290000 211712.730000 265525.630000 6 4
1851.730000 211522.120000 265525.630000 4 4
1753.110000 208484.200000 265525.630000 6 4
1750.290000 208392.260000 265525.630000 4 4
1748.880000 208346.100000 265525.630000 2 4
1705.090000 206877.860000 265525.630000 6 4
1702.440000 206786.290000 265525.630000 4 4
1700.830000 206730.760000 265525.630000 2 4
1623.820000 203942.290000 265525.630000 2 4
10594.010000 256083.600000 265520.310000 4 2
10405.200000 255912.370000 265520.310000 2 2
10405.150000 255912.320000 265520.310000 4 2
10298.400000 255812.730000 265520.310000 4 2
7980.610000 252993.390000 265520.310000 4 2
7976.690000 252987.230000 265520.310000 2 2
5878.990000 248515.300000 265520.310000 4 2
5848.420000 248426.410000 265520.310000 2 2
5709.410000 248010.230000 265520.310000 4 2
5251.470000 246483.320000 265520.310000 4 2
5206.820000 246320.090000 265520.310000 2 2
5199.170000 246291.820000 265520.310000 4 2
5073.800000 245816.700000 265520.310000 4 2
5061.380000 245768.370000 265520.310000 2 2
4880.730000 245037.290000 265520.310000 2 2
3030.040000 232527.090000 265520.310000 4 2
3025.760000 232480.440000 265520.310000 2 2
2811.960000 229968.440000 265520.310000 4 2
1949.670000 214229.670000 265520.310000 4 2
1947.400000 214169.920000 265520.310000 2 2
1874.120000 212161.880000 265520.310000 4 2
1851.910000 211522.120000 265520.310000 4 2
1750.450000 208392.260000 265520.310000 4 2
1749.040000 208346.100000 265520.310000 2 2
1702.590000 206786.290000 265520.310000 4 2
1700.980000 206730.760000 265520.310000 2 2
1623.960000 203942.290000 265520.310000 2 2
10700.240000 256125.790000 265468.810000 6 4
10656.850000 256087.750000 265468.810000 6 4
10652.150000 256083.600000 265468.810000 4 4
10461.280000 255912.370000 265468.810000 2 4
10461.220000 255912.320000 265468.810000 4 4
10354.130000 255813.470000 265468.810000 6 4
10353.330000 255812.730000 265468.810000 4 4
10293.000000 255756.130000 265468.810000 6 4
10223.330000 255689.940000 265468.810000 6 4
8013.560000 252993.390000 265468.810000 4 4
8009.600000 252987.230000 265468.810000 2 4
5896.850000 248515.300000 265468.810000 4 4
5866.090000 248426.410000 265468.810000 2 4
5784.710000 248186.640000 265468.810000 6 4
5726.250000 248010.230000 265468.810000 4 4
5265.710000 246483.320000 265468.810000 4 4
5258.050000 246455.630000 265468.810000 6 4
5220.830000 246320.090000 265468.810000 2 4
5213.130000 246291.820000 265468.810000 4 4
5109.590000 245903.220000 265468.810000 6 4
5087.090000 245816.700000 265468.810000 4 4
5074.610000 245768.370000 265468.810000 2 4
4893.030000 245037.290000 265468.810000 2 4
3034.780000 232527.090000 265468.810000 4 4
3030.490000 232480.440000 265468.810000 2 4
2816.040000 229968.440000 265468.810000 4 4
2814.350000 229947.070000 265468.810000 6 4
2720.650000 228723.840000 265468.810000 6 4
1951.630000 214229.670000 265468.810000 4 4
1949.360000 214169.920000 265468.810000 2 4
1875.930000 212161.880000 265468.810000 4 4
1860.250000 211712.730000 265468.810000 6 4
1853.680000 211522.120000 265468.810000 4 4
1754.860000 208484.200000 265468.810000 6 4
1752.030000 208392.260000 265468.810000 4 4
1750.620000 208346.100000 265468.810000 2 4
1706.750000 206877.860000 265468.810000 6 4
1704.080000 206786.290000 265468.810000 4 4
1702.470000 206730.760000 265468.810000 2 4
1625.320000 203942.290000 265468.810000 2 4
10744.470000 256143.190000 265447.750000 8 8
10736.220000 256136.040000 265447.750000 10 8
10724.420000 256125.790000 265447.750000 6 8
10721.480000 256123.230000 265447.750000 8 8
10680.830000 256087.750000 265447.750000 6 8
10563.280000 255983.580000 265447.750000 10 8
10394.140000 255829.580000 265447.750000 8 8
10392.070000 255827.660000 265447.750000 10 8
10376.760000 255813.470000 265447.750000 6 8
10318.830000 255759.380000 265447.750000 8 8
10315.370000 255756.130000 265447.750000 6 8
10246.870000 255691.350000 265447.750000 8 8
10245.400000 255689.940000 265447.750000 6 8
5791.760000 248186.640000 265447.750000 6 8
5263.880000 246455.630000 265447.750000 6 8
5148.310000 246029.300000 265447.750000 8 8
5115.100000 245903.220000 265447.750000 6 8
2816.020000 229947.070000 265447.750000 6 8
2723.970000 228747.450000 265447.750000 8 8
2722.220000 228723.840000 265447.750000 6 8
1860.980000 211712.730000 265447.750000 6 8
1755.510000 208484.200000 265447.750000 6 8
1711.000000 207002.480000 265447.750000 8 8
1707.360000 206877.860000 265447.750000 6 8
10763.270000 256143.190000 265431.500000 8 6
10743.140000 256125.790000 265431.500000 6 6
10740.190000 256123.230000 265431.500000 8 6
10699.400000 256087.750000 265431.500000 6 6
10694.660000 256083.600000 265431.500000 4 6
10502.230000 255912.320000 265431.500000 4 6
10411.730000 255829.580000 265431.500000 8 6
10394.290000 255813.470000 265431.500000 6 6
10393.490000 255812.730000 265431.500000 4 6
10336.170000 255759.380000 265431.500000 8 6
10332.690000 255756.130000 265431.500000 6 6
10263.960000 255691.350000 265431.500000 8 6
10262.480000 255689.940000 265431.500000 6 6
8037.600000 252993.390000 265431.500000 4 6
5909.860000 248515.300000 265431.500000 4 6
5797.220000 248186.640000 265431.500000 6 6
5738.520000 248010.230000 265431.500000 4 6
5276.080000 246483.320000 265431.500000 4 6
5268.380000 246455.630000 265431.500000 6 6
5223.290000 246291.820000 265431.500000 4 6
5152.620000 246029.300000 265431.500000 8 6
5119.350000 245903.220000 265431.500000 6 6
5096.770000 245816.700000 265431.500000 4 6
3038.220000 232527.090000 265431.500000 4 6
2819.010000 229968.440000 265431.500000 4 6
2817.310000 229947.070000 265431.500000 6 6
2725.170000 228747.450000 265431.500000 8 6
2723.420000 228723.840000 265431.500000 6 6
1953.060000 214229.670000 265431.500000 4 6
1877.240000 212161.880000 265431.500000 4 6
1861.550000 211712.730000 265431.500000 6 6
1854.960000 211522.120000 265431.500000 4 6
1756.010000 208484.200000 265431.500000 6 6
1753.180000 208392.260000 265431.500000 4 6
1711.480000 207002.480000 265431.500000 8 6
1707.840000 206877.860000 265431.500000 6 6
1705.170000 206786.290000 265431.500000 4 6
10888.800000 256083.600000 265264.840000 4 2
10689.430000 255912.370000 265264.840000 2 2
10689.380000 255912.320000 265264.840000 4 2
10576.750000 255812.730000 265264.840000 4 2
8146.760000 252993.390000 265264.840000 4 2
8142.670000 252987.230000 265264.840000 2 2
5968.660000 248515.300000 265264.840000 4 2
5937.150000 248426.410000 265264.840000 2 2
5793.950000 248010.230000 265264.840000 4 2
5322.900000 246483.320000 265264.840000 4 2
5277.040000 246320.090000 265264.840000 2 2
5269.180000 246291.820000 265264.840000 4 2
5140.450000 245816.700000 265264.840000 4 2
5127.700000 245768.370000 265264.840000 2 2
4942.370000 245037.290000 265264.840000 2 2
3053.690000 232527.090000 265264.840000 4 2
3049.340000 232480.440000 265264.840000 2 2
2832.320000 229968.440000 265264.840000 4 2
1959.430000 214229.670000 265264.840000 4 2
1957.140000 214169.920000 265264.840000 2 2
1883.130000 212161.880000 265264.840000 4 2
1860.720000 211522.120000 265264.840000 4 2
1758.320000 208392.260000 265264.840000 4 2
1756.890000 208346.100000 265264.840000 2 2
1710.030000 206786.290000 265264.840000 4 2
1708.410000 206730.760000 265264.840000 2 2
1630.720000 203942.290000 265264.840000 2 2
11000.880000 256143.190000 265230.880000 8 10
10992.230000 256136.040000 265230.880000 10 10
10976.780000 256123.230000 265230.880000 8 10
10811.010000 255983.580000 265230.880000 10 10
10803.880000 255977.480000 265230.880000 12 10
10633.920000 255829.580000 265230.880000 8 10
10631.740000 255827.660000 265230.880000 10 10
10555.110000 255759.380000 265230.880000 8 10
10479.820000 255691.350000 265230.880000 8 10
5206.450000 246029.300000 265230.880000 8 10
2740.160000 228747.450000 265230.880000 8 10
1717.380000 207002.480000 265230.880000 8 10
10992.630000 256125.790000 265220.300000 6 4
10946.840000 256087.750000 265220.300000 6 4
10941.880000 256083.600000 265220.300000 4 4
10740.580000 255912.370000 265220.300000 2 4
10740.530000 255912.320000 265220.300000 4 4
10627.660000 255813.470000 265220.300000 6 4
10626.820000 255812.730000 265220.300000 4 4
10563.270000 255756.130000 265220.300000 6 4
10489.910000 255689.940000 265220.300000 6 4
8176.430000 252993.390000 265220.300000 4 4
8172.320000 252987.230000 265220.300000 2 4
5984.570000 248515.300000 265220.300000 4 4
5952.900000 248426.410000 265220.300000 2 4
5869.100000 248186.640000 265220.300000 6 4
5808.940000 248010.230000 265220.300000 4 4
5335.550000 246483.320000 265220.300000 4 4
5327.680000 246455.630000 265220.300000 6 4
5289.470000 246320.090000 265220.300000 2 4
5281.570000 246291.820000 265220.300000 4 4
5175.330000 245903.220000 265220.300000 6 4
5152.250000 245816.700000 265220.300000 4 4
5139.450000 245768.370000 265220.300000 2 4
4953.280000 245037.290000 265220.300000 2 4
3057.850000 232527.090000 265220.300000 4 4
3053.490000 232480.440000 265220.300000 2 4
2835.900000 229968.440000 265220.300000 4 4
2834.180000 229947.070000 265220.300000 6 4
2739.180000 228723.840000 265220.300000 6 4
1961.140000 214229.670000 265220.300000 4 4
1958.850000 214169.920000 265220.300000 2 4
1884.720000 212161.880000 265220.300000 4 4
1868.890000 211712.730000 265220.300000 6 4
1862.260000 211522.120000 265220.300000 4 4
1762.550000 208484.200000 265220.300000 6 4
1759.690000 208392.260000 265220.300000 4 4
1758.270000 208346.100000 265220.300000 2 4
1714.020000 206877.860000 265220.300000 6 4
1711.330000 206786.290000 265220.300000 4 4
1709.710000 206730.760000 265220.300000 2 4
1631.910000 203942.290000 265220.300000 2 4
11013.700000 256143.190000 265220.300000 8 6
10992.630000 256125.790000 265220.300000 6 6
10989.540000 256123.230000 265220.300000 8 6
10946.840000 256087.750000 265220.300000 6 6
10941.880000 256083.600000 265220.300000 4 6
10740.530000 255912.320000 265220.300000 4 6
10645.890000 255829.580000 265220.300000 8 6
10627.660000 255813.470000 265220.300000 6 6
10626.820000 255812.730000 265220.300000 4 6
10566.910000 255759.380000 265220.300000 8 6
10563.270000 255756.130000 265220.300000 6 6
10491.460000 255691.350000 265220.300000 8 6
10489.910000 255689.940000 265220.300000 6 6
8176.430000 252993.390000 265220.300000 4 6
5984.570000 248515.300000 265220.300000 4 6
5869.100000 248186.640000 265220.300000 6 6
5808.940000 248010.230000 265220.300000 4 6
5335.550000 246483.320000 265220.300000 4 6
5327.680000 246455.630000 265220.300000 6 6
5281.570000 246291.820000 265220.300000 4 6
5209.320000 246029.300000 265220.300000 8 6
5175.330000 245903.220000 265220.300000 6 6
5152.250000 245816.700000 265220.300000 4 6
3057.850000 232527.090000 265220.300000 4 6
2835.900000 229968.440000 265220.300000 4 6
2834.180000 229947.070000 265220.300000 6 6
2740.950000 228747.450000 265220.300000 8 6
2739.180000 228723.840000 265220.300000 6 6
1961.140000 214229.670000 265220.300000 4 6
1884.720000 212161.880000 265220.300000 4 6
1868.890000 211712.730000 265220.300000 6 6
1862.260000 211522.120000 265220.300000 4 6
1762.550000 208484.200000 265220.300000 6 6
1759.690000 208392.260000 265220.300000 4 6
1717.690000 207002.480000 265220.300000 8 6
1714.020000 206877.860000 265220.300000 6 6
1711.330000 206786.290000 265220.300000 4 6
11186.870000 256143.190000 265079.790000 8 8
11177.930000 256136.040000 265079.790000 10 8
11165.130000 256125.790000 265079.790000 6 8
11161.950000 256123.230000 265079.790000 8 8
11117.900000 256087.750000 265079.790000 6 8
10990.590000 255983.580000 265079.790000 10 8
10807.610000 255829.580000 265079.790000 8 8
10805.360000 255827.660000 265079.790000 10 8
10788.820000 255813.470000 265079.790000 6 8
10726.210000 255759.380000 265079.790000 8 8
10722.470000 255756.130000 265079.790000 6 8
10648.480000 255691.350000 265079.790000 8 8
10646.880000 255689.940000 265079.790000 6 8
5917.920000 248186.640000 265079.790000 6 8
5367.880000 246455.630000 265079.790000 6 8
5247.750000 246029.300000 265079.790000 8 8
5213.250000 245903.220000 265079.790000 6 8
2845.510000 229947.070000 265079.790000 6 8
2751.560000 228747.450000 265079.790000 8 8
2749.770000 228723.840000 265079.790000 6 8
1873.820000 211712.730000 265079.790000 6 8
1766.920000 208484.200000 265079.790000 6 8
1721.840000 207002.480000 265079.790000 8 8
1718.160000 206877.860000 265079.790000 6 8
11316.550000 256143.190000 264977.380000 8 6
11294.300000 256125.790000 264977.380000 6 6
11291.040000 256123.230000 264977.380000 8 6
11245.970000 256087.750000 264977.380000 6 6
11240.730000 256083.600000 264977.380000 4 6
11028.340000 255912.320000 264977.380000 4 6
10928.590000 255829.580000 264977.380000 8 6
10909.380000 255813.470000 264977.380000 6 6
10908.500000 255812.730000 264977.380000 4 6
10845.370000 255759.380000 264977.380000 8 6
10841.540000 255756.130000 264977.380000 6 6
10765.910000 255691.350000 264977.380000 8 6
10764.270000 255689.940000 264977.380000 6 6
8342.170000 252993.390000 264977.380000 4 6
6072.880000 248515.300000 264977.380000 4 6
5954.010000 248186.640000 264977.380000 6 6
5892.110000 248010.230000 264977.380000 4 6
5405.640000 246483.320000 264977.380000 4 6
5397.560000 246455.630000 264977.380000 6 6
5350.240000 246291.820000 264977.380000 4 6
5276.110000 246029.300000 264977.380000 8 6
5241.240000 245903.220000 264977.380000 6 6
5217.570000 245816.700000 264977.380000 4 6
3080.740000 232527.090000 264977.380000 4 6
2855.570000 229968.440000 264977.380000 4 6
2853.830000 229947.070000 264977.380000 6 6
2759.330000 228747.450000 264977.380000 8 6
2757.540000 228723.840000 264977.380000 6 6
1970.530000 214229.670000 264977.380000 4 6
1893.380000 212161.880000 264977.380000 4 6
1877.420000 211712.730000 264977.380000 6 6
1870.720000 211522.120000 264977.380000 4 6
1770.130000 208484.200000 264977.380000 6 6
1767.250000 208392.260000 264977.380000 4 6
1724.880000 207002.480000 264977.380000 8 6
1721.180000 206877.860000 264977.380000 6 6
1718.480000 206786.290000 264977.380000 4 6
11327.070000 256125.790000 264951.780000 6 4
11278.460000 256087.750000 264951.780000 6 4
11273.190000 256083.600000 264951.780000 4 4
11059.640000 255912.370000 264951.780000 2 4
11059.580000 255912.320000 264951.780000 4 4
10939.950000 255813.470000 264951.780000 6 4
10939.060000 255812.730000 264951.780000 4 4
10871.730000 255756.130000 264951.780000 6 4
10794.030000 255689.940000 264951.780000 6 4
8360.030000 252993.390000 264951.780000 4 4
8355.730000 252987.230000 264951.780000 2 4
6082.340000 248515.300000 264951.780000 4 4
6049.630000 248426.410000 264951.780000 2 4
5963.110000 248186.640000 264951.780000 6 4
5901.010000 248010.230000 264951.780000 4 4
5413.130000 246483.320000 264951.780000 4 4
5405.030000 246455.630000 264951.780000 6 4
5365.710000 246320.090000 264951.780000 2 4
5357.580000 246291.820000 264951.780000 4 4
5248.280000 245903.220000 264951.780000 6 4
5224.550000 245816.700000 264951.780000 4 4
5211.390000 245768.370000 264951.780000 2 4
5020.070000 245037.290000 264951.780000 2 4
3083.170000 232527.090000 264951.780000 4 4
3078.740000 232480.440000 264951.780000 2 4
2857.660000 229968.440000 264951.780000 4 4
2855.920000 229947.070000 264951.780000 6 4
2759.490000 228723.840000 264951.780000 6 4
1971.530000 214229.670000 264951.780000 4 4
1969.210000 214169.920000 264951.780000 2 4
1894.300000 212161.880000 264951.780000 4 4
1878.320000 211712.730000 264951.780000 6 4
1871.620000 211522.120000 264951.780000 4 4
1770.930000 208484.200000 264951.780000 6 4
1768.050000 208392.260000 264951.780000 4 4
1766.610000 208346.100000 264951.780000 2 4
1721.940000 206877.860000 264951.780000 6 4
1719.230000 206786.290000 264951.780000 4 4
1717.590000 206730.760000 264951.780000 2 4
1639.090000 203942.290000 264951.780000 2 4
15450.630000 255897.590000 262368.050000 6 4
15321.150000 255842.910000 262368.050000 4 4
14821.200000 255622.800000 262368.050000 2 4
14148.530000 255302.110000 262368.050000 6 4
14108.240000 255281.930000 262368.050000 2 4
13895.760000 255173.580000 262368.050000 4 4
13875.510000 255163.080000 262368.050000 2 4
13835.820000 255142.410000 262368.050000 4 4
13764.580000 255105.010000 262368.050000 6 4
13380.300000 254896.420000 262368.050000 6 4
13353.400000 254881.370000 262368.050000 4 4
13291.810000 254846.680000 262368.050000 2 4
12528.480000 254388.420000 262368.050000 6 4
12449.210000 254337.610000 262368.050000 4 4
11657.730000 253792.400000 262368.050000 4 4
11654.460000 253789.990000 262368.050000 2 4
10727.560000 253048.820000 262368.050000 6 4
10725.170000 253046.740000 262368.050000 4 4
8971.570000 251224.790000 262368.050000 6 4
4575.230000 240517.350000 262368.050000 4 4
4536.340000 240330.010000 262368.050000 2 4
4258.820000 238893.960000 262368.050000 6 4
4229.750000 238732.650000 262368.050000 4 4
4211.010000 238627.460000 262368.050000 2 4
3581.480000 234454.630000 262368.050000 6 4
3574.850000 234402.800000 262368.050000 4 4
3468.400000 233544.590000 262368.050000 2 4
3454.730000 233430.530000 262368.050000 4 4
3380.630000 232796.300000 262368.050000 6 4
3375.070000 232747.560000 262368.050000 6 4
3374.890000 232745.980000 262368.050000 4 4
3370.980000 232711.640000 262368.050000 2 4
3358.620000 232602.490000 262368.050000 2 4
3351.130000 232535.950000 262368.050000 4 4
3342.920000 232462.720000 262368.050000 6 4
3223.010000 231350.090000 262368.050000 6 4
3217.410000 231296.130000 262368.050000 4 4
3147.840000 230609.450000 262368.050000 2 4
2015.240000 212762.250000 262368.050000 2 4
2008.420000 212593.820000 262368.050000 4 4
1805.210000 206972.720000 262368.050000 4 4
1805.170000 206971.680000 262368.050000 6 4
1500.200000 195710.470000 262368.050000 2 4
1364.270000 189068.510000 262368.050000 4 4
1360.920000 188888.540000 262368.050000 2 4
1300.920000 185499.120000 262368.050000 6 4
1298.240000 185340.580000 262368.050000 4 4
1296.470000 185235.280000 262368.050000 2 4
1037.650000 165996.500000 262368.050000 4 4
1037.560000 165988.460000 262368.050000 6 4
15514.290000 255842.910000 262286.820000 4 2
15001.860000 255622.800000 262286.820000 2 2
14271.840000 255281.930000 262286.820000 2 2
14054.450000 255173.580000 262286.820000 4 2
14033.730000 255163.080000 262286.820000 2 2
13993.130000 255142.410000 262286.820000 4 2
13499.880000 254881.370000 262286.820000 4 2
13436.930000 254846.680000 262286.820000 2 2
12576.430000 254337.610000 262286.820000 4 2
11769.210000 253792.400000 262286.820000 4 2
11765.870000 253789.990000 262286.820000 2 2
10819.450000 253046.740000 262286.820000 4 2
4592.300000 240517.350000 262286.820000 4 2
4553.120000 240330.010000 262286.820000 2 2
4244.340000 238732.650000 262286.820000 4 2
4225.470000 238627.460000 262286.820000 2 2
3585.260000 234402.800000 262286.820000 4 2
3478.210000 233544.590000 262286.820000 2 2
3464.460000 233430.530000 262286.820000 4 2
3384.170000 232745.980000 262286.820000 4 2
3380.240000 232711.640000 262286.820000 2 2
3367.810000 232602.490000 262286.820000 2 2
3360.280000 232535.950000 262286.820000 4 2
3225.840000 231296.130000 262286.820000 4 2
3155.910000 230609.450000 262286.820000 2 2
2018.550000 212762.250000 262286.820000 2 2
2011.710000 212593.820000 262286.820000 4 2
1807.860000 206972.720000 262286.820000 4 2
1502.030000 195710.470000 262286.820000 2 2
1365.780000 189068.510000 262286.820000 4 2
1362.430000 188888.540000 262286.820000 2 2
1299.610000 185340.580000 262286.820000 4 2
1297.830000 185235.280000 262286.820000 2 2
1038.530000 165996.500000 262286.820000 4 2
16739.250000 255897.590000 261869.940000 6 6
16587.390000 255842.910000 261869.940000 4 6
15611.360000 255466.100000 261869.940000 8 6
15221.570000 255302.110000 261869.940000 6 6
14929.410000 255173.580000 261869.940000 4 6
14860.230000 255142.410000 261869.940000 4 6
14778.080000 255105.010000 261869.940000 6 6
14594.100000 255019.730000 261869.940000 8 6
14336.040000 254896.420000 261869.940000 6 6
14305.170000 254881.370000 261869.940000 4 6
13528.580000 254480.200000 261869.940000 8 6
13362.610000 254388.420000 261869.940000 6 6
13272.470000 254337.610000 261869.940000 4 6
12376.620000 253792.400000 261869.940000 4 6
11333.330000 253048.820000 261869.940000 6 6
11330.650000 253046.740000 261869.940000 4 6
10795.620000 252609.460000 261869.940000 8 6
9391.370000 251224.790000 261869.940000 6 6
9389.080000 251222.190000 261869.940000 8 6
4681.960000 240517.350000 261869.940000 4 6
4351.150000 238893.960000 261869.940000 6 6
4320.810000 238732.650000 261869.940000 4 6
3646.560000 234454.630000 261869.940000 6 6
3639.680000 234402.800000 261869.940000 4 6
3515.240000 233430.530000 261869.940000 4 6
3457.930000 232959.210000 261869.940000 8 6
3438.560000 232796.300000 261869.940000 6 6
3433.540000 232753.820000 261869.940000 8 6
3432.800000 232747.560000 261869.940000 6 6
3432.610000 232745.980000 261869.940000 4 6
3408.040000 232535.950000 261869.940000 4 6
3399.550000 232462.720000 261869.940000 6 6
3283.990000 231427.970000 261869.940000 8 6
3275.610000 231350.090000 261869.940000 6 6
3269.830000 231296.130000 261869.940000 4 6
2028.730000 212593.820000 261869.940000 4 6
1821.590000 206972.720000 261869.940000 4 6
1821.550000 206971.680000 261869.940000 6 6
1373.600000 189068.510000 261869.940000 4 6
1309.400000 185499.120000 261869.940000 6 6
1306.690000 185340.580000 261869.940000 4 6
1043.040000 165996.500000 261869.940000 4 6
1042.950000 165988.460000 261869.940000 6 6
17233.220000 255897.590000 261698.750000 6 4
17072.310000 255842.910000 261698.750000 4 4
16453.840000 255622.800000 261698.750000 2 4
15628.940000 255302.110000 261698.750000 6 4
15579.790000 255281.930000 261698.750000 2 4
15321.080000 255173.580000 261698.750000 4 4
15296.470000 255163.080000 261698.750000 2 4
15248.240000 255142.410000 261698.750000 4 4
15161.760000 255105.010000 261698.750000 6 4
14696.830000 254896.420000 261698.750000 6 4
14664.380000 254881.370000 261698.750000 4 4
14590.140000 254846.680000 261698.750000 2 4
13675.530000 254388.420000 261698.750000 6 4
13581.140000 254337.610000 261698.750000 4 4
12644.600000 253792.400000 261698.750000 4 4
12640.750000 253789.990000 261698.750000 2 4
11557.620000 253048.820000 261698.750000 6 4
11554.840000 253046.740000 261698.750000 4 4
9544.870000 251224.790000 261698.750000 6 4
4719.800000 240517.350000 261698.750000 4 4
4678.420000 240330.010000 261698.750000 2 4
4383.810000 238893.960000 261698.750000 6 4
4353.020000 238732.650000 261698.750000 4 4
4333.170000 238627.460000 261698.750000 2 4
3669.470000 234454.630000 261698.750000 6 4
3662.500000 234402.800000 261698.750000 4 4
3550.860000 233544.590000 261698.750000 2 4
3536.530000 233430.530000 261698.750000 4 4
3458.920000 232796.300000 261698.750000 6 4
3453.100000 232747.560000 261698.750000 6 4
3452.910000 232745.980000 261698.750000 4 4
3448.820000 232711.640000 261698.750000 2 4
3435.880000 232602.490000 261698.750000 2 4
3428.040000 232535.950000 261698.750000 4 4
3419.460000 232462.720000 261698.750000 6 4
3294.090000 231350.090000 261698.750000 6 4
3288.240000 231296.130000 261698.750000 4 4
3215.610000 230609.450000 261698.750000 2 4
2042.810000 212762.250000 261698.750000 2 4
2035.800000 212593.820000 261698.750000 4 4
1827.280000 206972.720000 261698.750000 4 4
1827.250000 206971.680000 261698.750000 6 4
1515.420000 195710.470000 261698.750000 2 4
1376.840000 189068.510000 261698.750000 4 4
1373.430000 188888.540000 261698.750000 2 4
1312.340000 185499.120000 261698.750000 6 4
1309.620000 185340.580000 261698.750000 4 4
1307.810000 185235.280000 261698.750000 2 4
1044.910000 165996.500000 261698.750000 4 4
1044.820000 165988.460000 261698.750000 6 4
17465.620000 255897.590000 261621.560000 6 4
17300.350000 255842.910000 261621.560000 4 4
16665.560000 255622.800000 261621.560000 2 4
15819.840000 255302.110000 261621.560000 6 4
15769.480000 255281.930000 261621.560000 2 4
15504.500000 255173.580000 261621.560000 4 4
15479.290000 255163.080000 261621.560000 2 4
15429.910000 255142.410000 261621.560000 4 4
15341.350000 255105.010000 261621.560000 6 4
14865.520000 254896.420000 261621.560000 6 4
14832.320000 254881.370000 261621.560000 4 4
14756.380000 254846.680000 261621.560000 2 4
13821.470000 254388.420000 261621.560000 6 4
13725.060000 254337.610000 261621.560000 4 4
12769.270000 253792.400000 261621.560000 4 4
12765.340000 253789.990000 261621.560000 2 4
11661.690000 253048.820000 261621.560000 6 4
11658.860000 253046.740000 261621.560000 4 4
9615.730000 251224.790000 261621.560000 6 4
4737.070000 240517.350000 261621.560000 4 4
4695.380000 240330.010000 261621.560000 2 4
4398.700000 238893.960000 261621.560000 6 4
4367.700000 238732.650000 261621.560000 4 4
4347.720000 238627.460000 261621.560000 2 4
3679.900000 234454.630000 261621.560000 6 4
3672.890000 234402.800000 261621.560000 4 4
3560.620000 233544.590000 261621.560000 2 4
3546.210000 233430.530000 261621.560000 4 4
3468.190000 232796.300000 261621.560000 6 4
3462.330000 232747.560000 261621.560000 6 4
3462.140000 232745.980000 261621.560000 4 4
3458.030000 232711.640000 261621.560000 2 4
3445.020000 232602.490000 261621.560000 2 4
3437.140000 232535.950000 261621.560000 4 4
3428.510000 232462.720000 261621.560000 6 4
3302.490000 231350.090000 261621.560000 6 4
3296.610000 231296.130000 261621.560000 4 4
3223.620000 230609.450000 261621.560000 2 4
2046.040000 212762.250000 261621.560000 2 4
2039.010000 212593.820000 261621.560000 4 4
1829.870000 206972.720000 261621.560000 4 4
1829.830000 206971.680000 261621.560000 6 4
1517.200000 195710.470000 261621.560000 2 4
1378.300000 189068.510000 261621.560000 4 4
1374.890000 188888.540000 261621.560000 2 4
1313.670000 185499.120000 261621.560000 6 4
1310.940000 185340.580000 261621.560000 4 4
1309.140000 185235.280000 261621.560000 2 4
1045.750000 165996.500000 261621.560000 4 4
1045.660000 165988.460000 261621.560000 6 4
18315.280000 255897.590000 261356.020000 6 6
18133.630000 255842.910000 261356.020000 4 6
16973.520000 255466.100000 261356.020000 8 6
16513.740000 255302.110000 261356.020000 6 6
16170.430000 255173.580000 261356.020000 4 6
16089.310000 255142.410000 261356.020000 4 6
15993.040000 255105.010000 261356.020000 6 6
15777.790000 255019.730000 261356.020000 8 6
15476.610000 254896.420000 261356.020000 6 6
15440.630000 254881.370000 261356.020000 4 6
14539.750000 254480.200000 261356.020000 8 6
14348.220000 254388.420000 261356.020000 6 6
14244.350000 254337.610000 261356.020000 4 6
13217.570000 253792.400000 261356.020000 4 6
12034.460000 253048.820000 261356.020000 6 6
12031.440000 253046.740000 261356.020000 4 6
11429.940000 252609.460000 261356.020000 8 6
9867.760000 251224.790000 261356.020000 6 6
9865.230000 251222.190000 261356.020000 8 6
4797.430000 240517.350000 261356.020000 4 6
4450.700000 238893.960000 261356.020000 6 6
4418.970000 238732.650000 261356.020000 4 6
3716.220000 234454.630000 261356.020000 6 6
3709.080000 234402.800000 261356.020000 4 6
3579.940000 233430.530000 261356.020000 4 6
3520.520000 232959.210000 261356.020000 8 6
3500.430000 232796.300000 261356.020000 6 6
3495.230000 232753.820000 261356.020000 8 6
3494.470000 232747.560000 261356.020000 6 6
3494.280000 232745.980000 261356.020000 4 6
3468.810000 232535.950000 261356.020000 4 6
3460.020000 232462.720000 261356.020000 6 6
3340.390000 231427.970000 261356.020000 8 6
3331.720000 231350.090000 261356.020000 6 6
3325.730000 231296.130000 261356.020000 4 6
2050.110000 212593.820000 261356.020000 4 6
1838.800000 206972.720000 261356.020000 4 6
1838.760000 206971.680000 261356.020000 6 6
1383.360000 189068.510000 261356.020000 4 6
1318.270000 185499.120000 261356.020000 6 6
1315.520000 185340.580000 261356.020000 4 6
1048.660000 165996.500000 261356.020000 4 6
1048.570000 165988.460000 261356.020000 6 6
18638.760000 255897.590000 261261.290000 6 4
18450.660000 255842.910000 261261.290000 4 4
17730.400000 255622.800000 261261.290000 2 4
16776.250000 255302.110000 261261.290000 6 4
16719.630000 255281.930000 261261.290000 2 4
16422.050000 255173.580000 261261.290000 4 4
16393.780000 255163.080000 261261.290000 2 4
16338.400000 255142.410000 261261.290000 4 4
16239.140000 255105.010000 261261.290000 6 4
15706.950000 254896.420000 261261.290000 6 4
15669.900000 254881.370000 261261.290000 4 4
15585.150000 254846.680000 261261.290000 2 4
14545.990000 254388.420000 261261.290000 6 4
14439.240000 254337.610000 261261.290000 4 4
13385.210000 253792.400000 261261.290000 4 4
13380.890000 253789.990000 261261.290000 2 4
12173.270000 253048.820000 261261.290000 6 4
12170.190000 253046.740000 261261.290000 4 4
9960.900000 251224.790000 261261.290000 6 4
4819.340000 240517.350000 261261.290000 4 4
4776.200000 240330.010000 261261.290000 2 4
4469.550000 238893.960000 261261.290000 6 4
4437.550000 238732.650000 261261.290000 4 4
4416.920000 238627.460000 261261.290000 2 4
3729.360000 234454.630000 261261.290000 6 4
3722.160000 234402.800000 261261.290000 4 4
3606.900000 233544.590000 261261.290000 2 4
3592.120000 233430.530000 261261.290000 4 4
3512.080000 232796.300000 261261.290000 6 4
3506.080000 232747.560000 261261.290000 6 4
3505.890000 232745.980000 261261.290000 4 4
3501.670000 232711.640000 261261.290000 2 4
3488.330000 232602.490000 261261.290000 2 4
3480.250000 232535.950000 261261.290000 4 4
3471.400000 232462.720000 261261.290000 6 4
3342.270000 231350.090000 261261.290000 6 4
3336.250000 231296.130000 261261.290000 4 4
3261.510000 230609.450000 261261.290000 2 4
2061.240000 212762.250000 261261.290000 2 4
2054.100000 212593.820000 261261.290000 4 4
1842.010000 206972.720000 261261.290000 4 4
1841.970000 206971.680000 261261.290000 6 4
1525.530000 195710.470000 261261.290000 2 4
1385.180000 189068.510000 261261.290000 4 4
1381.740000 188888.540000 261261.290000 2 4
1319.920000 185499.120000 261261.290000 6 4
1317.160000 185340.580000 261261.290000 4 4
1315.340000 185235.280000 261261.290000 2 4
1049.710000 165996.500000 261261.290000 4 4
1049.620000 165988.460000 261261.290000 6 4
18611.480000 255842.910000 261214.470000 4 2
17878.860000 255622.800000 261214.470000 2 2
16851.580000 255281.930000 261214.470000 2 2
16549.330000 255173.580000 261214.470000 4 2
16520.620000 255163.080000 261214.470000 2 2
16464.380000 255142.410000 261214.470000 4 2
15785.740000 254881.370000 261214.470000 4 2
15699.750000 254846.680000 261214.470000 2 2
14537.550000 254337.610000 261214.470000 4 2
13469.650000 253792.400000 261214.470000 4 2
13465.270000 253789.990000 261214.470000 2 2
12239.950000 253046.740000 261214.470000 4 2
4830.240000 240517.350000 261214.470000 4 2
4786.910000 240330.010000 261214.470000 2 2
4446.790000 238732.650000 261214.470000 4 2
4426.080000 238627.460000 261214.470000 2 2
3728.660000 234402.800000 261214.470000 4 2
3613.010000 233544.590000 261214.470000 2 2
3598.170000 233430.530000 261214.470000 4 2
3511.650000 232745.980000 261214.470000 4 2
3507.420000 232711.640000 261214.470000 2 2
3494.040000 232602.490000 261214.470000 2 2
3485.930000 232535.950000 261214.470000 4 2
3341.470000 231296.130000 261214.470000 4 2
3266.500000 230609.450000 261214.470000 2 2
2063.230000 212762.250000 261214.470000 2 2
2056.080000 212593.820000 261214.470000 4 2
1843.600000 206972.720000 261214.470000 4 2
1526.620000 195710.470000 261214.470000 2 2
1386.080000 189068.510000 261214.470000 4 2
1382.630000 188888.540000 261214.470000 2 2
1317.980000 185340.580000 261214.470000 4 2
1316.150000 185235.280000 261214.470000 2 2
1050.220000 165996.500000 261214.470000 4 2
18923.470000 255897.590000 261180.590000 6 8
17494.600000 255466.100000 261180.590000 8 8
17006.550000 255302.110000 261180.590000 6 8
16454.840000 255105.010000 261180.590000 6 8
16227.070000 255019.730000 261180.590000 8 8
15908.650000 254896.420000 261180.590000 6 8
15169.000000 254590.000000 261180.590000 10 8
14920.430000 254480.200000 261180.590000 8 8
14718.810000 254388.420000 261180.590000 6 8
12294.080000 253048.820000 261180.590000 6 8
11663.880000 252609.460000 261180.590000 8 8
11662.270000 252608.280000 261180.590000 10 8
10041.640000 251224.790000 261180.590000 6 8
10039.020000 251222.190000 261180.590000 8 8
4485.740000 238893.960000 261180.590000 6 8
3740.620000 234454.630000 261180.590000 6 8
3542.400000 232959.210000 261180.590000 8 8
3522.070000 232796.300000 261180.590000 6 8
3516.800000 232753.820000 261180.590000 8 8
3516.030000 232747.560000 261180.590000 6 8
3481.160000 232462.720000 261180.590000 6 8
3371.670000 231530.250000 261180.590000 10 8
3360.080000 231427.970000 261180.590000 8 8
3351.310000 231350.090000 261180.590000 6 8
1844.720000 206971.680000 261180.590000 6 8
1321.330000 185499.120000 261180.590000 6 8
1050.510000 165988.460000 261180.590000 6 8
19425.600000 255897.590000 261044.030000 6 6
19221.380000 255842.910000 261044.030000 4 6
17922.900000 255466.100000 261044.030000 8 6
17411.020000 255302.110000 261044.030000 6 6
17029.820000 255173.580000 261044.030000 4 6
16939.870000 255142.410000 261044.030000 4 6
16833.200000 255105.010000 261044.030000 6 6
16594.910000 255019.730000 261044.030000 8 6
16262.040000 254896.420000 261044.030000 6 6
16222.330000 254881.370000 261044.030000 4 6
15230.850000 254480.200000 261044.030000 8 6
15020.810000 254388.420000 261044.030000 6 6
14907.010000 254337.610000 261044.030000 4 6
13786.230000 253792.400000 261044.030000 4 6
12504.070000 253048.820000 261044.030000 6 6
12500.820000 253046.740000 261044.030000 4 6
11852.720000 252609.460000 261044.030000 8 6
10181.300000 251224.790000 261044.030000 6 6
10178.600000 251222.190000 261044.030000 8 6
4870.350000 240517.350000 261044.030000 4 6
4513.390000 238893.960000 261044.030000 6 6
4480.760000 238732.650000 261044.030000 4 6
3759.830000 234454.630000 261044.030000 6 6
3752.510000 234402.800000 261044.030000 4 6
3620.380000 233430.530000 261044.030000 4 6
3559.630000 232959.210000 261044.030000 8 6
3539.100000 232796.300000 261044.030000 6 6
3533.780000 232753.820000 261044.030000 8 6
3533.000000 232747.560000 261044.030000 6 6
3532.800000 232745.980000 261044.030000 4 6
3506.770000 232535.950000 261044.030000 4 6
3497.790000 232462.720000 261044.030000 6 6
3375.580000 231427.970000 261044.030000 8 6
3366.720000 231350.090000 261044.030000 6 6
3360.620000 231296.130000 261044.030000 4 6
2063.310000 212593.820000 261044.030000 4 6
1849.410000 206972.720000 261044.030000 4 6
1849.370000 206971.680000 261044.030000 6 6
1389.360000 189068.510000 261044.030000 4 6
1323.720000 185499.120000 261044.030000 6 6
1320.940000 185340.580000 261044.030000 4 6
1052.110000 165996.500000 261044.030000 4 6
1052.020000 165988.460000 261044.030000 6 6
19753.430000 255897.590000 260958.620000 6 4
19542.290000 255842.910000 260958.620000 4 4
18736.150000 255622.800000 260958.620000 2 4
17673.920000 255302.110000 260958.620000 6 4
17611.090000 255281.930000 260958.620000 2 4
17281.240000 255173.580000 260958.620000 4 4
17249.940000 255163.080000 260958.620000 2 4
17188.630000 255142.410000 260958.620000 4 4
17078.810000 255105.010000 260958.620000 6 4
16491.160000 254896.420000 260958.620000 6 4
16450.320000 254881.370000 260958.620000 4 4
16356.950000 254846.680000 260958.620000 2 4
15216.080000 254388.420000 260958.620000 6 4
15099.310000 254337.610000 260958.620000 4 4
13950.540000 253792.400000 260958.620000 4 4
13945.850000 253789.990000 260958.620000 2 4
12639.090000 253048.820000 260958.620000 6 4
12635.760000 253046.740000 260958.620000 4 4
10270.630000 251224.790000 260958.620000 6 4
4890.700000 240517.350000 260958.620000 4 4
4846.280000 240330.010000 260958.620000 2 4
4530.860000 238893.960000 260958.620000 6 4
4497.980000 238732.650000 260958.620000 4 4
4476.790000 238627.460000 260958.620000 2 4
3771.950000 234454.630000 260958.620000 6 4
3764.580000 234402.800000 260958.620000 4 4
3646.730000 233544.590000 260958.620000 2 4
3631.620000 233430.530000 260958.620000 4 4
3549.830000 232796.300000 260958.620000 6 4
3543.700000 232747.560000 260958.620000 6 4
3543.500000 232745.980000 260958.620000 4 4
3539.190000 232711.640000 260958.620000 2 4
3525.570000 232602.490000 260958.620000 2 4
3517.310000 232535.950000 260958.620000 4 4
3508.270000 232462.720000 260958.620000 6 4
3376.430000 231350.090000 260958.620000 6 4
3370.290000 231296.130000 260958.620000 4 4
3294.030000 230609.450000 260958.620000 2 4
2074.180000 212762.250000 260958.620000 2 4
2066.960000 212593.820000 260958.620000 4 4
1852.340000 206972.720000 260958.620000 4 4
1852.300000 206971.680000 260958.620000 6 4
1532.610000 195710.470000 260958.620000 2 4
1391.010000 189068.510000 260958.620000 4 4
1387.540000 188888.540000 260958.620000 2 4
1325.210000 185499.120000 260958.620000 6 4
1322.440000 185340.580000 260958.620000 4 4
1320.600000 185235.280000 260958.620000 2 4
1053.050000 165996.500000 260958.620000 4 4
1052.960000 165988.460000 260958.620000 6 4
19722.180000 255842.910000 260911.960000 4 2
18901.430000 255622.800000 260911.960000 2 2
17757.040000 255281.930000 260911.960000 2 2
17421.760000 255173.580000 260911.960000 4 2
17389.940000 255163.080000 260911.960000 2 2
17327.640000 255142.410000 260911.960000 4 2
16577.600000 254881.370000 260911.960000 4 2
16482.780000 254846.680000 260911.960000 2 2
15206.470000 254337.610000 260911.960000 4 2
14041.970000 253792.400000 260911.960000 4 2
14037.220000 253789.990000 260911.960000 2 2
12710.730000 253046.740000 260911.960000 4 2
4901.890000 240517.350000 260911.960000 4 2
4857.270000 240330.010000 260911.960000 2 2
4507.440000 238732.650000 260911.960000 4 2
4486.170000 238627.460000 260911.960000 2 2
3771.210000 234402.800000 260911.960000 4 2
3652.950000 233544.590000 260911.960000 2 2
3637.780000 233430.530000 260911.960000 4 2
3549.370000 232745.980000 260911.960000 4 2
3545.050000 232711.640000 260911.960000 2 2
3531.380000 232602.490000 260911.960000 2 2
3523.100000 232535.950000 260911.960000 4 2
3375.600000 231296.130000 260911.960000 4 2
3299.110000 230609.450000 260911.960000 2 2
2076.190000 212762.250000 260911.960000 2 2
2068.960000 212593.820000 260911.960000 4 2
1853.940000 206972.720000 260911.960000 4 2
1533.710000 195710.470000 260911.960000 2 2
1391.920000 189068.510000 260911.960000 4 2
1388.440000 188888.540000 260911.960000 2 2
1323.250000 185340.580000 260911.960000 4 2
1321.410000 185235.280000 260911.960000 2 2
1053.570000 165996.500000 260911.960000 4 2
19743.910000 255622.800000 260686.270000 2 2
18498.600000 255281.930000 260686.270000 2 2
18135.010000 255173.580000 260686.270000 4 2
18100.540000 255163.080000 260686.270000 2 2
18033.050000 255142.410000 260686.270000 4 2
17222.120000 254881.370000 260686.270000 4 2
17119.810000 254846.680000 260686.270000 2 2
15747.050000 254337.610000 260686.270000 4 2
14501.680000 253792.400000 260686.270000 4 2
14496.610000 253789.990000 260686.270000 2 2
13086.230000 253046.740000 260686.270000 4 2
4956.740000 240517.350000 260686.270000 4 2
4911.120000 240330.010000 260686.270000 2 2
4553.780000 238732.650000 260686.270000 4 2
4532.070000 238627.460000 260686.270000 2 2
3803.590000 234402.800000 260686.270000 4 2
3683.320000 233544.590000 260686.270000 2 2
3667.910000 233430.530000 260686.270000 4 2
3578.040000 232745.980000 260686.270000 4 2
3573.650000 232711.640000 260686.270000 2 2
3559.760000 232602.490000 260686.270000 2 2
3551.340000 232535.950000 260686.270000 4 2
3401.520000 231296.130000 260686.270000 4 2
3323.860000 230609.450000 260686.270000 2 2
2085.970000 212762.250000 260686.270000 2 2
2078.670000 212593.820000 260686.270000 4 2
1861.730000 206972.720000 260686.270000 4 2
1539.030000 195710.470000 260686.270000 2 2
1396.300000 189068.510000 260686.270000 4 2
1392.800000 188888.540000 260686.270000 2 2
1327.220000 185340.580000 260686.270000 4 2
1325.360000 185235.280000 260686.270000 2 2
1056.080000 165996.500000 260686.270000 4 2
15882.090000 252993.390000 259288.070000 4 4
15866.560000 252987.230000 259288.070000 2 4
9280.120000 248515.300000 259288.070000 4 4
9204.170000 248426.410000 259288.070000 2 4
9005.380000 248186.640000 259288.070000 6 4
8864.510000 248010.230000 259288.070000 4 4
7807.450000 246483.320000 259288.070000 4 4
7790.610000 246455.630000 259288.070000 6 4
7709.180000 246320.090000 259288.070000 2 4
7692.410000 246291.820000 259288.070000 4 4
7469.080000 245903.220000 259288.070000 6 4
7421.110000 245816.700000 259288.070000 4 4
7394.580000 245768.370000 259288.070000 2 4
7015.220000 245037.290000 259288.070000 2 4
6818.610000 244626.360000 259288.070000 6 4
3735.720000 232527.090000 259288.070000 4 4
3729.220000 232480.440000 259288.070000 2 4
3409.710000 229968.440000 259288.070000 4 4
3407.220000 229947.070000 259288.070000 6 4
3270.860000 228723.840000 259288.070000 6 4
2218.650000 214229.670000 259288.070000 4 4
2215.710000 214169.920000 259288.070000 2 4
2121.290000 212161.880000 259288.070000 4 4
2101.260000 211712.730000 259288.070000 6 4
2092.880000 211522.120000 259288.070000 4 4
1968.350000 208484.200000 259288.070000 6 4
1964.800000 208392.260000 259288.070000 4 4
1963.020000 208346.100000 259288.070000 2 4
1908.030000 206877.860000 259288.070000 6 4
1904.700000 206786.290000 259288.070000 4 4
1902.680000 206730.760000 259288.070000 2 4
1806.820000 203942.290000 259288.070000 2 4
15883.250000 252993.390000 259287.610000 4 6
9280.510000 248515.300000 259287.610000 4 6
9005.750000 248186.640000 259287.610000 6 6
8864.870000 248010.230000 259287.610000 4 6
7807.730000 246483.320000 259287.610000 4 6
7790.880000 246455.630000 259287.610000 6 6
7692.680000 246291.820000 259287.610000 4 6
7540.360000 246029.300000 259287.610000 8 6
7469.330000 245903.220000 259287.610000 6 6
7421.360000 245816.700000 259287.610000 4 6
6818.820000 244626.360000 259287.610000 6 6
3735.790000 232527.090000 259287.610000 4 6
3409.760000 229968.440000 259287.610000 4 6
3407.280000 229947.070000 259287.610000 6 6
3273.430000 228747.450000 259287.610000 8 6
3270.900000 228723.840000 259287.610000 6 6
2218.670000 214229.670000 259287.610000 4 6
2121.310000 212161.880000 259287.610000 4 6
2101.280000 211712.730000 259287.610000 6 6
2092.900000 211522.120000 259287.610000 4 6
1968.370000 208484.200000 259287.610000 6 6
1964.820000 208392.260000 259287.610000 4 6
1912.590000 207002.480000 259287.610000 8 6
1908.040000 206877.860000 259287.610000 6 6
1904.710000 206786.290000 259287.610000 4 6
17811.050000 252993.390000 258606.350000 4 4
17791.520000 252987.230000 258606.350000 2 4
9907.050000 248515.300000 258606.350000 4 4
9820.550000 248426.410000 258606.350000 2 4
9594.560000 248186.640000 258606.350000 6 4
9434.830000 248010.230000 258606.350000 4 4
8246.490000 246483.320000 258606.350000 4 4
8227.700000 246455.630000 258606.350000 6 4
8136.930000 246320.090000 258606.350000 2 4
8118.260000 246291.820000 258606.350000 4 4
7869.910000 245903.220000 258606.350000 6 4
7816.670000 245816.700000 258606.350000 4 4
7787.240000 245768.370000 258606.350000 2 4
7367.680000 245037.290000 258606.350000 2 4
7151.110000 244626.360000 258606.350000 6 4
3833.380000 232527.090000 258606.350000 4 4
3826.530000 232480.440000 258606.350000 2 4
3490.880000 229968.440000 258606.350000 4 4
3488.270000 229947.070000 258606.350000 6 4
3345.480000 228723.840000 258606.350000 6 4
2252.740000 214229.670000 258606.350000 4 4
2249.710000 214169.920000 258606.350000 2 4
2152.430000 212161.880000 258606.350000 4 4
2131.810000 211712.730000 258606.350000 6 4
2123.180000 211522.120000 258606.350000 4 4
1995.130000 208484.200000 258606.350000 6 4
1991.470000 208392.260000 258606.350000 4 4
1989.640000 208346.100000 258606.350000 2 4
1933.170000 206877.860000 258606.350000 6 4
1929.750000 206786.290000 258606.350000 4 4
1927.690000 206730.760000 258606.350000 2 4
1829.360000 203942.290000 258606.350000 2 4
18452.400000 252993.390000 258411.260000 4 2
18431.440000 252987.230000 258411.260000 2 2
10102.360000 248515.300000 258411.260000 4 2
10012.430000 248426.410000 258411.260000 2 2
9611.800000 248010.230000 258411.260000 4 2
8381.370000 246483.320000 258411.260000 4 2
8268.220000 246320.090000 258411.260000 2 2
8248.940000 246291.820000 258411.260000 4 2
7937.750000 245816.700000 258411.260000 4 2
7907.410000 245768.370000 258411.260000 2 2
7475.150000 245037.290000 258411.260000 2 2
3862.270000 232527.090000 258411.260000 4 2
3855.320000 232480.440000 258411.260000 2 2
3514.820000 229968.440000 258411.260000 4 2
2262.690000 214229.670000 258411.260000 4 2
2259.630000 214169.920000 258411.260000 2 2
2161.510000 212161.880000 258411.260000 4 2
2132.020000 211522.120000 258411.260000 4 2
1999.240000 208392.260000 258411.260000 4 2
1997.400000 208346.100000 258411.260000 2 2
1937.050000 206786.290000 258411.260000 4 2
1934.970000 206730.760000 258411.260000 2 2
1835.910000 203942.290000 258411.260000 2 2
10579.320000 248515.300000 257965.110000 4 6
10223.750000 248186.640000 257965.110000 6 6
10042.570000 248010.230000 257965.110000 4 6
8707.050000 246483.320000 257965.110000 4 6
8686.100000 246455.630000 257965.110000 6 6
8564.210000 246291.820000 257965.110000 4 6
8375.840000 246029.300000 257965.110000 8 6
8288.300000 245903.220000 257965.110000 6 6
8229.270000 245816.700000 257965.110000 4 6
7494.890000 244626.360000 257965.110000 6 6
3930.010000 232527.090000 257965.110000 4 6
3570.830000 229968.440000 257965.110000 4 6
3568.110000 229947.070000 257965.110000 6 6
3421.610000 228747.450000 257965.110000 8 6
3418.840000 228723.840000 257965.110000 6 6
2285.770000 214229.670000 257965.110000 4 6
2182.570000 212161.880000 257965.110000 4 6
2161.370000 211712.730000 257965.110000 6 6
2152.500000 211522.120000 257965.110000 4 6
2020.330000 208484.200000 257965.110000 6 6
2016.580000 208392.260000 257965.110000 4 6
1962.220000 207002.480000 257965.110000 8 6
1957.440000 206877.860000 257965.110000 6 6
1953.930000 206786.290000 257965.110000 4 6
10767.540000 248515.300000 257799.930000 4 4
10665.430000 248426.410000 257799.930000 2 4
10399.420000 248186.640000 257799.930000 6 4
10212.020000 248010.230000 257799.930000 4 4
8834.140000 246483.320000 257799.930000 4 4
8812.580000 246455.630000 257799.930000 6 4
8708.530000 246320.090000 257799.930000 2 4
8687.140000 246291.820000 257799.930000 4 4
8403.380000 245903.220000 257799.930000 6 4
8342.700000 245816.700000 257799.930000 4 4
8309.190000 245768.370000 257799.930000 2 4
7833.210000 245037.290000 257799.930000 2 4
7588.870000 244626.360000 257799.930000 6 4
3955.700000 232527.090000 257799.930000 4 4
3948.410000 232480.440000 257799.930000 2 4
3592.030000 229968.440000 257799.930000 4 4
3589.270000 229947.070000 257799.930000 6 4
3438.270000 228723.840000 257799.930000 6 4
2294.440000 214229.670000 257799.930000 4 4
2291.290000 214169.920000 257799.930000 2 4
2190.470000 212161.880000 257799.930000 4 4
2169.120000 211712.730000 257799.930000 6 4
2160.180000 211522.120000 257799.930000 4 4
2027.100000 208484.200000 257799.930000 6 4
2023.320000 208392.260000 257799.930000 4 4
2021.440000 208346.100000 257799.930000 2 4
1963.790000 206877.860000 257799.930000 6 4
1960.260000 206786.290000 257799.930000 4 4
1958.130000 206730.760000 257799.930000 2 4
1856.750000 203942.290000 257799.930000 2 4
10889.740000 248515.300000 257695.740000 4 2
10785.310000 248426.410000 257695.740000 2 2
10321.870000 248010.230000 257695.740000 4 2
8916.230000 246483.320000 257695.740000 4 2
8788.290000 246320.090000 257695.740000 2 2
8766.510000 246291.820000 257695.740000 4 2
8415.880000 245816.700000 257695.740000 4 2
8381.770000 245768.370000 257695.740000 2 2
7897.690000 245037.290000 257695.740000 2 2
3972.070000 232527.090000 257695.740000 4 2
3964.720000 232480.440000 257695.740000 2 2
3605.530000 229968.440000 257695.740000 4 2
2299.940000 214229.670000 257695.740000 4 2
2296.780000 214169.920000 257695.740000 2 2
2195.480000 212161.880000 257695.740000 4 2
2165.060000 211522.120000 257695.740000 4 2
2027.600000 208392.260000 257695.740000 4 2
2025.700000 208346.100000 257695.740000 2 2
1964.270000 206786.290000 257695.740000 4 2
1962.130000 206730.760000 257695.740000 2 2
1860.350000 203942.290000 257695.740000 2 2
4609.440000 234454.630000 256143.190000 6 8
4312.110000 232959.210000 256143.190000 8 8
4282.020000 232796.300000 256143.190000 6 8
4274.240000 232753.820000 256143.190000 8 8
4273.100000 232747.560000 256143.190000 6 8
4221.700000 232462.720000 256143.190000 6 8
4061.760000 231530.250000 256143.190000 10 8
4044.950000 231427.970000 256143.190000 8 8
4032.240000 231350.090000 256143.190000 6 8
4313.440000 232959.210000 256136.040000 8 10
4275.550000 232753.820000 256136.040000 8 10
4062.940000 231530.250000 256136.040000 10 10
4046.120000 231427.970000 256136.040000 8 10
4613.140000 234454.630000 256125.790000 6 6
4602.130000 234402.800000 256125.790000 4 6
4404.970000 233430.530000 256125.790000 4 6
4315.350000 232959.210000 256125.790000 8 6
4285.210000 232796.300000 256125.790000 6 6
4277.430000 232753.820000 256125.790000 8 6
4276.280000 232747.560000 256125.790000 6 6
4275.990000 232745.980000 256125.790000 4 6
4237.920000 232535.950000 256125.790000 4 6
4224.810000 232462.720000 256125.790000 6 6
4047.800000 231427.970000 256125.790000 8 6
4035.070000 231350.090000 256125.790000 6 6
4026.300000 231296.130000 256125.790000 4 6
4613.680000 234454.630000 256123.230000 6 8
4315.830000 232959.210000 256123.230000 8 8
4285.680000 232796.300000 256123.230000 6 8
4277.890000 232753.820000 256123.230000 8 8
4276.750000 232747.560000 256123.230000 6 8
4225.260000 232462.720000 256123.230000 6 8
4065.050000 231530.250000 256123.230000 10 8
4048.220000 231427.970000 256123.230000 8 8
4035.490000 231350.090000 256123.230000 6 8
4621.250000 234454.630000 256087.750000 6 6
4610.200000 234402.800000 256087.750000 4 6
4412.370000 233430.530000 256087.750000 4 6
4322.450000 232959.210000 256087.750000 8 6
4292.210000 232796.300000 256087.750000 6 6
4284.400000 232753.820000 256087.750000 8 6
4283.250000 232747.560000 256087.750000 6 6
4282.960000 232745.980000 256087.750000 4 6
4244.770000 232535.950000 256087.750000 4 6
4231.610000 232462.720000 256087.750000 6 6
4054.040000 231427.970000 256087.750000 8 6
4041.280000 231350.090000 256087.750000 6 6
4032.480000 231296.130000 256087.750000 4 6
4622.130000 234454.630000 256083.600000 6 4
4611.080000 234402.800000 256083.600000 4 4
4435.510000 233544.590000 256083.600000 2 4
4413.170000 233430.530000 256083.600000 4 4
4292.980000 232796.300000 256083.600000 6 4
4284.010000 232747.560000 256083.600000 6 4
4283.720000 232745.980000 256083.600000 4 4
4277.430000 232711.640000 256083.600000 2 4
4257.540000 232602.490000 256083.600000 2 4
4245.510000 232535.950000 256083.600000 4 4
4232.350000 232462.720000 256083.600000 6 4
4041.950000 231350.090000 256083.600000 6 4
4033.160000 231296.130000 256083.600000 4 4
4342.000000 232959.210000 255983.580000 8 10
4303.610000 232753.820000 255983.580000 8 10
4088.270000 231530.250000 255983.580000 10 10
4071.240000 231427.970000 255983.580000 8 10
4089.290000 231530.250000 255977.480000 10 12
4647.790000 234402.800000 255912.370000 4 2
4469.460000 233544.590000 255912.370000 2 2
4446.790000 233430.530000 255912.370000 4 2
4315.380000 232745.980000 255912.370000 4 2
4309.000000 232711.640000 255912.370000 2 2
4288.820000 232602.490000 255912.370000 2 2
4276.610000 232535.950000 255912.370000 4 2
4061.210000 231296.130000 255912.370000 4 2
4659.030000 234454.630000 255912.320000 6 4
4647.800000 234402.800000 255912.320000 4 4
4469.470000 233544.590000 255912.320000 2 4
4446.800000 233430.530000 255912.320000 4 4
4324.790000 232796.300000 255912.320000 6 4
4315.690000 232747.560000 255912.320000 6 4
4315.390000 232745.980000 255912.320000 4 4
4309.010000 232711.640000 255912.320000 2 4
4288.830000 232602.490000 255912.320000 2 4
4276.620000 232535.950000 255912.320000 4 4
4263.270000 232462.720000 255912.320000 6 4
4070.140000 231350.090000 255912.320000 6 4
4061.220000 231296.130000 255912.320000 4 4
13542.230000 248515.300000 255897.590000 4 6
12965.020000 248186.640000 255897.590000 6 6
12675.050000 248010.230000 255897.590000 4 6
10619.260000 246483.320000 255897.590000 4 6
10588.120000 246455.630000 255897.590000 6 6
10407.560000 246291.820000 255897.590000 4 6
10130.690000 246029.300000 255897.590000 8 6
10002.890000 245903.220000 255897.590000 6 6
9917.040000 245816.700000 255897.590000 4 6
4277.690000 232527.090000 255897.590000 4 6
3855.570000 229968.440000 255897.590000 4 6
3852.390000 229947.070000 255897.590000 6 6
3682.170000 228747.450000 255897.590000 8 6
3678.970000 228723.840000 255897.590000 6 6
2399.200000 214229.670000 255897.590000 4 6
2285.760000 212161.880000 255897.590000 4 6
2262.520000 211712.730000 255897.590000 6 6
2252.800000 211522.120000 255897.590000 4 6
2108.440000 208484.200000 255897.590000 6 6
2104.360000 208392.260000 255897.590000 4 6
2044.540000 207002.480000 255897.590000 8 6
2039.340000 206877.860000 255897.590000 6 6
2035.540000 206786.290000 255897.590000 4 6
13643.280000 248515.300000 255842.910000 4 4
13479.760000 248426.410000 255842.910000 2 4
13057.620000 248186.640000 255842.910000 6 4
12763.530000 248010.230000 255842.910000 4 4
10681.300000 246483.320000 255842.910000 4 4
10649.790000 246455.630000 255842.910000 6 4
10498.210000 246320.090000 255842.910000 2 4
10467.140000 246291.820000 255842.910000 4 4
10057.920000 245903.220000 255842.910000 6 4
9971.120000 245816.700000 255842.910000 4 4
9923.290000 245768.370000 255842.910000 2 4
9251.900000 245037.290000 255842.910000 2 4
4287.730000 232527.090000 255842.910000 4 4
4279.170000 232480.440000 255842.910000 2 4
3863.720000 229968.440000 255842.910000 4 4
3860.530000 229947.070000 255842.910000 6 4
3686.390000 228723.840000 255842.910000 6 4
2402.350000 214229.670000 255842.910000 4 4
2398.910000 214169.920000 255842.910000 2 4
2288.620000 212161.880000 255842.910000 4 4
2265.320000 211712.730000 255842.910000 6 4
2255.580000 211522.120000 255842.910000 4 4
2110.880000 208484.200000 255842.910000 6 4
2106.780000 208392.260000 255842.910000 4 4
2104.740000 208346.100000 255842.910000 2 4
2041.620000 206877.860000 255842.910000 6 4
2037.810000 206786.290000 255842.910000 4 4
2035.500000 206730.760000 255842.910000 2 4
1926.760000 203942.290000 255842.910000 2 4
4677.070000 234454.630000 255829.580000 6 8
4371.240000 232959.210000 255829.580000 8 8
4340.320000 232796.300000 255829.580000 6 8
4332.330000 232753.820000 255829.580000 8 8
4331.160000 232747.560000 255829.580000 6 8
4278.360000 232462.720000 255829.580000 6 8
4114.180000 231530.250000 255829.580000 10 8
4096.930000 231427.970000 255829.580000 8 8
4083.900000 231350.090000 255829.580000 6 8
4371.610000 232959.210000 255827.660000 8 10
4332.690000 232753.820000 255827.660000 8 10
4114.500000 231530.250000 255827.660000 10 10
4097.260000 231427.970000 255827.660000 8 10
4680.590000 234454.630000 255813.470000 6 6
4669.260000 234402.800000 255813.470000 4 6
4466.430000 233430.530000 255813.470000 4 6
4374.320000 232959.210000 255813.470000 8 6
4343.360000 232796.300000 255813.470000 6 6
4335.360000 232753.820000 255813.470000 8 6
4334.180000 232747.560000 255813.470000 6 6
4333.890000 232745.980000 255813.470000 4 6
4294.780000 232535.950000 255813.470000 4 6
4281.310000 232462.720000 255813.470000 6 6
4099.640000 231427.970000 255813.470000 8 6
4086.590000 231350.090000 255813.470000 6 6
4077.590000 231296.130000 255813.470000 4 6
4680.760000 234454.630000 255812.730000 6 4
4669.420000 234402.800000 255812.730000 4 4
4489.460000 233544.590000 255812.730000 2 4
4466.580000 233430.530000 255812.730000 4 4
4343.500000 232796.300000 255812.730000 6 4
4334.320000 232747.560000 255812.730000 6 4
4334.030000 232745.980000 255812.730000 4 4
4327.580000 232711.640000 255812.730000 2 4
4307.230000 232602.490000 255812.730000 2 4
4294.920000 232535.950000 255812.730000 4 4
4281.450000 232462.720000 255812.730000 6 4
4086.710000 231350.090000 255812.730000 6 4
4077.720000 231296.130000 255812.730000 4 4
4692.480000 234454.630000 255759.380000 6 8
4384.700000 232959.210000 255759.380000 8 8
4353.590000 232796.300000 255759.380000 6 8
4345.550000 232753.820000 255759.380000 8 8
4344.370000 232747.560000 255759.380000 6 8
4291.250000 232462.720000 255759.380000 6 8
4126.100000 231530.250000 255759.380000 10 8
4108.750000 231427.970000 255759.380000 8 8
4095.640000 231350.090000 255759.380000 6 8
4693.190000 234454.630000 255756.130000 6 6
4681.800000 234402.800000 255756.130000 4 6
4477.910000 233430.530000 255756.130000 4 6
4385.330000 232959.210000 255756.130000 8 6
4354.210000 232796.300000 255756.130000 6 6
4346.170000 232753.820000 255756.130000 8 6
4344.990000 232747.560000 255756.130000 6 6
4344.690000 232745.980000 255756.130000 4 6
4305.390000 232535.950000 255756.130000 4 6
4291.850000 232462.720000 255756.130000 6 6
4109.300000 231427.970000 255756.130000 8 6
4096.190000 231350.090000 255756.130000 6 6
4087.150000 231296.130000 255756.130000 4 6
4707.510000 234454.630000 255691.350000 6 8
4397.820000 232959.210000 255691.350000 8 8
4366.530000 232796.300000 255691.350000 6 8
4358.440000 232753.820000 255691.350000 8 8
4357.250000 232747.560000 255691.350000 6 8
4303.820000 232462.720000 255691.350000 6 8
4137.720000 231530.250000 255691.350000 10 8
4120.280000 231427.970000 255691.350000 8 8
4107.090000 231350.090000 255691.350000 6 8
4707.820000 234454.630000 255689.940000 6 6
4696.360000 234402.800000 255689.940000 4 6
4491.220000 233430.530000 255689.940000 4 6
4398.100000 232959.210000 255689.940000 8 6
4366.800000 232796.300000 255689.940000 6 6
4358.710000 232753.820000 255689.940000 8 6
4357.520000 232747.560000 255689.940000 6 6
4357.220000 232745.980000 255689.940000 4 6
4317.700000 232535.950000 255689.940000 4 6
4304.080000 232462.720000 255689.940000 6 6
4120.510000 231427.970000 255689.940000 8 6
4107.330000 231350.090000 255689.940000 6 6
4098.240000 231296.130000 255689.940000 4 6
14065.800000 248515.300000 255622.800000 4 2
13892.060000 248426.410000 255622.800000 2 2
13132.580000 248010.230000 255622.800000 4 2
10938.540000 246483.320000 255622.800000 4 2
10746.610000 246320.090000 255622.800000 2 2
10714.050000 246291.820000 255622.800000 4 2
10194.940000 245816.700000 255622.800000 4 2
10144.940000 245768.370000 255622.800000 2 2
9444.280000 245037.290000 255622.800000 2 2
4328.590000 232527.090000 255622.800000 4 2
4319.870000 232480.440000 255622.800000 2 2
3896.870000 229968.440000 255622.800000 4 2
2415.130000 214229.670000 255622.800000 4 2
2411.640000 214169.920000 255622.800000 2 2
2300.210000 212161.880000 255622.800000 4 2
2266.840000 211522.120000 255622.800000 4 2
2116.600000 208392.260000 255622.800000 4 2
2114.540000 208346.100000 255622.800000 2 2
2046.990000 206786.290000 255622.800000 4 2
2044.670000 206730.760000 255622.800000 2 2
1934.970000 203942.290000 255622.800000 2 2
13733.530000 248186.640000 255466.100000 6 8
11095.160000 246455.630000 255466.100000 6 8
10593.900000 246029.300000 255466.100000 8 8
10454.240000 245903.220000 255466.100000 6 8
3917.530000 229947.070000 255466.100000 6 8
3741.640000 228747.450000 255466.100000 8 8
3738.340000 228723.840000 255466.100000 6 8
2284.830000 211712.730000 255466.100000 6 8
2127.810000 208484.200000 255466.100000 6 8
2062.740000 207002.480000 255466.100000 8 8
2057.450000 206877.860000 255466.100000 6 8
14730.440000 248515.300000 255302.110000 4 6
14050.040000 248186.640000 255302.110000 6 6
13710.140000 248010.230000 255302.110000 4 6
11336.320000 246483.320000 255302.110000 4 6
11300.840000 246455.630000 255302.110000 6 6
11095.390000 246291.820000 255302.110000 4 6
10781.260000 246029.300000 255302.110000 8 6
10636.640000 245903.220000 255302.110000 6 6
10539.620000 245816.700000 255302.110000 4 6
4389.540000 232527.090000 255302.110000 4 6
3946.200000 229968.440000 255302.110000 4 6
3942.870000 229947.070000 255302.110000 6 6
3764.750000 228747.450000 255302.110000 8 6
3761.400000 228723.840000 255302.110000 6 6
2433.980000 214229.670000 255302.110000 4 6
2317.310000 212161.880000 255302.110000 4 6
2293.430000 211712.730000 255302.110000 6 6
2283.440000 211522.120000 255302.110000 4 6
2135.260000 208484.200000 255302.110000 6 6
2131.080000 208392.260000 255302.110000 4 6
2069.750000 207002.480000 255302.110000 8 6
2064.420000 206877.860000 255302.110000 6 6
2060.520000 206786.290000 255302.110000 4 6
14774.370000 248515.300000 255281.930000 4 2
14582.800000 248426.410000 255281.930000 2 2
13748.180000 248010.230000 255281.930000 4 2
11362.320000 246483.320000 255281.930000 4 2
11155.360000 246320.090000 255281.930000 2 2
11120.290000 246291.820000 255281.930000 4 2
10562.090000 245816.700000 255281.930000 4 2
10508.430000 245768.370000 255281.930000 2 2
9758.530000 245037.290000 255281.930000 2 2
4393.430000 232527.090000 255281.930000 4 2
4384.450000 232480.440000 255281.930000 2 2
3949.340000 229968.440000 255281.930000 4 2
2435.180000 214229.670000 255281.930000 4 2
2431.640000 214169.920000 255281.930000 2 2
2318.390000 212161.880000 255281.930000 4 2
2284.500000 211522.120000 255281.930000 4 2
2131.990000 208392.260000 255281.930000 4 2
2129.900000 208346.100000 255281.930000 2 2
2061.380000 206786.290000 255281.930000 4 2
2059.020000 206730.760000 255281.930000 2 2
1947.810000 203942.290000 255281.930000 2 2
15014.790000 248515.300000 255173.580000 4 4
14816.980000 248426.410000 255173.580000 2 4
14308.510000 248186.640000 255173.580000 6 4
13956.130000 248010.230000 255173.580000 4 4
11503.980000 246483.320000 255173.580000 4 4
11467.450000 246455.630000 255173.580000 6 4
11291.880000 246320.090000 255173.580000 2 4
11255.950000 246291.820000 255173.580000 4 4
10784.120000 245903.220000 255173.580000 6 4
10684.400000 245816.700000 255173.580000 4 4
10629.490000 245768.370000 255173.580000 2 4
9862.840000 245037.290000 255173.580000 2 4
4414.460000 232527.090000 255173.580000 4 4
4405.380000 232480.440000 255173.580000 2 4
3966.320000 229968.440000 255173.580000 4 4
3962.960000 229947.070000 255173.580000 6 4
3779.680000 228723.840000 255173.580000 6 4
2441.630000 214229.670000 255173.580000 4 4
2438.070000 214169.920000 255173.580000 2 4
2324.240000 212161.880000 255173.580000 4 4
2300.210000 211712.730000 255173.580000 6 4
2290.170000 211522.120000 255173.580000 4 4
2141.140000 208484.200000 255173.580000 6 4
2136.930000 208392.260000 255173.580000 4 4
2134.820000 208346.100000 255173.580000 2 4
2069.920000 206877.860000 255173.580000 6 4
2066.000000 206786.290000 255173.580000 4 4
2063.630000 206730.760000 255173.580000 2 4
1951.930000 203942.290000 255173.580000 2 4
15038.510000 248515.300000 255163.080000 4 2
14840.070000 248426.410000 255163.080000 2 2
13976.620000 248010.230000 255163.080000 4 2
11517.900000 246483.320000 255163.080000 4 2
11305.290000 246320.090000 255163.080000 2 2
11269.270000 246291.820000 255163.080000 4 2
10696.400000 245816.700000 255163.080000 4 2
10641.370000 245768.370000 255163.080000 2 2
9873.070000 245037.290000 255163.080000 2 2
4416.500000 232527.090000 255163.080000 4 2
4407.420000 232480.440000 255163.080000 2 2
3967.980000 229968.440000 255163.080000 4 2
2442.250000 214229.670000 255163.080000 4 2
2438.690000 214169.920000 255163.080000 2 2
2324.800000 212161.880000 255163.080000 4 2
2290.720000 211522.120000 255163.080000 4 2
2137.410000 208392.260000 255163.080000 4 2
2135.300000 208346.100000 255163.080000 2 2
2066.450000 206786.290000 255163.080000 4 2
2064.080000 206730.760000 255163.080000 2 2
1952.330000 203942.290000 255163.080000 2 2
15085.410000 248515.300000 255142.410000 4 4
14885.750000 248426.410000 255142.410000 2 4
14372.620000 248186.640000 255142.410000 6 4
14017.130000 248010.230000 255142.410000 4 4
11545.390000 246483.320000 255142.410000 4 4
11508.590000 246455.630000 255142.410000 6 4
11331.780000 246320.090000 255142.410000 2 4
11295.590000 246291.820000 255142.410000 4 4
10820.500000 245903.220000 255142.410000 6 4
10720.110000 245816.700000 255142.410000 4 4
10664.840000 245768.370000 255142.410000 2 4
9893.260000 245037.290000 255142.410000 2 4
4420.540000 232527.090000 255142.410000 4 4
4411.440000 232480.440000 255142.410000 2 4
3971.230000 229968.440000 255142.410000 4 4
3967.870000 229947.070000 255142.410000 6 4
3784.140000 228723.840000 255142.410000 6 4
2443.490000 214229.670000 255142.410000 4 4
2439.920000 214169.920000 255142.410000 2 4
2325.920000 212161.880000 255142.410000 4 4
2301.860000 211712.730000 255142.410000 6 4
2291.800000 211522.120000 255142.410000 4 4
2142.570000 208484.200000 255142.410000 6 4
2138.360000 208392.260000 255142.410000 4 4
2136.250000 208346.100000 255142.410000 2 4
2071.250000 206877.860000 255142.410000 6 4
2067.330000 206786.290000 255142.410000 4 4
2064.960000 206730.760000 255142.410000 2 4
1953.120000 203942.290000 255142.410000 2 4
15171.030000 248515.300000 255105.010000 4 6
14450.320000 248186.640000 255105.010000 6 6
14091.020000 248010.230000 255105.010000 4 6
11595.480000 246483.320000 255105.010000 4 6
11558.360000 246455.630000 255105.010000 6 6
11343.530000 246291.820000 255105.010000 4 6
11015.400000 246029.300000 255105.010000 8 6
10864.480000 245903.220000 255105.010000 6 6
10763.270000 245816.700000 255105.010000 4 6
4427.860000 232527.090000 255105.010000 4 6
3977.140000 229968.440000 255105.010000 4 6
3973.760000 229947.070000 255105.010000 6 6
3792.900000 228747.450000 255105.010000 8 6
3789.510000 228723.840000 255105.010000 6 6
2445.720000 214229.670000 255105.010000 4 6
2327.950000 212161.880000 255105.010000 4 6
2303.850000 211712.730000 255105.010000 6 6
2293.770000 211522.120000 255105.010000 4 6
2144.290000 208484.200000 255105.010000 6 6
2140.070000 208392.260000 255105.010000 4 6
2078.230000 207002.480000 255105.010000 8 6
2072.860000 206877.860000 255105.010000 6 6
2068.930000 206786.290000 255105.010000 4 6
14630.670000 248186.640000 255019.730000 6 8
11673.450000 246455.630000 255019.730000 6 8
11119.890000 246029.300000 255019.730000 8 8
10966.110000 245903.220000 255019.730000 6 8
3987.280000 229947.070000 255019.730000 6 8
3805.210000 228747.450000 255019.730000 8 8
3801.800000 228723.840000 255019.730000 6 8
2308.390000 211712.730000 255019.730000 6 8
2148.220000 208484.200000 255019.730000 6 8
2081.920000 207002.480000 255019.730000 8 8
2076.530000 206877.860000 255019.730000 6 8
6911.710000 240517.350000 254981.550000 4 4
6823.340000 240330.010000 254981.550000 2 4
6214.250000 238893.960000 254981.550000 6 4
6152.560000 238732.650000 254981.550000 4 4
6112.990000 238627.460000 254981.550000 2 4
4101.890000 230609.450000 254981.550000 2 4
2367.860000 212762.250000 254981.550000 2 4
2358.450000 212593.820000 254981.550000 4 4
2082.290000 206972.720000 254981.550000 4 4
2082.240000 206971.680000 254981.550000 6 4
1687.160000 195710.470000 254981.550000 2 4
1517.150000 189068.510000 254981.550000 4 4
1513.020000 188888.540000 254981.550000 2 4
1439.210000 185499.120000 254981.550000 6 4
1435.940000 185340.580000 254981.550000 4 4
1433.770000 185235.280000 254981.550000 2 4
1123.780000 165996.500000 254981.550000 4 4
1123.680000 165988.460000 254981.550000 6 4
15666.950000 248515.300000 254896.420000 4 6
14899.550000 248186.640000 254896.420000 6 6
14517.850000 248010.230000 254896.420000 4 6
11882.970000 246483.320000 254896.420000 4 6
11843.990000 246455.630000 254896.420000 6 6
11618.510000 246291.820000 254896.420000 4 6
11274.530000 246029.300000 254896.420000 8 6
11116.470000 245903.220000 254896.420000 6 6
11010.540000 245816.700000 254896.420000 4 6
4469.150000 232527.090000 254896.420000 4 6
4010.420000 229968.440000 254896.420000 4 6
4006.990000 229947.070000 254896.420000 6 6
3823.160000 228747.450000 254896.420000 8 6
3819.710000 228723.840000 254896.420000 6 6
2458.270000 214229.670000 254896.420000 4 6
2339.310000 212161.880000 254896.420000 4 6
2314.980000 211712.730000 254896.420000 6 6
2304.800000 211522.120000 254896.420000 4 6
2153.930000 208484.200000 254896.420000 6 6
2149.670000 208392.260000 254896.420000 4 6
2087.280000 207002.480000 254896.420000 8 6
2081.870000 206877.860000 254896.420000 6 6
2077.900000 206786.290000 254896.420000 4 6
15703.990000 248515.300000 254881.370000 4 4
15487.730000 248426.410000 254881.370000 2 4
14933.040000 248186.640000 254881.370000 6 4
14549.650000 248010.230000 254881.370000 4 4
11904.260000 246483.320000 254881.370000 4 4
11865.140000 246455.630000 254881.370000 6 4
11677.290000 246320.090000 254881.370000 2 4
11638.870000 246291.820000 254881.370000 4 4
11135.110000 245903.220000 254881.370000 6 4
11028.820000 245816.700000 254881.370000 4 4
10970.330000 245768.370000 254881.370000 2 4
10155.610000 245037.290000 254881.370000 2 4
4472.160000 232527.090000 254881.370000 4 4
4462.850000 232480.440000 254881.370000 2 4
4012.850000 229968.440000 254881.370000 4 4
4009.410000 229947.070000 254881.370000 6 4
3821.910000 228723.840000 254881.370000 6 4
2459.180000 214229.670000 254881.370000 4 4
2455.570000 214169.920000 254881.370000 2 4
2340.130000 212161.880000 254881.370000 4 4
2315.780000 211712.730000 254881.370000 6 4
2305.600000 211522.120000 254881.370000 4 4
2154.630000 208484.200000 254881.370000 6 4
2150.360000 208392.260000 254881.370000 4 4
2148.230000 208346.100000 254881.370000 2 4
2082.520000 206877.860000 254881.370000 6 4
2078.550000 206786.290000 254881.370000 4 4
2076.150000 206730.760000 254881.370000 2 4
1963.130000 203942.290000 254881.370000 2 4
15790.030000 248515.300000 254846.680000 4 2
15571.410000 248426.410000 254846.680000 2 2
14623.480000 248010.230000 254846.680000 4 2
11953.640000 246483.320000 254846.680000 4 2
11724.800000 246320.090000 254846.680000 2 2
11686.070000 246291.820000 254846.680000 4 2
11071.190000 245816.700000 254846.680000 4 2
11012.250000 245768.370000 254846.680000 2 2
10191.520000 245037.290000 254846.680000 2 2
4479.110000 232527.090000 254846.680000 4 2
4469.770000 232480.440000 254846.680000 2 2
4018.440000 229968.440000 254846.680000 4 2
2461.280000 214229.670000 254846.680000 4 2
2457.660000 214169.920000 254846.680000 2 2
2342.040000 212161.880000 254846.680000 4 2
2307.450000 211522.120000 254846.680000 4 2
2151.970000 208392.260000 254846.680000 4 2
2149.830000 208346.100000 254846.680000 2 2
2080.050000 206786.290000 254846.680000 4 2
2077.650000 206730.760000 254846.680000 2 2
1964.470000 203942.290000 254846.680000 2 2
11678.080000 246029.300000 254590.000000 8 10
3868.490000 228747.450000 254590.000000 8 10
2100.720000 207002.480000 254590.000000 8 10
15884.920000 248186.640000 254480.200000 6 8
12458.320000 246455.630000 254480.200000 6 8
11829.810000 246029.300000 254480.200000 8 8
11655.930000 245903.220000 254480.200000 6 8
4074.970000 229947.070000 254480.200000 6 8
3885.000000 228747.450000 254480.200000 8 8
3881.440000 228723.840000 254480.200000 6 8
2337.510000 211712.730000 254480.200000 6 8
2173.420000 208484.200000 254480.200000 6 8
2105.580000 207002.480000 254480.200000 8 8
2100.070000 206877.860000 254480.200000 6 8
17022.080000 248515.300000 254388.420000 4 6
16120.000000 248186.640000 254388.420000 6 6
15674.150000 248010.230000 254388.420000 4 6
12646.600000 246483.320000 254388.420000 4 6
12602.460000 246455.630000 254388.420000 6 6
12347.490000 246291.820000 254388.420000 4 6
11959.700000 246029.300000 254388.420000 8 6
11782.010000 245903.220000 254388.420000 6 6
11663.080000 245816.700000 254388.420000 4 6
4573.010000 232527.090000 254388.420000 4 6
4093.850000 229968.440000 254388.420000 4 6
4090.270000 229947.070000 254388.420000 6 6
3898.900000 228747.450000 254388.420000 8 6
3895.320000 228723.840000 254388.420000 6 6
2489.370000 214229.670000 254388.420000 4 6
2367.460000 212161.880000 254388.420000 4 6
2342.540000 211712.730000 254388.420000 6 6
2332.120000 211522.120000 254388.420000 4 6
2177.770000 208484.200000 254388.420000 6 6
2173.410000 208392.260000 254388.420000 4 6
2109.660000 207002.480000 254388.420000 8 6
2104.130000 206877.860000 254388.420000 6 6
2100.080000 206786.290000 254388.420000 4 6
17170.620000 248515.300000 254337.610000 4 4
16912.420000 248426.410000 254337.610000 2 4
16253.160000 248186.640000 254337.610000 6 4
15800.010000 248010.230000 254337.610000 4 4
12728.410000 246483.320000 254337.610000 4 4
12683.700000 246455.630000 254337.610000 6 4
12469.270000 246320.090000 254337.610000 2 4
12425.460000 246291.820000 254337.610000 4 4
11852.980000 245903.220000 254337.610000 6 4
11732.620000 245816.700000 254337.610000 4 4
11666.450000 245768.370000 254337.610000 2 4
10749.370000 245037.290000 254337.610000 2 4
4583.660000 232527.090000 254337.610000 4 4
4573.880000 232480.440000 254337.610000 2 4
4102.390000 229968.440000 254337.610000 4 4
4098.790000 229947.070000 254337.610000 6 4
3903.040000 228723.840000 254337.610000 6 4
2492.520000 214229.670000 254337.610000 4 4
2488.810000 214169.920000 254337.610000 2 4
2370.310000 212161.880000 254337.610000 4 4
2345.330000 211712.730000 254337.610000 6 4
2334.890000 211522.120000 254337.610000 4 4
2180.180000 208484.200000 254337.610000 6 4
2175.820000 208392.260000 254337.610000 4 4
2173.630000 208346.100000 254337.610000 2 4
2106.380000 206877.860000 254337.610000 6 4
2102.320000 206786.290000 254337.610000 4 4
2099.870000 206730.760000 254337.610000 2 4
1984.310000 203942.290000 254337.610000 2 4
18944.630000 248515.300000 253792.400000 4 4
18630.800000 248426.410000 253792.400000 2 4
17833.920000 248186.640000 253792.400000 6 4
17289.820000 248010.230000 253792.400000 4 4
13677.870000 246483.320000 253792.400000 4 4
13626.250000 246455.630000 253792.400000 6 4
13379.080000 246320.090000 253792.400000 2 4
13328.660000 246291.820000 253792.400000 4 4
12672.130000 245903.220000 253792.400000 6 4
12534.650000 245816.700000 253792.400000 4 4
12459.160000 245768.370000 253792.400000 2 4
11418.770000 245037.290000 253792.400000 2 4
4701.180000 232527.090000 253792.400000 4 4
4690.890000 232480.440000 253792.400000 2 4
4196.270000 229968.440000 253792.400000 4 4
4192.510000 229947.070000 253792.400000 6 4
3987.930000 228723.840000 253792.400000 6 4
2526.870000 214229.670000 253792.400000 4 4
2523.060000 214169.920000 253792.400000 2 4
2401.350000 212161.880000 253792.400000 4 4
2375.720000 211712.730000 253792.400000 6 4
2365.010000 211522.120000 253792.400000 4 4
2206.420000 208484.200000 253792.400000 6 4
2201.950000 208392.260000 253792.400000 4 4
2199.710000 208346.100000 253792.400000 2 4
2130.860000 206877.860000 253792.400000 6 4
2126.710000 206786.290000 253792.400000 4 4
2124.200000 206730.760000 253792.400000 2 4
2005.360000 203942.290000 253792.400000 2 4
18953.280000 248515.300000 253789.990000 4 2
18639.170000 248426.410000 253789.990000 2 2
17297.030000 248010.230000 253789.990000 4 2
13682.380000 246483.320000 253789.990000 4 2
13383.390000 246320.090000 253789.990000 2 2
13332.940000 246291.820000 253789.990000 4 2
12538.440000 245816.700000 253789.990000 4 2
12462.900000 245768.370000 253789.990000 2 2
11421.920000 245037.290000 253789.990000 2 2
4701.710000 232527.090000 253789.990000 4 2
4691.420000 232480.440000 253789.990000 2 2
4196.700000 229968.440000 253789.990000 4 2
2527.030000 214229.670000 253789.990000 4 2
2523.210000 214169.920000 253789.990000 2 2
2401.490000 212161.880000 253789.990000 4 2
2365.140000 211522.120000 253789.990000 4 2
2202.070000 208392.260000 253789.990000 4 2
2199.830000 208346.100000 253789.990000 2 2
2126.820000 206786.290000 253789.990000 4 2
2124.310000 206730.760000 253789.990000 2 2
2005.460000 203942.290000 253789.990000 2 2
19841.400000 248010.230000 253048.820000 4 6
15226.960000 246483.320000 253048.820000 4 6
15163.020000 246455.630000 253048.820000 6 6
14795.430000 246291.820000 253048.820000 4 6
14242.080000 246029.300000 253048.820000 8 6
13990.810000 245903.220000 253048.820000 6 6
13823.420000 245816.700000 253048.820000 4 6
4871.520000 232527.090000 253048.820000 4 6
4331.470000 229968.440000 253048.820000 4 6
4327.460000 229947.070000 253048.820000 6 6
4113.830000 228747.450000 253048.820000 8 6
4109.840000 228723.840000 253048.820000 6 6
2575.280000 214229.670000 253048.820000 4 6
2445.030000 212161.880000 253048.820000 4 6
2418.460000 211712.730000 253048.820000 6 6
2407.360000 211522.120000 253048.820000 4 6
2243.240000 208484.200000 253048.820000 6 6
2238.620000 208392.260000 253048.820000 4 6
2171.040000 207002.480000 253048.820000 8 6
2165.180000 206877.860000 253048.820000 6 6
2160.900000 206786.290000 253048.820000 4 6
19849.600000 248010.230000 253046.740000 4 4
15231.790000 246483.320000 253046.740000 4 4
15167.800000 246455.630000 253046.740000 6 4
14862.170000 246320.090000 253046.740000 2 4
14799.980000 246291.820000 253046.740000 4 4
13994.880000 245903.220000 253046.740000 6 4
13827.400000 245816.700000 253046.740000 4 4
13735.580000 245768.370000 253046.740000 2 4
12481.840000 245037.290000 253046.740000 2 4
4872.020000 232527.090000 253046.740000 4 4
4860.970000 232480.440000 253046.740000 2 4
4331.860000 229968.440000 253046.740000 4 4
4327.850000 229947.070000 253046.740000 6 4
4110.190000 228723.840000 253046.740000 6 4
2575.410000 214229.670000 253046.740000 4 4
2571.460000 214169.920000 253046.740000 2 4
2445.150000 212161.880000 253046.740000 4 4
2418.580000 211712.730000 253046.740000 6 4
2407.480000 211522.120000 253046.740000 4 4
2243.340000 208484.200000 253046.740000 6 4
2238.720000 208392.260000 253046.740000 4 4
2236.410000 208346.100000 253046.740000 2 4
2165.280000 206877.860000 253046.740000 6 4
2160.990000 206786.290000 253046.740000 4 4
2158.400000 206730.760000 253046.740000 2 4
2035.820000 203942.290000 253046.740000 2 4
8013.160000 240517.350000 252993.390000 4 4
7894.610000 240330.010000 252993.390000 2 4
7090.530000 238893.960000 252993.390000 6 4
7010.330000 238732.650000 252993.390000 4 4
6958.990000 238627.460000 252993.390000 2 4
5392.610000 234454.630000 252993.390000 6 4
5377.570000 234402.800000 252993.390000 4 4
5140.270000 233544.590000 252993.390000 2 4
5110.300000 233430.530000 252993.390000 4 4
4949.830000 232796.300000 252993.390000 6 4
4937.910000 232747.560000 252993.390000 6 4
4937.530000 232745.980000 252993.390000 4 4
4929.170000 232711.640000 252993.390000 2 4
4902.780000 232602.490000 252993.390000 2 4
4886.830000 232535.950000 252993.390000 4 4
4869.400000 232462.720000 252993.390000 6 4
4619.070000 231350.090000 252993.390000 6 4
4607.590000 231296.130000 252993.390000 4 4
4466.240000 230609.450000 252993.390000 2 4
2484.890000 212762.250000 252993.390000 2 4
2474.530000 212593.820000 252993.390000 4 4
2172.260000 206972.720000 252993.390000 4 4
2172.210000 206971.680000 252993.390000 6 4
1745.720000 195710.470000 252993.390000 2 4
1564.340000 189068.510000 252993.390000 4 4
1559.940000 188888.540000 252993.390000 2 4
1481.610000 185499.120000 252993.390000 6 4
1478.140000 185340.580000 252993.390000 4 4
1475.840000 185235.280000 252993.390000 2 4
1149.470000 165996.500000 252993.390000 4 4
1149.360000 165988.460000 252993.390000 6 4
8017.120000 240517.350000 252987.230000 4 2
7898.460000 240330.010000 252987.230000 2 2
7013.350000 238732.650000 252987.230000 4 2
6961.980000 238627.460000 252987.230000 2 2
5379.350000 234402.800000 252987.230000 4 2
5141.900000 233544.590000 252987.230000 2 2
5111.910000 233430.530000 252987.230000 4 2
4939.030000 232745.980000 252987.230000 4 2
4930.660000 232711.640000 252987.230000 2 2
4904.260000 232602.490000 252987.230000 2 2
4888.300000 232535.950000 252987.230000 4 2
4608.890000 231296.130000 252987.230000 4 2
4467.460000 230609.450000 252987.230000 2 2
2485.270000 212762.250000 252987.230000 2 2
2474.900000 212593.820000 252987.230000 4 2
2172.550000 206972.720000 252987.230000 4 2
1745.910000 195710.470000 252987.230000 2 2
1564.490000 189068.510000 252987.230000 4 2
1560.090000 188888.540000 252987.230000 2 2
1478.270000 185340.580000 252987.230000 4 2
1475.970000 185235.280000 252987.230000 2 2
1149.550000 165996.500000 252987.230000 4 2
16245.600000 246455.630000 252609.460000 6 8
15193.030000 246029.300000 252609.460000 8 8
14907.420000 245903.220000 252609.460000 6 8
4411.360000 229947.070000 252609.460000 6 8
4189.580000 228747.450000 252609.460000 8 8
4185.440000 228723.840000 252609.460000 6 8
2444.440000 211712.730000 252609.460000 6 8
2265.570000 208484.200000 252609.460000 6 8
2191.960000 207002.480000 252609.460000 8 8
2185.990000 206877.860000 252609.460000 6 8
15195.760000 246029.300000 252608.280000 8 10
4189.790000 228747.450000 252608.280000 8 10
2192.020000 207002.480000 252608.280000 8 10
19242.190000 246029.300000 251224.790000 8 6
18786.330000 245903.220000 251224.790000 6 6
18485.770000 245816.700000 251224.790000 4 6
5346.760000 232527.090000 251224.790000 4 6
4703.160000 229968.440000 251224.790000 4 6
4698.440000 229947.070000 251224.790000 6 6
4447.680000 228747.450000 251224.790000 8 6
4443.010000 228723.840000 251224.790000 6 6
2702.260000 214229.670000 251224.790000 4 6
2559.210000 212161.880000 251224.790000 4 6
2530.110000 211712.730000 251224.790000 6 6
2517.960000 211522.120000 251224.790000 4 6
2338.980000 208484.200000 251224.790000 6 6
2333.960000 208392.260000 251224.790000 4 6
2260.600000 207002.480000 251224.790000 8 6
2254.250000 206877.860000 251224.790000 6 6
2249.600000 206786.290000 251224.790000 4 6
19251.820000 246029.300000 251222.190000 8 8
18795.510000 245903.220000 251222.190000 6 8
4699.010000 229947.070000 251222.190000 6 8
4448.190000 228747.450000 251222.190000 8 8
4443.520000 228723.840000 251222.190000 6 8
2530.280000 211712.730000 251222.190000 6 8
2339.120000 208484.200000 251222.190000 6 8
2260.740000 207002.480000 251222.190000 8 8
2254.380000 206877.860000 251222.190000 6 8
12499.780000 240517.350000 248515.300000 4 4
12213.700000 240330.010000 248515.300000 2 4
10390.710000 238893.960000 248515.300000 6 4
10219.380000 238732.650000 248515.300000 4 4
10110.660000 238627.460000 248515.300000 2 4
7110.080000 234454.630000 248515.300000 6 4
7083.960000 234402.800000 248515.300000 4 4
6677.870000 233544.590000 248515.300000 2 4
6627.370000 233430.530000 248515.300000 4 4
6359.970000 232796.300000 248515.300000 6 4
6340.310000 232747.560000 248515.300000 6 4
6339.670000 232745.980000 248515.300000 4 4
6325.900000 232711.640000 248515.300000 2 4
6282.510000 232602.490000 248515.300000 2 4
6256.350000 232535.950000 248515.300000 4 4
6227.810000 232462.720000 248515.300000 6 4
5824.120000 231350.090000 248515.300000 6 4
5805.870000 231296.130000 248515.300000 4 4
5583.220000 230609.450000 248515.300000 2 4
2796.140000 212762.250000 248515.300000 2 4
2783.030000 212593.820000 248515.300000 4 4
2406.440000 206972.720000 248515.300000 4 4
2406.380000 206971.680000 248515.300000 6 4
1893.770000 195710.470000 248515.300000 2 4
1682.180000 189068.510000 248515.300000 4 4
1677.100000 188888.540000 248515.300000 2 4
1586.890000 185499.120000 248515.300000 6 4
1582.910000 185340.580000 248515.300000 4 4
1580.280000 185235.280000 248515.300000 2 4
1211.850000 165996.500000 248515.300000 4 4
1211.730000 165988.460000 248515.300000 6 4
12640.270000 240517.350000 248426.410000 4 2
12347.790000 240330.010000 248426.410000 2 2
10313.090000 238732.650000 248426.410000 4 2
10202.380000 238627.460000 248426.410000 2 2
7128.860000 234402.800000 248426.410000 4 2
6717.750000 233544.590000 248426.410000 2 2
6666.660000 233430.530000 248426.410000 4 2
6375.610000 232745.980000 248426.410000 4 2
6361.680000 232711.640000 248426.410000 2 2
6317.800000 232602.490000 248426.410000 2 2
6291.340000 232535.950000 248426.410000 4 2
5836.000000 231296.130000 248426.410000 4 2
5611.070000 230609.450000 248426.410000 2 2
2803.110000 212762.250000 248426.410000 2 2
2789.930000 212593.820000 248426.410000 4 2
2411.600000 206972.720000 248426.410000 4 2
1896.960000 195710.470000 248426.410000 2 2
1684.700000 189068.510000 248426.410000 4 2
1679.600000 188888.540000 248426.410000 2 2
1585.140000 185340.580000 248426.410000 4 2
1582.500000 185235.280000 248426.410000 2 2
1213.150000 165996.500000 248426.410000 4 2
13035.450000 240517.350000 248186.640000 4 6
10758.210000 238893.960000 248186.640000 6 6
10574.650000 238732.650000 248186.640000 4 6
7280.250000 234454.630000 248186.640000 6 6
7252.870000 234402.800000 248186.640000 4 6
6774.980000 233430.530000 248186.640000 4 6
6565.280000 232959.210000 248186.640000 8 6
6495.790000 232796.300000 248186.640000 6 6
6477.910000 232753.820000 248186.640000 8 6
6475.280000 232747.560000 248186.640000 6 6
6474.620000 232745.980000 248186.640000 4 6
6387.730000 232535.950000 248186.640000 4 6
6357.980000 232462.720000 248186.640000 6 6
5965.410000 231427.970000 248186.640000 8 6
5937.810000 231350.090000 248186.640000 6 6
5918.840000 231296.130000 248186.640000 4 6
2808.730000 212593.820000 248186.640000 4 6
2425.630000 206972.720000 248186.640000 4 6
2425.570000 206971.680000 248186.640000 6 6
1691.530000 189068.510000 248186.640000 4 6
1595.210000 185499.120000 248186.640000 6 6
1591.190000 185340.580000 248186.640000 4 6
1216.690000 165996.500000 248186.640000 4 6
1216.570000 165988.460000 248186.640000 6 6
13342.350000 240517.350000 248010.230000 4 4
13016.900000 240330.010000 248010.230000 2 4
10966.390000 238893.960000 248010.230000 6 4
10775.720000 238732.650000 248010.230000 4 4
10654.910000 238627.460000 248010.230000 2 4
7375.000000 234454.630000 248010.230000 6 4
7346.900000 234402.800000 248010.230000 4 4
6911.030000 233544.590000 248010.230000 2 4
6856.960000 233430.530000 248010.230000 4 4
6571.110000 232796.300000 248010.230000 6 4
6550.120000 232747.560000 248010.230000 6 4
6549.450000 232745.980000 248010.230000 4 4
6534.750000 232711.640000 248010.230000 2 4
6488.450000 232602.490000 248010.230000 2 4
6460.550000 232535.950000 248010.230000 4 4
6430.120000 232462.720000 248010.230000 6 4
6000.690000 231350.090000 248010.230000 6 4
5981.310000 231296.130000 248010.230000 4 4
5745.280000 230609.450000 248010.230000 2 4
2836.210000 212762.250000 248010.230000 2 4
2822.720000 212593.820000 248010.230000 4 4
2436.060000 206972.720000 248010.230000 4 4
2435.990000 206971.680000 248010.230000 6 4
1912.050000 195710.470000 248010.230000 2 4
1696.590000 189068.510000 248010.230000 4 4
1691.430000 188888.540000 248010.230000 2 4
1599.720000 185499.120000 248010.230000 6 4
1595.670000 185340.580000 248010.230000 4 4
1592.990000 185235.280000 248010.230000 2 4
1219.310000 165996.500000 248010.230000 4 4
1219.190000 165988.460000 248010.230000 6 4
16757.160000 240517.350000 246483.320000 4 4
16246.980000 240330.010000 246483.320000 2 4
13172.740000 238893.960000 246483.320000 6 4
12898.590000 238732.650000 246483.320000 4 4
12725.870000 238627.460000 246483.320000 2 4
8311.180000 234454.630000 246483.320000 6 4
8275.510000 234402.800000 246483.320000 4 4
7726.610000 233544.590000 246483.320000 2 4
7659.090000 233430.530000 246483.320000 4 4
7304.180000 232796.300000 246483.320000 6 4
7278.260000 232747.560000 246483.320000 6 4
7277.430000 232745.980000 246483.320000 4 4
7259.280000 232711.640000 246483.320000 2 4
7202.200000 232602.490000 246483.320000 2 4
7167.840000 232535.950000 246483.320000 4 4
7130.400000 232462.720000 246483.320000 6 4
6606.150000 231350.090000 246483.320000 6 4
6582.680000 231296.130000 246483.320000 4 4
6297.920000 230609.450000 246483.320000 2 4
2964.640000 212762.250000 246483.320000 2 4
2949.900000 212593.820000 246483.320000 4 4
2530.210000 206972.720000 246483.320000 4 4
2530.140000 206971.680000 246483.320000 6 4
1969.560000 195710.470000 246483.320000 2 4
1741.710000 189068.510000 246483.320000 4 4
1736.270000 188888.540000 246483.320000 2 4
1639.770000 185499.120000 246483.320000 6 4
1635.520000 185340.580000 246483.320000 4 4
1632.710000 185235.280000 246483.320000 2 4
1242.440000 165996.500000 246483.320000 4 4
1242.320000 165988.460000 246483.320000 6 4
16835.300000 240517.350000 246455.630000 4 6
13220.980000 238893.960000 246455.630000 6 6
12944.830000 238732.650000 246455.630000 4 6
8330.350000 234454.630000 246455.630000 6 6
8294.530000 234402.800000 246455.630000 4 6
7675.370000 233430.530000 246455.630000 4 6
7407.330000 232959.210000 246455.630000 8 6
7318.990000 232796.300000 246455.630000 6 6
7296.290000 232753.820000 246455.630000 8 6
7292.960000 232747.560000 246455.630000 6 6
7292.120000 232745.980000 246455.630000 4 6
7182.090000 232535.950000 246455.630000 4 6
7144.510000 232462.720000 246455.630000 6 6
6652.560000 231427.970000 246455.630000 8 6
6618.260000 231350.090000 246455.630000 6 6
6594.700000 231296.130000 246455.630000 4 6
2952.320000 212593.820000 246455.630000 4 6
2531.980000 206972.720000 246455.630000 4 6
2531.910000 206971.680000 246455.630000 6 6
1742.550000 189068.510000 246455.630000 4 6
1640.510000 185499.120000 246455.630000 6 6
1636.260000 185340.580000 246455.630000 4 6
1242.870000 165996.500000 246455.630000 4 6
1242.740000 165988.460000 246455.630000 6 6
17228.540000 240517.350000 246320.090000 4 2
16689.720000 240330.010000 246320.090000 2 2
13176.080000 238732.650000 246320.090000 4 2
12995.910000 238627.460000 246320.090000 2 2
8388.860000 234402.800000 246320.090000 4 2
7825.330000 233544.590000 246320.090000 2 2
7756.080000 233430.530000 246320.090000 4 2
7364.940000 232745.980000 246320.090000 4 2
7346.350000 232711.640000 246320.090000 2 2
7287.900000 232602.490000 246320.090000 2 2
7252.720000 232535.950000 246320.090000 4 2
6654.200000 231296.130000 246320.090000 4 2
6363.360000 230609.450000 246320.090000 2 2
2979.060000 212762.250000 246320.090000 2 2
2964.180000 212593.820000 246320.090000 4 2
2540.700000 206972.720000 246320.090000 4 2
1975.910000 195710.470000 246320.090000 2 2
1746.680000 189068.510000 246320.090000 4 2
1741.200000 188888.540000 246320.090000 2 2
1639.900000 185340.580000 246320.090000 4 2
1637.070000 185235.280000 246320.090000 2 2
1244.960000 165996.500000 246320.090000 4 2
17312.870000 240517.350000 246291.820000 4 4
16768.840000 240330.010000 246291.820000 2 4
13513.720000 238893.960000 246291.820000 6 4
13225.340000 238732.650000 246291.820000 4 4
13043.830000 238627.460000 246291.820000 2 4
8445.630000 234454.630000 246291.820000 6 4
8408.810000 234402.800000 246291.820000 4 4
7842.680000 233544.590000 246291.820000 2 4
7773.130000 233430.530000 246291.820000 4 4
7407.820000 232796.300000 246291.820000 6 4
7381.170000 232747.560000 246291.820000 6 4
7380.310000 232745.980000 246291.820000 4 4
7361.640000 232711.640000 246291.820000 2 4
7302.950000 232602.490000 246291.820000 2 4
7267.620000 232535.950000 246291.820000 4 4
7229.140000 232462.720000 246291.820000 6 4
6690.820000 231350.090000 246291.820000 6 4
6666.740000 231296.130000 246291.820000 4 4
6374.820000 230609.450000 246291.820000 2 4
2981.570000 212762.250000 246291.820000 2 4
2966.670000 212593.820000 246291.820000 4 4
2542.530000 206972.720000 246291.820000 4 4
2542.460000 206971.680000 246291.820000 6 4
1977.010000 195710.470000 246291.820000 2 4
1747.540000 189068.510000 246291.820000 4 4
1742.060000 188888.540000 246291.820000 2 4
1644.930000 185499.120000 246291.820000 6 4
1640.660000 185340.580000 246291.820000 4 4
1637.830000 185235.280000 246291.820000 2 4
1245.400000 165996.500000 246291.820000 4 4
1245.280000 165988.460000 246291.820000 6 4
14010.930000 238893.960000 246029.300000 6 8
8637.190000 234454.630000 246029.300000 6 8
7648.950000 232959.210000 246029.300000 8 8
7554.790000 232796.300000 246029.300000 6 8
7530.610000 232753.820000 246029.300000 8 8
7527.070000 232747.560000 246029.300000 6 8
7369.030000 232462.720000 246029.300000 6 8
6895.100000 231530.250000 246029.300000 10 8
6846.800000 231427.970000 246029.300000 8 8
6810.480000 231350.090000 246029.300000 6 8
2559.550000 206971.680000 246029.300000 6 8
1652.070000 185499.120000 246029.300000 6 8
1249.360000 165988.460000 246029.300000 6 8
18562.020000 240517.350000 245903.220000 4 6
14262.930000 238893.960000 245903.220000 6 6
13942.070000 238732.650000 245903.220000 4 6
8732.300000 234454.630000 245903.220000 6 6
8692.940000 234402.800000 245903.220000 4 6
8015.310000 233430.530000 245903.220000 4 6
7723.450000 232959.210000 245903.220000 8 6
7627.450000 232796.300000 245903.220000 6 6
7602.810000 232753.820000 245903.220000 8 6
7599.200000 232747.560000 245903.220000 6 6
7598.280000 232745.980000 245903.220000 4 6
7478.900000 232535.950000 245903.220000 4 6
7438.150000 232462.720000 245903.220000 6 6
6906.440000 231427.970000 245903.220000 8 6
6869.480000 231350.090000 245903.220000 6 6
6844.100000 231296.130000 245903.220000 4 6
3001.280000 212593.820000 245903.220000 4 6
2567.910000 206972.720000 245903.220000 4 6
2567.840000 206971.680000 245903.220000 6 6
1759.490000 189068.510000 245903.220000 4 6
1655.520000 185499.120000 245903.220000 6 6
1651.180000 185340.580000 245903.220000 4 6
1251.460000 165996.500000 245903.220000 4 6
1251.330000 165988.460000 245903.220000 6 6
18865.090000 240517.350000 245816.700000 4 4
18220.950000 240330.010000 245816.700000 2 4
14441.200000 238893.960000 245816.700000 6 4
14112.360000 238732.650000 245816.700000 4 4
13905.870000 238627.460000 245816.700000 2 4
8798.800000 234454.630000 245816.700000 6 4
8758.840000 234402.800000 245816.700000 4 4
8146.320000 233544.590000 245816.700000 2 4
8071.300000 233430.530000 245816.700000 4 4
7678.140000 232796.300000 245816.700000 6 4
7649.510000 232747.560000 245816.700000 6 4
7648.580000 232745.980000 245816.700000 4 4
7628.540000 232711.640000 245816.700000 2 4
7565.530000 232602.490000 245816.700000 2 4
7527.620000 232535.950000 245816.700000 4 4
7486.340000 232462.720000 245816.700000 6 4
6910.560000 231350.090000 245816.700000 6 4
6884.880000 231296.130000 245816.700000 4 4
6573.990000 230609.450000 245816.700000 2 4
3024.430000 212762.250000 245816.700000 2 4
3009.100000 212593.820000 245816.700000 4 4
2573.630000 206972.720000 245816.700000 4 4
2573.560000 206971.680000 245816.700000 6 4
1995.760000 195710.470000 245816.700000 2 4
1762.170000 189068.510000 245816.700000 4 4
1756.600000 188888.540000 245816.700000 2 4
1657.890000 185499.120000 245816.700000 6 4
1653.550000 185340.580000 245816.700000 4 4
1650.670000 185235.280000 245816.700000 2 4
1252.820000 165996.500000 245816.700000 4 4
1252.690000 165988.460000 245816.700000 6 4
19038.720000 240517.350000 245768.370000 4 2
18382.880000 240330.010000 245768.370000 2 2
14209.300000 238732.650000 245768.370000 4 2
13999.990000 238627.460000 245768.370000 2 2
8796.080000 234402.800000 245768.370000 4 2
8178.530000 233544.590000 245768.370000 2 2
8102.920000 233430.530000 245768.370000 4 2
7676.970000 232745.980000 245768.370000 4 2
7656.780000 232711.640000 245768.370000 2 2
7593.300000 232602.490000 245768.370000 2 2
7555.120000 232535.950000 245768.370000 4 2
6907.870000 231296.130000 245768.370000 4 2
6594.950000 230609.450000 245768.370000 2 2
3028.860000 212762.250000 245768.370000 2 2
3013.480000 212593.820000 245768.370000 4 2
2576.840000 206972.720000 245768.370000 4 2
1997.690000 195710.470000 245768.370000 2 2
1763.670000 189068.510000 245768.370000 4 2
1758.090000 188888.540000 245768.370000 2 2
1654.870000 185340.580000 245768.370000 4 2
1651.990000 185235.280000 245768.370000 2 2
1253.570000 165996.500000 245768.370000 4 2
15857.000000 238732.650000 245037.290000 4 2
15596.780000 238627.460000 245037.290000 2 2
9400.780000 234402.800000 245037.290000 4 2
8698.790000 233544.590000 245037.290000 2 2
8613.300000 233430.530000 245037.290000 4 2
8133.590000 232745.980000 245037.290000 4 2
8110.930000 232711.640000 245037.290000 2 2
8039.740000 232602.490000 245037.290000 2 2
7996.940000 232535.950000 245037.290000 4 2
7275.400000 231296.130000 245037.290000 4 2
6929.130000 230609.450000 245037.290000 2 2
3097.470000 212762.250000 245037.290000 2 2
3081.390000 212593.820000 245037.290000 4 2
2626.330000 206972.720000 245037.290000 4 2
2026.640000 195710.470000 245037.290000 2 2
1786.710000 189068.510000 245037.290000 4 2
1780.980000 188888.540000 245037.290000 2 2
1675.130000 185340.580000 245037.290000 4 2
1672.180000 185235.280000 245037.290000 2 2
1265.170000 165996.500000 245037.290000 4 2
17439.930000 238893.960000 244626.360000 6 6
16962.600000 238732.650000 244626.360000 4 6
3120.920000 212593.820000 244626.360000 4 6
2655.000000 206972.720000 244626.360000 4 6
2654.920000 206971.680000 244626.360000 6 6
1799.930000 189068.510000 244626.360000 4 6
1691.270000 185499.120000 244626.360000 6 6
1686.740000 185340.580000 244626.360000 4 6
1271.780000 165996.500000 244626.360000 4 6
1271.650000 165988.460000 244626.360000 6 6
12511.810000 232527.090000 240517.350000 4 4
12439.190000 232480.440000 240517.350000 2 4
9477.050000 229968.440000 240517.350000 4 4
9457.890000 229947.070000 240517.350000 6 4
8476.910000 228723.840000 240517.350000 6 4
3802.980000 214229.670000 240517.350000 4 4
3794.360000 214169.920000 240517.350000 2 4
3525.650000 212161.880000 240517.350000 4 4
3470.670000 211712.730000 240517.350000 6 4
3447.850000 211522.120000 240517.350000 4 4
3120.860000 208484.200000 240517.350000 6 4
3111.930000 208392.260000 240517.350000 4 4
3107.460000 208346.100000 240517.350000 2 4
2971.830000 206877.860000 240517.350000 6 4
2963.760000 206786.290000 240517.350000 4 4
2958.890000 206730.760000 240517.350000 2 4
2733.290000 203942.290000 240517.350000 2 4
12812.210000 232527.090000 240330.010000 4 2
12736.070000 232480.440000 240330.010000 2 2
9648.400000 229968.440000 240330.010000 4 2
3830.280000 214229.670000 240330.010000 4 2
3821.530000 214169.920000 240330.010000 2 2
3549.100000 212161.880000 240330.010000 4 2
3470.280000 211522.120000 240330.010000 4 2
3130.180000 208392.260000 240330.010000 4 2
3125.670000 208346.100000 240330.010000 2 2
2980.310000 206786.290000 240330.010000 4 2
2975.390000 206730.760000 240330.010000 2 2
2747.370000 203942.290000 240330.010000 2 2
15702.010000 232527.090000 238893.960000 4 6
11200.760000 229968.440000 238893.960000 4 6
11174.010000 229947.070000 238893.960000 6 6
9852.900000 228747.450000 238893.960000 8 6
9830.030000 228723.840000 238893.960000 6 6
4053.300000 214229.670000 238893.960000 4 6
3739.760000 212161.880000 238893.960000 4 6
3677.960000 211712.730000 238893.960000 6 6
3652.350000 211522.120000 238893.960000 4 6
3287.470000 208484.200000 238893.960000 6 6
3277.560000 208392.260000 238893.960000 4 6
3134.730000 207002.480000 238893.960000 8 6
3122.520000 206877.860000 238893.960000 6 6
3113.620000 206786.290000 238893.960000 4 6
16110.180000 232527.090000 238732.650000 4 4
15989.980000 232480.440000 238732.650000 2 4
11406.920000 229968.440000 238732.650000 4 4
11379.170000 229947.070000 238732.650000 6 4
9988.460000 228723.840000 238732.650000 6 4
4079.980000 214229.670000 238732.650000 4 4
4070.060000 214169.920000 238732.650000 2 4
3762.460000 212161.880000 238732.650000 4 4
3699.920000 211712.730000 238732.650000 6 4
3674.000000 211522.120000 238732.650000 4 4
3305.000000 208484.200000 238732.650000 6 4
3294.990000 208392.260000 238732.650000 4 4
3289.980000 208346.100000 238732.650000 2 4
3138.340000 206877.860000 238732.650000 6 4
3129.340000 206786.290000 238732.650000 4 4
3123.910000 206730.760000 238732.650000 2 4
2873.520000 203942.290000 238732.650000 2 4
16387.970000 232527.090000 238627.460000 4 2
16263.600000 232480.440000 238627.460000 2 2
11545.490000 229968.440000 238627.460000 4 2
4097.580000 214229.670000 238627.460000 4 2
4087.560000 214169.920000 238627.460000 2 2
3777.420000 212161.880000 238627.460000 4 2
3688.260000 211522.120000 238627.460000 4 2
3306.450000 208392.260000 238627.460000 4 2
3301.410000 208346.100000 238627.460000 2 2
3139.680000 206786.290000 238627.460000 4 2
3134.210000 206730.760000 238627.460000 2 2
2882.230000 203942.290000 238627.460000 2 2
17516.990000 228747.450000 234454.630000 8 6
17444.820000 228723.840000 234454.630000 6 6
4943.000000 214229.670000 234454.630000 4 6
4484.500000 212161.880000 234454.630000 4 6
4395.930000 211712.730000 234454.630000 6 6
4359.390000 211522.120000 234454.630000 4 6
3849.440000 208484.200000 234454.630000 6 6
3835.860000 208392.260000 234454.630000 4 6
3641.660000 207002.480000 234454.630000 8 6
3625.210000 206877.860000 234454.630000 6 6
3613.210000 206786.290000 234454.630000 4 6
17604.060000 228723.840000 234402.800000 6 4
4955.710000 214229.670000 234402.800000 4 4
4941.070000 214169.920000 234402.800000 2 4
4494.960000 212161.880000 234402.800000 4 4
4405.980000 211712.730000 234402.800000 6 4
4369.270000 211522.120000 234402.800000 4 4
3857.140000 208484.200000 234402.800000 6 4
3843.510000 208392.260000 234402.800000 4 4
3836.700000 208346.100000 234402.800000 2 4
3632.030000 206877.860000 234402.800000 6 4
3619.990000 206786.290000 234402.800000 4 4
3612.730000 206730.760000 234402.800000 2 4
3281.990000 203942.290000 234402.800000 2 4
5175.900000 214229.670000 233544.590000 4 2
5159.940000 214169.920000 233544.590000 2 2
4675.370000 212161.880000 233544.590000 4 2
4539.540000 211522.120000 233544.590000 4 2
3974.650000 208392.260000 233544.590000 4 2
3967.370000 208346.100000 233544.590000 2 2
3736.100000 206786.290000 233544.590000 4 2
3728.360000 206730.760000 233544.590000 2 2
3377.150000 203942.290000 233544.590000 2 2
5206.650000 214229.670000 233430.530000 4 4
5190.500000 214169.920000 233430.530000 2 4
4700.440000 212161.880000 233430.530000 4 4
4603.230000 211712.730000 233430.530000 6 4
4563.180000 211522.120000 233430.530000 4 4
4007.470000 208484.200000 233430.530000 6 4
3992.760000 208392.260000 233430.530000 4 4
3985.410000 208346.100000 233430.530000 2 4
3765.030000 206877.860000 233430.530000 6 4
3752.090000 206786.290000 233430.530000 4 4
3744.290000 206730.760000 233430.530000 2 4
3390.210000 203942.290000 233430.530000 2 4
4705.350000 211712.730000 232959.210000 6 8
4084.650000 208484.200000 232959.210000 6 8
3851.470000 207002.480000 232959.210000 8 8
3833.070000 206877.860000 232959.210000 6 8
5384.510000 214229.670000 232796.300000 4 6
4844.920000 212161.880000 232796.300000 4 6
4741.700000 211712.730000 232796.300000 6 6
4699.220000 211522.120000 232796.300000 4 6
4112.020000 208484.200000 232796.300000 6 6
4096.530000 208392.260000 232796.300000 4 6
3875.800000 207002.480000 232796.300000 8 6
3857.160000 206877.860000 232796.300000 6 6
3843.580000 206786.290000 232796.300000 4 6
4751.280000 211712.730000 232753.820000 6 8
4119.220000 208484.200000 232753.820000 6 8
3882.190000 207002.480000 232753.820000 8 8
3863.500000 206877.860000 232753.820000 6 8
5398.680000 214229.670000 232747.560000 4 6
4856.390000 212161.880000 232747.560000 4 6
4752.690000 211712.730000 232747.560000 6 6
4710.010000 211522.120000 232747.560000 4 6
4120.280000 208484.200000 232747.560000 6 6
4104.720000 208392.260000 232747.560000 4 6
3883.140000 207002.480000 232747.560000 8 6
3864.430000 206877.860000 232747.560000 6 6
3850.800000 206786.290000 232747.560000 4 6
5399.140000 214229.670000 232745.980000 4 4
5381.780000 214169.920000 232745.980000 2 4
4856.760000 212161.880000 232745.980000 4 4
4753.050000 211712.730000 232745.980000 6 4
4710.360000 211522.120000 232745.980000 4 4
4120.550000 208484.200000 232745.980000 6 4
4104.990000 208392.260000 232745.980000 4 4
4097.220000 208346.100000 232745.980000 2 4
3864.670000 206877.860000 232745.980000 6 4
3851.030000 206786.290000 232745.980000 4 4
3842.810000 206730.760000 232745.980000 2 4
3470.780000 203942.290000 232745.980000 2 4
5409.170000 214229.670000 232711.640000 4 2
5391.740000 214169.920000 232711.640000 2 2
4864.880000 212161.880000 232711.640000 4 2
4717.990000 211522.120000 232711.640000 4 2
4110.790000 208392.260000 232711.640000 4 2
4103.000000 208346.100000 232711.640000 2 2
3856.130000 206786.290000 232711.640000 4 2
3847.890000 206730.760000 232711.640000 2 2
3474.930000 203942.290000 232711.640000 2 2
5441.310000 214229.670000 232602.490000 4 2
5423.670000 214169.920000 232602.490000 2 2
4890.860000 212161.880000 232602.490000 4 2
4742.420000 211522.120000 232602.490000 4 2
4129.320000 208392.260000 232602.490000 4 2
4121.460000 208346.100000 232602.490000 2 2
3872.440000 206786.290000 232602.490000 4 2
3864.130000 206730.760000 232602.490000 2 2
3488.160000 203942.290000 232602.490000 2 2
5461.090000 214229.670000 232535.950000 4 4
5443.320000 214169.920000 232535.950000 2 4
4906.830000 212161.880000 232535.950000 4 4
4800.990000 211712.730000 232535.950000 6 4
4757.440000 211522.120000 232535.950000 4 4
4156.530000 208484.200000 232535.950000 6 4
4140.700000 208392.260000 232535.950000 4 4
4132.800000 208346.100000 232535.950000 2 4
3896.300000 206877.860000 232535.950000 6 4
3882.450000 206786.290000 232535.950000 4 4
3874.090000 206730.760000 232535.950000 2 4
3496.280000 203942.290000 232535.950000 2 4
5058.080000 212762.250000 232527.090000 2 4
5015.340000 212593.820000 232527.090000 4 4
3912.120000 206972.720000 232527.090000 4 4
3911.960000 206971.680000 232527.090000 6 4
2715.360000 195710.470000 232527.090000 2 4
2300.330000 189068.510000 232527.090000 4 4
2290.850000 188888.540000 232527.090000 2 4
2125.720000 185499.120000 232527.090000 6 4
2118.580000 185340.580000 232527.090000 4 4
2113.860000 185235.280000 232527.090000 2 4
1503.070000 165996.500000 232527.090000 4 4
1502.890000 165988.460000 232527.090000 6 4
5070.050000 212762.250000 232480.440000 2 2
5027.100000 212593.820000 232480.440000 4 2
3919.270000 206972.720000 232480.440000 4 2
2718.800000 195710.470000 232480.440000 2 2
2302.810000 189068.510000 232480.440000 4 2
2293.300000 188888.540000 232480.440000 2 2
2120.680000 185340.580000 232480.440000 4 2
2115.950000 185235.280000 232480.440000 2 2
1504.120000 165996.500000 232480.440000 4 2
5483.020000 214229.670000 232462.720000 4 6
4924.530000 212161.880000 232462.720000 4 6
4817.930000 211712.730000 232462.720000 6 6
4774.080000 211522.120000 232462.720000 4 6
4169.220000 208484.200000 232462.720000 6 6
4153.300000 208392.260000 232462.720000 4 6
3926.580000 207002.480000 232462.720000 8 6
3907.450000 206877.860000 232462.720000 6 6
3893.520000 206786.290000 232462.720000 4 6
4075.860000 207002.480000 231530.250000 8 10
5070.800000 211712.730000 231427.970000 6 8
4357.260000 208484.200000 231427.970000 6 8
4092.930000 207002.480000 231427.970000 8 8
4072.150000 206877.860000 231427.970000 6 8
5839.360000 214229.670000 231350.090000 4 6
5210.080000 212161.880000 231350.090000 4 6
5090.920000 211712.730000 231350.090000 6 6
5041.970000 211522.120000 231350.090000 4 6
4372.100000 208484.200000 231350.090000 6 6
4354.590000 208392.260000 231350.090000 4 6
4106.020000 207002.480000 231350.090000 8 6
4085.110000 206877.860000 231350.090000 6 6
4069.880000 206786.290000 231350.090000 4 6
5857.820000 214229.670000 231296.130000 4 4
5837.390000 214169.920000 231296.130000 2 4
5224.780000 212161.880000 231296.130000 4 4
5104.940000 211712.730000 231296.130000 6 4
5055.730000 211522.120000 231296.130000 4 4
4382.440000 208484.200000 231296.130000 6 4
4364.850000 208392.260000 231296.130000 4 4
4356.070000 208346.100000 231296.130000 2 4
4094.140000 206877.860000 231296.130000 6 4
4078.840000 206786.290000 231296.130000 4 4
4069.620000 206730.760000 231296.130000 2 4
3654.750000 203942.290000 231296.130000 2 4
6103.400000 214229.670000 230609.450000 4 2
6081.220000 214169.920000 230609.450000 2 2
5419.260000 212161.880000 230609.450000 4 2
5237.620000 211522.120000 230609.450000 4 2
4499.760000 208392.260000 230609.450000 4 2
4490.430000 208346.100000 230609.450000 2 2
4196.410000 206786.290000 230609.450000 4 2
4186.650000 206730.760000 230609.450000 2 2
3748.860000 203942.290000 230609.450000 2 2
5810.250000 212762.250000 229968.440000 2 4
5753.930000 212593.820000 229968.440000 4 4
4347.410000 206972.720000 229968.440000 4 4
4347.220000 206971.680000 229968.440000 6 4
2918.170000 195710.470000 229968.440000 2 4
2444.250000 189068.510000 229968.440000 4 4
2433.540000 188888.540000 229968.440000 2 4
2248.040000 185499.120000 229968.440000 6 4
2240.060000 185340.580000 229968.440000 4 4
2234.780000 185235.280000 229968.440000 2 4
1563.190000 165996.500000 229968.440000 4 4
1562.990000 165988.460000 229968.440000 6 4
5761.010000 212593.820000 229947.070000 4 6
4351.460000 206972.720000 229947.070000 4 6
4351.260000 206971.680000 229947.070000 6 6
2445.530000 189068.510000 229947.070000 4 6
2249.130000 185499.120000 229947.070000 6 6
2241.130000 185340.580000 229947.070000 4 6
1563.710000 165996.500000 229947.070000 4 6
1563.510000 165988.460000 229947.070000 6 6
4590.970000 206971.680000 228747.450000 6 8
2311.520000 185499.120000 228747.450000 6 8
1593.400000 165988.460000 228747.450000 6 8
6197.910000 212593.820000 228723.840000 4 6
4596.180000 206972.720000 228723.840000 4 6
4595.960000 206971.680000 228723.840000 6 6
2520.970000 189068.510000 228723.840000 4 6
2312.780000 185499.120000 228723.840000 6 6
2304.330000 185340.580000 228723.840000 4 6
1594.200000 165996.500000 228723.840000 4 6
1594.000000 165988.460000 228723.840000 6 6
13776.130000 206972.720000 214229.670000 4 4
13774.150000 206971.680000 214229.670000 6 4
5398.300000 195710.470000 214229.670000 2 4
3973.260000 189068.510000 214229.670000 4 4
3945.040000 188888.540000 214229.670000 2 4
3479.620000 185499.120000 214229.670000 6 4
3460.520000 185340.580000 214229.670000 4 4
3447.950000 185235.280000 214229.670000 2 4
2072.600000 165996.500000 214229.670000 4 4
2072.260000 165988.460000 214229.670000 6 4
1062.170000 120082.860000 214229.670000 2 4
1061.240000 120000.430000 214229.670000 4 4
1059.410000 119837.210000 214229.670000 6 4
13890.500000 206972.720000 214169.920000 4 2
5415.770000 195710.470000 214169.920000 2 2
3982.710000 189068.510000 214169.920000 4 2
3954.360000 188888.540000 214169.920000 2 2
3467.690000 185340.580000 214169.920000 4 2
3455.080000 185235.280000 214169.920000 2 2
2075.170000 165996.500000 214169.920000 4 2
1062.850000 120082.860000 214169.920000 2 2
1061.920000 120000.430000 214169.920000 4 2
16729.130000 206786.290000 212762.250000 4 2
16575.130000 206730.760000 212762.250000 2 2
11334.810000 203942.290000 212762.250000 2 2
17490.110000 206877.860000 212593.820000 6 4
17214.310000 206786.290000 212593.820000 4 4
17051.290000 206730.760000 212593.820000 2 4
11555.480000 203942.290000 212593.820000 2 4
19265.680000 206972.720000 212161.880000 4 4
19261.820000 206971.680000 212161.880000 6 4
6076.820000 195710.470000 212161.880000 2 4
4329.030000 189068.510000 212161.880000 4 4
4295.550000 188888.540000 212161.880000 2 4
3749.480000 185499.120000 212161.880000 6 4
3727.320000 185340.580000 212161.880000 4 4
3712.740000 185235.280000 212161.880000 2 4
2165.450000 165996.500000 212161.880000 4 4
2165.070000 165988.460000 212161.880000 6 4
1086.020000 120082.860000 212161.880000 2 4
1085.050000 120000.430000 212161.880000 4 4
1083.130000 119837.210000 212161.880000 6 4
4414.900000 189068.510000 211712.730000 4 6
3813.730000 185499.120000 211712.730000 6 6
3790.800000 185340.580000 211712.730000 4 6
2186.720000 165996.500000 211712.730000 4 6
2186.340000 165988.460000 211712.730000 6 6
1090.370000 120000.430000 211712.730000 4 6
1088.430000 119837.210000 211712.730000 6 6
6322.700000 195710.470000 211522.120000 2 4
4452.380000 189068.510000 211522.120000 4 4
4416.970000 188888.540000 211522.120000 2 4
3841.670000 185499.120000 211522.120000 6 4
3818.400000 185340.580000 211522.120000 4 4
3803.110000 185235.280000 211522.120000 2 4
2195.880000 165996.500000 211522.120000 4 4
2195.490000 165988.460000 211522.120000 6 4
1093.620000 120082.860000 211522.120000 2 4
1092.640000 120000.430000 211522.120000 4 4
1090.690000 119837.210000 211522.120000 6 4
5149.040000 189068.510000 208484.200000 4 6
4349.430000 185499.120000 208484.200000 6 6
4319.630000 185340.580000 208484.200000 4 6
2352.900000 165996.500000 208484.200000 4 6
2352.460000 165988.460000 208484.200000 6 6
1130.150000 120000.430000 208484.200000 4 6
1128.070000 119837.210000 208484.200000 6 6
7883.150000 195710.470000 208392.260000 2 4
5173.540000 189068.510000 208392.260000 4 4
5125.800000 188888.540000 208392.260000 2 4
4366.890000 185499.120000 208392.260000 6 4
4336.860000 185340.580000 208392.260000 4 4
4317.140000 185235.280000 208392.260000 2 4
2358.010000 165996.500000 208392.260000 4 4
2357.560000 165988.460000 208392.260000 6 4
1132.380000 120082.860000 208392.260000 2 4
1131.330000 120000.430000 208392.260000 4 4
1129.240000 119837.210000 208392.260000 6 4
7911.950000 195710.470000 208346.100000 2 2
5185.930000 189068.510000 208346.100000 4 2
5137.960000 188888.540000 208346.100000 2 2
4345.560000 185340.580000 208346.100000 4 2
4325.760000 185235.280000 208346.100000 2 2
2360.580000 165996.500000 208346.100000 4 2
1132.970000 120082.860000 208346.100000 2 2
1131.920000 120000.430000 208346.100000 4 2
4649.130000 185499.120000 207002.480000 6 8
2437.450000 165988.460000 207002.480000 6 8
1147.250000 119837.210000 207002.480000 6 8
5613.470000 189068.510000 206877.860000 4 6
4676.230000 185499.120000 206877.860000 6 6
4641.810000 185340.580000 206877.860000 4 6
2445.360000 165996.500000 206877.860000 4 6
2444.880000 165988.460000 206877.860000 6 6
1151.050000 120000.430000 206877.860000 4 6
1148.890000 119837.210000 206877.860000 6 6
9026.200000 195710.470000 206786.290000 2 4
5642.480000 189068.510000 206786.290000 4 4
5585.750000 188888.540000 206786.290000 2 4
4696.350000 185499.120000 206786.290000 6 4
4661.630000 185340.580000 206786.290000 4 4
4638.860000 185235.280000 206786.290000 2 4
2450.850000 165996.500000 206786.290000 4 4
2450.370000 165988.460000 206786.290000 6 4
1153.360000 120082.860000 206786.290000 2 4
1152.260000 120000.430000 206786.290000 4 4
1150.100000 119837.210000 206786.290000 6 4
9071.680000 195710.470000 206730.760000 2 2
5660.220000 189068.510000 206730.760000 4 2
5603.130000 188888.540000 206730.760000 2 2
4673.730000 185340.580000 206730.760000 4 2
4650.840000 185235.280000 206730.760000 2 2
2454.190000 165996.500000 206730.760000 4 2
1154.100000 120082.860000 206730.760000 2 2
1153.000000 120000.430000 206730.760000 4 2
12144.660000 195710.470000 203942.290000 2 2
6721.390000 189068.510000 203942.290000 4 2
6641.030000 188888.540000 203942.290000 2 2
5374.350000 185340.580000 203942.290000 4 2
5344.100000 185235.280000 203942.290000 2 2
2634.550000 165996.500000 203942.290000 4 2
1192.470000 120082.860000 203942.290000 2 2
1191.300000 120000.430000 203942.290000 4 2
1256.080000 40470.000000 120082.860000 2 2
1256.050000 40468.010000 120082.860000 4 2
1072.360000 26830.570000 120082.860000 4 2
1257.380000 40470.000000 120000.430000 2 4
1257.350000 40468.010000 120000.430000 4 4
1073.310000 26830.570000 120000.430000 4 4
1073.080000 26810.550000 120000.430000 6 4
1259.930000 40468.010000 119837.210000 4 6
1075.190000 26830.570000 119837.210000 4 6
1074.960000 26810.550000 119837.210000 6 6
41029.620000 269323.260000 271759.860000 4 4
40289.980000 269278.530000 271759.860000 2 4
36888.000000 269049.690000 271759.860000 6 4
35656.230000 268956.060000 271759.860000 4 4
34079.920000 268826.380000 271759.860000 4 4
33577.700000 268782.500000 271759.860000 6 4
31938.700000 268629.710000 271759.860000 4 4
31680.680000 268604.220000 271759.860000 2 4
31121.320000 268547.500000 271759.860000 6 4
30347.600000 268465.600000 271759.860000 4 4
29490.000000 268369.800000 271759.860000 2 4
29043.100000 268317.640000 271759.860000 2 4
23417.940000 267490.790000 271759.860000 4 4
23251.770000 267460.280000 271759.860000 2 4
42928.880000 269323.260000 271652.060000 4 2
42119.850000 269278.530000 271652.060000 2 2
37081.950000 268956.060000 271652.060000 4 2
35380.070000 268826.380000 271652.060000 4 2
33077.880000 268629.710000 271652.060000 4 2
32801.200000 268604.220000 271652.060000 2 2
31374.280000 268465.600000 271652.060000 4 2
30458.550000 268369.800000 271652.060000 2 2
29982.040000 268317.640000 271652.060000 2 2
24024.600000 267490.790000 271652.060000 4 2
23849.730000 267460.280000 271652.060000 2 2
285536.200000 271034.940000 271385.060000 8 10
285748.400000 271034.940000 271384.800000 8 10
285870.970000 271034.940000 271384.650000 8 8
285168.590000 271034.080000 271384.650000 6 8
242358.060000 270963.400000 271375.900000 6 8
224456.930000 270930.500000 271375.900000 10 8
187263.570000 270842.040000 271375.900000 6 8
162714.780000 270761.500000 271375.900000 8 8
138577.350000 270654.480000 271375.900000 6 8
293456.780000 271034.940000 271375.610000 8 6
292716.680000 271034.080000 271375.610000 6 6
293568.800000 271034.940000 271375.480000 8 8
292828.130000 271034.080000 271375.480000 6 8
225968.590000 270930.500000 271372.920000 10 10
163507.720000 270761.500000 271372.920000 8 10
260499.330000 270984.880000 271368.650000 4 6
246693.270000 270963.400000 271368.650000 6 6
189841.310000 270842.040000 271368.650000 6 6
189841.310000 270842.040000 271368.650000 4 6
164657.470000 270761.500000 271368.650000 8 6
139983.940000 270654.480000 271368.650000 6 6
137167.780000 270639.820000 271368.650000 4 6
246714.390000 270963.400000 271368.620000 6 8
228188.530000 270930.500000 271368.620000 10 8
189853.820000 270842.040000 271368.620000 6 8
164666.880000 270761.500000 271368.620000 8 8
139990.740000 270654.480000 271368.620000 6 8
272331.540000 270984.880000 271351.980000 4 6
257279.060000 270963.400000 271351.980000 6 6
196048.810000 270842.040000 271351.980000 6 6
196048.810000 270842.040000 271351.980000 4 6
169307.100000 270761.500000 271351.980000 8 6
143330.340000 270654.480000 271351.980000 6 6
140379.350000 270639.820000 271351.980000 4 6
275004.100000 270984.880000 271348.410000 4 4
259663.050000 270963.400000 271348.410000 6 4
207926.960000 270867.600000 271348.410000 2 4
197430.040000 270842.040000 271348.410000 6 4
197430.040000 270842.040000 271348.410000 4 4
144067.210000 270654.480000 271348.410000 6 4
141086.120000 270639.820000 271348.410000 4 4
248524.690000 270930.500000 271332.770000 10 10
175000.470000 270761.500000 271332.770000 8 10
250366.410000 270930.500000 271329.810000 10 12
287140.580000 270963.400000 271311.570000 6 4
225182.070000 270867.600000 271311.570000 2 4
212922.020000 270842.040000 271311.570000 6 4
212922.020000 270842.040000 271311.570000 4 4
152145.070000 270654.480000 271311.570000 6 4
148824.160000 270639.820000 271311.570000 4 4
225346.280000 270867.600000 271311.240000 2 2
213068.830000 270842.040000 271311.240000 4 2
148895.860000 270639.820000 271311.240000 4 2
50687.290000 269323.260000 271295.600000 4 4
49563.240000 269278.530000 271295.600000 2 4
44513.150000 269049.690000 271295.600000 6 4
42731.810000 268956.060000 271295.600000 4 4
40487.510000 268826.380000 271295.600000 4 4
39780.650000 268782.500000 271295.600000 6 4
37500.720000 268629.710000 271295.600000 4 4
37145.510000 268604.220000 271295.600000 2 4
36378.860000 268547.500000 271295.600000 6 4
35326.060000 268465.600000 271295.600000 4 4
34169.370000 268369.800000 271295.600000 2 4
33570.820000 268317.640000 271295.600000 2 4
26275.350000 267490.790000 271295.600000 4 4
26066.330000 267460.280000 271295.600000 2 4
21476.320000 266640.580000 271295.600000 6 4
21401.570000 266624.320000 271295.600000 4 4
21199.210000 266579.730000 271295.600000 6 4
50847.650000 269323.260000 271289.380000 4 6
44636.790000 269049.690000 271289.380000 6 6
42845.730000 268956.060000 271289.380000 4 6
40589.770000 268826.380000 271289.380000 4 6
39879.360000 268782.500000 271289.380000 6 6
38491.330000 268692.100000 271289.380000 8 6
37588.430000 268629.710000 271289.380000 4 6
36461.390000 268547.500000 271289.380000 6 6
35403.880000 268465.600000 271289.380000 4 6
26318.380000 267490.790000 271289.380000 4 6
21505.060000 266640.580000 271289.380000 6 6
21430.110000 266624.320000 271289.380000 4 6
21266.040000 266588.330000 271289.380000 8 6
21227.210000 266579.730000 271289.380000 6 6
46820.120000 269049.690000 271184.940000 6 8
41613.050000 268782.500000 271184.940000 6 8
40104.000000 268692.100000 271184.940000 8 8
37905.260000 268547.500000 271184.940000 6 8
21999.310000 266640.580000 271184.940000 6 8
21749.240000 266588.330000 271184.940000 8 8
21708.620000 266579.730000 271184.940000 6 8
252614.100000 270761.500000 271157.250000 8 6
198843.910000 270654.480000 271157.250000 6 6
193209.270000 270639.820000 271157.250000 4 6
199134.760000 270654.480000 271156.510000 6 4
193483.860000 270639.820000 271156.510000 4 4
254170.050000 270761.500000 271154.830000 8 8
199806.710000 270654.480000 271154.830000 6 8
254945.780000 270761.500000 271153.630000 8 10
55119.260000 269323.260000 271137.010000 4 6
47895.170000 269049.690000 271137.010000 6 6
45839.100000 268956.060000 271137.010000 4 6
43266.370000 268826.380000 271137.010000 4 6
42460.110000 268782.500000 271137.010000 6 6
40890.160000 268692.100000 271137.010000 8 6
39872.700000 268629.710000 271137.010000 4 6
38606.820000 268547.500000 271137.010000 6 6
37423.210000 268465.600000 271137.010000 4 6
27418.190000 267490.790000 271137.010000 4 6
22233.800000 266640.580000 271137.010000 6 6
22153.690000 266624.320000 271137.010000 4 6
21978.400000 266588.330000 271137.010000 8 6
21936.930000 266579.730000 271137.010000 6 6
55298.780000 269323.260000 271131.120000 4 2
53963.590000 269278.530000 271131.120000 2 2
45963.200000 268956.060000 271131.120000 4 2
43376.910000 268826.380000 271131.120000 4 2
39966.550000 268629.710000 271131.120000 4 2
39563.340000 268604.220000 271131.120000 2 2
37505.880000 268465.600000 271131.120000 4 2
36204.670000 268369.800000 271131.120000 2 2
35533.400000 268317.640000 271131.120000 2 2
27462.530000 267490.790000 271131.120000 4 2
27234.280000 267460.280000 271131.120000 2 2
22182.630000 266624.320000 271131.120000 4 2
271305.690000 270761.500000 271129.980000 8 8
210245.590000 270654.480000 271129.980000 6 8
272116.420000 270761.500000 271128.890000 8 6
210732.130000 270654.480000 271128.890000 6 6
204414.300000 270639.820000 271128.890000 4 6
56281.860000 269323.260000 271099.540000 4 4
54899.370000 269278.530000 271099.540000 2 4
48770.560000 269049.690000 271099.540000 6 4
46640.330000 268956.060000 271099.540000 4 4
43979.480000 268826.380000 271099.540000 4 4
43146.680000 268782.500000 271099.540000 6 4
40477.550000 268629.710000 271099.540000 4 4
40064.010000 268604.220000 271099.540000 2 4
39173.600000 268547.500000 271099.540000 6 4
37955.530000 268465.600000 271099.540000 4 4
36623.490000 268369.800000 271099.540000 2 4
35936.750000 268317.640000 271099.540000 2 4
27702.840000 267490.790000 271099.540000 4 4
27470.590000 267460.280000 271099.540000 2 4
22420.620000 266640.580000 271099.540000 6 4
22339.160000 266624.320000 271099.540000 4 4
22118.770000 266579.730000 271099.540000 6 4
56378.880000 269323.260000 271096.490000 4 2
54991.680000 269278.530000 271096.490000 2 2
46706.940000 268956.060000 271096.490000 4 2
44038.710000 268826.380000 271096.490000 4 2
40527.710000 268629.710000 271096.490000 4 2
40113.150000 268604.220000 271096.490000 2 2
37999.640000 268465.600000 271096.490000 4 2
36664.550000 268369.800000 271096.490000 2 2
35976.280000 268317.640000 271096.490000 2 2
27726.330000 267490.790000 271096.490000 4 2
27493.690000 267460.280000 271096.490000 2 2
22354.430000 266624.320000 271096.490000 4 2
49858.630000 269049.690000 271054.810000 6 8
43996.100000 268782.500000 271054.810000 6 8
42312.750000 268692.100000 271054.810000 8 8
39872.520000 268547.500000 271054.810000 6 8
22647.830000 266640.580000 271054.810000 6 8
22382.890000 266588.330000 271054.810000 8 8
22339.880000 266579.730000 271054.810000 6 8
262769.270000 270654.480000 271034.940000 6 8
263365.530000 270654.480000 271034.080000 6 6
253570.980000 270639.820000 271034.080000 4 6
60165.750000 269323.260000 270984.880000 4 4
58588.550000 269278.530000 270984.880000 2 4
51660.350000 269049.690000 270984.880000 6 4
49276.360000 268956.060000 270984.880000 4 4
46315.780000 268826.380000 270984.880000 4 4
45393.080000 268782.500000 270984.880000 6 4
42448.260000 268629.710000 270984.880000 4 4
41993.700000 268604.220000 270984.880000 2 4
41016.500000 268547.500000 270984.880000 6 4
39683.080000 268465.600000 270984.880000 4 4
38229.350000 268369.800000 270984.880000 2 4
37481.670000 268317.640000 270984.880000 2 4
28611.960000 267490.790000 270984.880000 4 4
28364.290000 267460.280000 270984.880000 2 4
23012.400000 266640.580000 270984.880000 6 4
22926.590000 266624.320000 270984.880000 4 4
22694.520000 266579.730000 270984.880000 6 4
20024.540000 265992.370000 270984.880000 6 4
60953.620000 269323.260000 270963.400000 4 6
52240.130000 269049.690000 270963.400000 6 6
49803.590000 268956.060000 270963.400000 4 6
46781.270000 268826.380000 270963.400000 4 6
45840.110000 268782.500000 270963.400000 6 6
44015.630000 268692.100000 270963.400000 8 6
42838.930000 268629.710000 270963.400000 4 6
41381.140000 268547.500000 270963.400000 6 6
40024.300000 268465.600000 270963.400000 4 6
28788.920000 267490.790000 270963.400000 4 6
23126.730000 266640.580000 270963.400000 6 6
23040.070000 266624.320000 270963.400000 4 6
22850.540000 266588.330000 270963.400000 8 6
22805.710000 266579.730000 270963.400000 6 6
20161.880000 266004.900000 270963.400000 8 6
20111.060000 265992.370000 270963.400000 6 6
20110.820000 265992.310000 270963.400000 8 6
44662.540000 268692.100000 270930.500000 8 10
23023.660000 266588.330000 270930.500000 8 10
20296.540000 266004.900000 270930.500000 8 10
20275.340000 265999.750000 270930.500000 10 10
20244.800000 265992.310000 270930.500000 8 10
64734.640000 269323.260000 270867.600000 4 2
62912.430000 269278.530000 270867.600000 2 2
52299.520000 268956.060000 270867.600000 4 2
48976.780000 268826.380000 270867.600000 4 2
44672.730000 268629.710000 270867.600000 4 2
44169.570000 268604.220000 270867.600000 2 2
41620.570000 268465.600000 270867.600000 4 2
40024.260000 268369.800000 270867.600000 2 2
39205.490000 268317.640000 270867.600000 2 2
29605.640000 267490.790000 270867.600000 4 2
29340.550000 267460.280000 270867.600000 2 2
23560.230000 266624.320000 270867.600000 4 2
20360.070000 265957.370000 270867.600000 4 2
20099.120000 265893.620000 270867.600000 4 2
20096.860000 265893.060000 270867.600000 2 2
65824.230000 269323.260000 270842.040000 4 6
55777.330000 269049.690000 270842.040000 6 6
53008.410000 268956.060000 270842.040000 4 6
49597.920000 268826.380000 270842.040000 4 6
48541.300000 268782.500000 270842.040000 6 6
46500.250000 268692.100000 270842.040000 8 6
45188.930000 268629.710000 270842.040000 4 6
43569.840000 268547.500000 270842.040000 6 6
42068.280000 268465.600000 270842.040000 4 6
29831.480000 267490.790000 270842.040000 4 6
23794.760000 266640.580000 270842.040000 6 6
23703.030000 266624.320000 270842.040000 4 6
23502.480000 266588.330000 270842.040000 8 6
23455.060000 266579.730000 270842.040000 6 6
20667.730000 266004.900000 270842.040000 8 6
20614.330000 265992.370000 270842.040000 6 6
20614.080000 265992.310000 270842.040000 8 6
20492.510000 265963.540000 270842.040000 6 6
20466.630000 265957.370000 270842.040000 4 6
20202.960000 265893.620000 270842.040000 4 6
65824.230000 269323.260000 270842.040000 4 4
63941.040000 269278.530000 270842.040000 2 4
55777.330000 269049.690000 270842.040000 6 4
53008.410000 268956.060000 270842.040000 4 4
49597.920000 268826.380000 270842.040000 4 4
48541.300000 268782.500000 270842.040000 6 4
45188.930000 268629.710000 270842.040000 4 4
44674.130000 268604.220000 270842.040000 2 4
43569.840000 268547.500000 270842.040000 6 4
42068.280000 268465.600000 270842.040000 4 4
40438.120000 268369.800000 270842.040000 2 4
39602.500000 268317.640000 270842.040000 2 4
29831.480000 267490.790000 270842.040000 4 4
29562.340000 267460.280000 270842.040000 2 4
23794.760000 266640.580000 270842.040000 6 4
23703.030000 266624.320000 270842.040000 4 4
23455.060000 266579.730000 270842.040000 6 4
20614.330000 265992.370000 270842.040000 6 4
20492.510000 265963.540000 270842.040000 6 4
20466.630000 265957.370000 270842.040000 4 4
20202.960000 265893.620000 270842.040000 4 4
20200.670000 265893.060000 270842.040000 2 4
58401.750000 269049.690000 270761.500000 6 8
50516.900000 268782.500000 270761.500000 6 8
48310.100000 268692.100000 270761.500000 8 8
45154.880000 268547.500000 270761.500000 6 8
24259.830000 266640.580000 270761.500000 6 8
23956.080000 266588.330000 270761.500000 8 8
23906.820000 266579.730000 270761.500000 6 8
21017.700000 266004.900000 270761.500000 8 8
20994.970000 265999.750000 270761.500000 10 8
20962.480000 265992.370000 270761.500000 6 8
20962.220000 265992.310000 270761.500000 8 8
20836.520000 265963.540000 270761.500000 6 8
20693.200000 265930.310000 270761.500000 10 8
20018.780000 265767.550000 270761.500000 6 8
20002.000000 265763.360000 270761.500000 8 8
75098.440000 269323.260000 270654.480000 4 6
62296.330000 269049.690000 270654.480000 6 6
58862.270000 268956.060000 270654.480000 4 6
54686.600000 268826.380000 270654.480000 4 6
53404.840000 268782.500000 270654.480000 6 6
50944.670000 268692.100000 270654.480000 8 6
49374.930000 268629.710000 270654.480000 4 6
47448.380000 268547.500000 270654.480000 6 6
45673.030000 268465.600000 270654.480000 4 6
31600.050000 267490.790000 270654.480000 4 6
24906.640000 266640.580000 270654.480000 6 6
24806.150000 266624.320000 270654.480000 4 6
24586.590000 266588.330000 270654.480000 8 6
24534.690000 266579.730000 270654.480000 6 6
21501.450000 266004.900000 270654.480000 8 6
21443.670000 265992.370000 270654.480000 6 6
21443.390000 265992.310000 270654.480000 8 6
21311.880000 265963.540000 270654.480000 6 6
21283.880000 265957.370000 270654.480000 4 6
20998.880000 265893.620000 270654.480000 4 6
20457.160000 265767.550000 270654.480000 6 6
20451.850000 265766.280000 270654.480000 4 6
20439.640000 265763.360000 270654.480000 8 6
20261.590000 265720.380000 270654.480000 8 6
20253.790000 265718.480000 270654.480000 6 6
75934.810000 269323.260000 270639.820000 4 4
73439.650000 269278.530000 270639.820000 2 4
62870.760000 269049.690000 270639.820000 6 4
59374.850000 268956.060000 270639.820000 4 4
55128.760000 268826.380000 270639.820000 4 4
53826.440000 268782.500000 270639.820000 6 4
49735.090000 268629.710000 270639.820000 4 4
49112.220000 268604.220000 270639.820000 2 4
47780.890000 268547.500000 270639.820000 6 4
45981.040000 268465.600000 270639.820000 4 4
44040.530000 268369.800000 270639.820000 2 4
43051.220000 268317.640000 270639.820000 2 4
31747.190000 267490.790000 270639.820000 4 4
31442.550000 267460.280000 270639.820000 2 4
24997.950000 266640.580000 270639.820000 6 4
24896.730000 266624.320000 270639.820000 4 4
24623.300000 266579.730000 270639.820000 6 4
21511.320000 265992.370000 270639.820000 6 4
21378.700000 265963.540000 270639.820000 6 4
21350.530000 265957.370000 270639.820000 4 4
21063.750000 265893.620000 270639.820000 4 4
21061.270000 265893.060000 270639.820000 2 4
20518.730000 265767.550000 270639.820000 6 4
20513.380000 265766.280000 270639.820000 4 4
20314.140000 265718.480000 270639.820000 6 4
49813.100000 267316.300000 269323.260000 6 4
49569.180000 267306.420000 269323.260000 4 4
49368.610000 267298.230000 269323.260000 4 4
44989.060000 267101.100000 269323.260000 2 4
42504.940000 266971.230000 269323.260000 6 4
39651.950000 266802.000000 269323.260000 4 4
38081.130000 266698.000000 269323.260000 2 4
28916.560000 265865.970000 269323.260000 4 4
28826.730000 265855.200000 269323.260000 6 4
26784.670000 265590.800000 269323.260000 6 4
26711.410000 265580.560000 269323.260000 2 4
26325.060000 265525.630000 269323.260000 4 4
26288.240000 265520.310000 269323.260000 2 4
25937.000000 265468.810000 269323.260000 4 4
25688.330000 265431.500000 269323.260000 6 4
24633.430000 265264.840000 269323.260000 2 4
24366.020000 265220.300000 269323.260000 4 4
24366.020000 265220.300000 269323.260000 6 4
23004.060000 264977.380000 269323.260000 6 4
22869.320000 264951.780000 269323.260000 4 4
50693.500000 267306.420000 269278.530000 4 2
50483.750000 267298.230000 269278.530000 4 2
45913.280000 267101.100000 269278.530000 2 2
40368.140000 266802.000000 269278.530000 4 2
38741.230000 266698.000000 269278.530000 2 2
29295.590000 265865.970000 269278.530000 4 2
27034.510000 265580.560000 269278.530000 2 2
26638.830000 265525.630000 269278.530000 4 2
26601.130000 265520.310000 269278.530000 2 2
26241.530000 265468.810000 269278.530000 4 2
24907.960000 265264.840000 269278.530000 2 2
24634.590000 265220.300000 269278.530000 4 2
23105.750000 264951.780000 269278.530000 4 2
58142.300000 267330.240000 269049.690000 8 6
57674.840000 267316.300000 269049.690000 6 6
57348.100000 267306.420000 269049.690000 4 6
57079.810000 267298.230000 269049.690000 4 6
48099.530000 266971.230000 269049.690000 6 6
44478.080000 266802.000000 269049.690000 4 6
31401.310000 265865.970000 269049.690000 4 6
31295.410000 265855.200000 269049.690000 6 6
29616.150000 265674.070000 269049.690000 8 6
28903.130000 265590.800000 269049.690000 6 6
28368.670000 265525.630000 269049.690000 4 6
27918.530000 265468.810000 269049.690000 4 6
27755.260000 265447.750000 269049.690000 8 6
27630.620000 265431.500000 269049.690000 6 6
26106.730000 265220.300000 269049.690000 4 6
26106.730000 265220.300000 269049.690000 6 6
25182.700000 265079.790000 269049.690000 8 6
24549.440000 264977.380000 269049.690000 6 6
24396.050000 264951.780000 269049.690000 4 6
60967.870000 267316.300000 268956.060000 6 4
60602.870000 267306.420000 268956.060000 4 4
60303.340000 267298.230000 268956.060000 4 4
53894.800000 267101.100000 268956.060000 2 4
50368.390000 266971.230000 268956.060000 6 4
46411.290000 266802.000000 268956.060000 4 4
44273.710000 266698.000000 268956.060000 2 4
32352.720000 265865.970000 268956.060000 4 4
32240.310000 265855.200000 268956.060000 6 4
29707.240000 265590.800000 268956.060000 6 4
29617.150000 265580.560000 268956.060000 2 4
29142.920000 265525.630000 268956.060000 4 4
29097.800000 265520.310000 268956.060000 2 4
28668.080000 265468.810000 268956.060000 4 4
28364.590000 265431.500000 268956.060000 6 4
27083.910000 265264.840000 268956.060000 2 4
26761.010000 265220.300000 268956.060000 4 4
26761.010000 265220.300000 268956.060000 6 4
25127.130000 264977.380000 268956.060000 6 4
24966.450000 264951.780000 268956.060000 4 4
66203.780000 267316.300000 268826.380000 6 4
65773.610000 267306.420000 268826.380000 4 4
65420.940000 267298.230000 268826.380000 4 4
57945.940000 267101.100000 268826.380000 2 4
53889.420000 266971.230000 268826.380000 6 4
49384.470000 266802.000000 268826.380000 4 4
46971.370000 266698.000000 268826.380000 2 4
33769.980000 265865.970000 268826.380000 4 4
33647.530000 265855.200000 268826.380000 6 4
30897.930000 265590.800000 268826.380000 6 4
30800.480000 265580.560000 268826.380000 2 4
30287.930000 265525.630000 268826.380000 4 4
30239.200000 265520.310000 268826.380000 2 4
29775.370000 265468.810000 268826.380000 4 4
29448.120000 265431.500000 268826.380000 6 4
28070.110000 265264.840000 268826.380000 2 4
27723.410000 265220.300000 268826.380000 4 4
27723.410000 265220.300000 268826.380000 6 4
25973.740000 264977.380000 268826.380000 6 4
25802.100000 264951.780000 268826.380000 4 4
68839.230000 267330.240000 268782.500000 8 6
68184.920000 267316.300000 268782.500000 6 6
67728.710000 267306.420000 268782.500000 4 6
67354.820000 267298.230000 268782.500000 4 6
55194.830000 266971.230000 268782.500000 6 6
50478.530000 266802.000000 268782.500000 4 6
34278.010000 265865.970000 268782.500000 4 6
34151.860000 265855.200000 268782.500000 6 6
32161.810000 265674.070000 268782.500000 8 6
31322.680000 265590.800000 268782.500000 6 6
30695.970000 265525.630000 268782.500000 4 6
30169.620000 265468.810000 268782.500000 4 6
29979.050000 265447.750000 268782.500000 8 6
29833.700000 265431.500000 268782.500000 6 6
28064.880000 265220.300000 268782.500000 4 6
28064.880000 265220.300000 268782.500000 6 6
26999.860000 265079.790000 268782.500000 8 6
26273.240000 264977.380000 268782.500000 6 6
26097.620000 264951.780000 268782.500000 4 6
73408.750000 267330.240000 268692.100000 8 8
72665.160000 267316.300000 268692.100000 6 8
58094.300000 266971.230000 268692.100000 6 8
35240.130000 265855.200000 268692.100000 6 8
33125.160000 265674.070000 268692.100000 8 8
32235.710000 265590.800000 268692.100000 6 8
30814.380000 265447.750000 268692.100000 8 8
30660.840000 265431.500000 268692.100000 6 8
28883.640000 265230.880000 268692.100000 10 8
28795.650000 265220.300000 268692.100000 6 8
27675.550000 265079.790000 268692.100000 8 8
26912.620000 264977.380000 268692.100000 6 8
76116.830000 267316.300000 268629.710000 6 4
75548.750000 267306.420000 268629.710000 4 4
75083.830000 267298.230000 268629.710000 4 4
65401.010000 267101.100000 268629.710000 2 4
60279.680000 266971.230000 268629.710000 6 4
54698.310000 266802.000000 268629.710000 4 4
51753.450000 266698.000000 268629.710000 2 4
36173.010000 265865.970000 268629.710000 4 4
36032.550000 265855.200000 268629.710000 6 4
32897.500000 265590.800000 268629.710000 6 4
32787.050000 265580.560000 268629.710000 2 4
32206.880000 265525.630000 268629.710000 4 4
32151.780000 265520.310000 268629.710000 2 4
31627.930000 265468.810000 268629.710000 4 4
31258.950000 265431.500000 268629.710000 6 4
29710.700000 265264.840000 268629.710000 2 4
29322.570000 265220.300000 268629.710000 4 4
29322.570000 265220.300000 268629.710000 6 4
27372.330000 264977.380000 268629.710000 6 4
27181.770000 264951.780000 268629.710000 4 4
77032.800000 267306.420000 268604.220000 4 2
76549.500000 267298.230000 268604.220000 4 2
66510.230000 267101.100000 268604.220000 2 2
55472.050000 266802.000000 268604.220000 4 2
52445.590000 266698.000000 268604.220000 2 2
36509.790000 265865.970000 268604.220000 4 2
33063.490000 265580.560000 268604.220000 2 2
32473.580000 265525.630000 268604.220000 4 2
32417.560000 265520.310000 268604.220000 2 2
31885.090000 265468.810000 268604.220000 4 2
29937.520000 265264.840000 268604.220000 2 2
29543.480000 265220.300000 268604.220000 4 2
27371.490000 264951.780000 268604.220000 4 2
82129.050000 267330.240000 268547.500000 8 6
81199.420000 267316.300000 268547.500000 6 6
80553.270000 267306.420000 268547.500000 4 6
80024.930000 267298.230000 268547.500000 4 6
63423.610000 266971.230000 268547.500000 6 6
57274.560000 266802.000000 268547.500000 4 6
37282.020000 265865.970000 268547.500000 4 6
37132.840000 265855.200000 268547.500000 6 6
34792.130000 265674.070000 268547.500000 8 6
33812.220000 265590.800000 268547.500000 6 6
33083.080000 265525.630000 268547.500000 4 6
32472.510000 265468.810000 268547.500000 4 6
32251.840000 265447.750000 268547.500000 8 6
32083.670000 265431.500000 268547.500000 6 6
30047.110000 265220.300000 268547.500000 4 6
30047.110000 265220.300000 268547.500000 6 6
28829.590000 265079.790000 268547.500000 8 6
28002.650000 264977.380000 268547.500000 6 6
27803.250000 264951.780000 268547.500000 4 6
86985.750000 267316.300000 268465.600000 6 4
86244.650000 267306.420000 268465.600000 4 4
85639.290000 267298.230000 268465.600000 4 4
73266.940000 267101.100000 268465.600000 2 4
66899.590000 266971.230000 268465.600000 6 4
60094.220000 266802.000000 268465.600000 4 4
56558.460000 266698.000000 268465.600000 2 4
38456.580000 265865.970000 268465.600000 4 4
38297.860000 265855.200000 268465.600000 6 4
34775.500000 265590.800000 268465.600000 6 4
34652.100000 265580.560000 268465.600000 2 4
34004.690000 265525.630000 268465.600000 4 4
33943.280000 265520.310000 268465.600000 2 4
33359.960000 265468.810000 268465.600000 4 4
32949.720000 265431.500000 268465.600000 6 4
31234.050000 265264.840000 268465.600000 2 4
30805.390000 265220.300000 268465.600000 4 4
30805.390000 265220.300000 268465.600000 6 4
28660.130000 264977.380000 268465.600000 6 4
28451.290000 264951.780000 268465.600000 4 4
94014.460000 267306.420000 268369.800000 4 2
93295.580000 267298.230000 268369.800000 4 2
78799.350000 267101.100000 268369.800000 2 2
63766.260000 266802.000000 268369.800000 4 2
59799.460000 266698.000000 268369.800000 2 2
39927.980000 265865.970000 268369.800000 4 2
35842.270000 265580.560000 268369.800000 2 2
35150.070000 265525.630000 268369.800000 4 2
35084.450000 265520.310000 268369.800000 2 2
34461.610000 265468.810000 268369.800000 4 2
32197.740000 265264.840000 268369.800000 2 2
31742.410000 265220.300000 268369.800000 4 2
29248.720000 264951.780000 268369.800000 4 2
98864.340000 267306.420000 268317.640000 4 2
98069.690000 267298.230000 268317.640000 4 2
82178.260000 267101.100000 268317.640000 2 2
65960.950000 266802.000000 268317.640000 4 2
61725.470000 266698.000000 268317.640000 2 2
40777.540000 265865.970000 268317.640000 4 2
36525.380000 265580.560000 268317.640000 2 2
35806.800000 265525.630000 268317.640000 4 2
35738.710000 265520.310000 268317.640000 2 2
35092.640000 265468.810000 268317.640000 4 2
32747.920000 265264.840000 268317.640000 2 2
32277.010000 265220.300000 268317.640000 4 2
29702.020000 264951.780000 268317.640000 4 2
256544.290000 267101.100000 267490.790000 2 4
192418.080000 266971.230000 267490.790000 6 4
145142.560000 266802.000000 267490.790000 4 4
126102.430000 266698.000000 267490.790000 2 4
61528.630000 265865.970000 267490.790000 4 4
61123.350000 265855.200000 267490.790000 6 4
52617.400000 265590.800000 267490.790000 6 4
52335.420000 265580.560000 267490.790000 2 4
50872.600000 265525.630000 267490.790000 4 4
50735.270000 265520.310000 267490.790000 2 4
49443.030000 265468.810000 267490.790000 4 4
48547.190000 265431.500000 267490.790000 6 4
44912.370000 265264.840000 267490.790000 2 4
44031.350000 265220.300000 267490.790000 4 4
44031.350000 265220.300000 267490.790000 6 4
39775.800000 264977.380000 267490.790000 6 4
39374.670000 264951.780000 267490.790000 4 4
278335.990000 267101.100000 267460.280000 2 2
151869.620000 266802.000000 267460.280000 4 2
131149.620000 266698.000000 267460.280000 2 2
62706.100000 265865.970000 267460.280000 4 2
53184.880000 265580.560000 267460.280000 2 2
51674.880000 265525.630000 267460.280000 4 2
51533.180000 265520.310000 267460.280000 2 2
50200.520000 265468.810000 267460.280000 4 2
45536.520000 265264.840000 267460.280000 2 2
44631.080000 265220.300000 267460.280000 4 2
39853.570000 264951.780000 267460.280000 4 2
144960.340000 266640.580000 267330.240000 6 8
134751.250000 266588.330000 267330.240000 8 8
133207.140000 266579.730000 267330.240000 6 8
147950.030000 266640.580000 267316.300000 6 6
144473.520000 266624.320000 267316.300000 4 6
137330.910000 266588.330000 267316.300000 8 6
135727.460000 266579.730000 267316.300000 6 6
20203.650000 262368.050000 267316.300000 4 6
150144.480000 266640.580000 267306.420000 6 4
146565.320000 266624.320000 267306.420000 4 4
137572.050000 266579.730000 267306.420000 6 4
20244.050000 262368.050000 267306.420000 4 4
152015.150000 266640.580000 267298.230000 6 4
148347.340000 266624.320000 267298.230000 4 4
139140.920000 266579.730000 267298.230000 6 4
20277.700000 262368.050000 267298.230000 4 4
209683.210000 266624.320000 267101.100000 4 2
21122.260000 262368.050000 267101.100000 4 2
20765.870000 262286.820000 267101.100000 2 2
288180.720000 266624.320000 266971.230000 4 6
261093.680000 266588.330000 266971.230000 8 6
255358.270000 266579.730000 266971.230000 6 6
21718.180000 262368.050000 266971.230000 4 6
22547.100000 262368.050000 266802.000000 4 4
22141.470000 262286.820000 266802.000000 2 4
20269.970000 261869.940000 266802.000000 6 4
23088.650000 262368.050000 266698.000000 4 2
22663.490000 262286.820000 266698.000000 2 2
129062.600000 265865.970000 266640.580000 4 6
127292.170000 265855.200000 266640.580000 6 6
103436.860000 265674.070000 266640.580000 8 6
95231.740000 265590.800000 266640.580000 6 6
89665.770000 265525.630000 266640.580000 4 6
85317.830000 265468.810000 266640.580000 4 6
83811.160000 265447.750000 266640.580000 8 6
82684.960000 265431.500000 266640.580000 6 6
70389.450000 265220.300000 266640.580000 4 6
70389.450000 265220.300000 266640.580000 6 6
64052.570000 265079.790000 266640.580000 8 6
60108.810000 264977.380000 266640.580000 6 6
59197.460000 264951.780000 266640.580000 4 6
131829.890000 265865.970000 266624.320000 4 4
129983.270000 265855.200000 266624.320000 6 4
96729.980000 265590.800000 266624.320000 6 4
95781.250000 265580.560000 266624.320000 2 4
90992.780000 265525.630000 266624.320000 4 4
90554.340000 265520.310000 266624.320000 2 4
86518.410000 265468.810000 266624.320000 4 4
83812.090000 265431.500000 266624.320000 6 4
73537.430000 265264.840000 266624.320000 2 4
71204.640000 265220.300000 266624.320000 4 4
71204.640000 265220.300000 266624.320000 6 4
60702.260000 264977.380000 266624.320000 6 4
59772.960000 264951.780000 266624.320000 4 4
136364.260000 265855.200000 266588.330000 6 8
109348.290000 265674.070000 266588.330000 8 8
100219.900000 265590.800000 266588.330000 6 8
87650.540000 265447.750000 266588.330000 8 8
86419.560000 265431.500000 266588.330000 6 8
73647.300000 265230.880000 266588.330000 10 8
73077.880000 265220.300000 266588.330000 6 8
66271.100000 265079.790000 266588.330000 8 8
62058.400000 264977.380000 266588.330000 6 8
140065.610000 265865.970000 266579.730000 4 6
137982.880000 265855.200000 266579.730000 6 6
110386.640000 265674.070000 266579.730000 8 6
101091.440000 265590.800000 266579.730000 6 6
94841.910000 265525.630000 266579.730000 4 6
89991.080000 265468.810000 266579.730000 4 6
88316.450000 265447.750000 266579.730000 8 6
87066.820000 265431.500000 266579.730000 6 6
73540.190000 265220.300000 266579.730000 4 6
73540.190000 265220.300000 266579.730000 6 6
66651.070000 265079.790000 266579.730000 8 6
62391.480000 264977.380000 266579.730000 6 6
61410.160000 264951.780000 266579.730000 4 6
259285.600000 265638.590000 266024.160000 8 10
260135.690000 265638.590000 266022.900000 8 10
260135.690000 265638.590000 266022.900000 8 8
259131.010000 265637.100000 266022.900000 6 8
270833.440000 265638.590000 266007.720000 8 8
269744.600000 265637.100000 266007.720000 6 8
270921.520000 265638.590000 266007.600000 8 6
269831.970000 265637.100000 266007.600000 6 6
241419.570000 265590.800000 266004.900000 6 8
179434.940000 265447.750000 266004.900000 8 8
174350.800000 265431.500000 266004.900000 6 8
129159.930000 265230.880000 266004.900000 10 8
127418.740000 265220.300000 266004.900000 6 8
108065.560000 265079.790000 266004.900000 8 8
97295.560000 264977.380000 266004.900000 6 8
181109.010000 265447.750000 265999.750000 8 10
130025.060000 265230.880000 265999.750000 10 10
108670.520000 265079.790000 265999.750000 8 10
248952.400000 265590.800000 265992.370000 6 6
214194.260000 265525.630000 265992.370000 4 6
190948.660000 265468.810000 265992.370000 4 6
183563.160000 265447.750000 265992.370000 8 6
178245.840000 265431.500000 265992.370000 6 6
129486.640000 265220.300000 265992.370000 4 6
129486.640000 265220.300000 265992.370000 6 6
109549.330000 265079.790000 265992.370000 8 6
98496.680000 264977.380000 265992.370000 6 6
96073.040000 264951.780000 265992.370000 4 6
248989.580000 265590.800000 265992.310000 6 8
183583.370000 265447.750000 265992.310000 8 8
178264.910000 265431.500000 265992.310000 6 8
131295.540000 265230.880000 265992.310000 10 8
129496.690000 265220.300000 265992.310000 6 8
109556.530000 265079.790000 265992.310000 8 8
98502.500000 264977.380000 265992.310000 6 8
292728.800000 265638.590000 265980.110000 8 6
291457.200000 265637.100000 265980.110000 6 6
291457.200000 265637.100000 265980.110000 6 4
268207.720000 265590.800000 265963.540000 6 6
228295.890000 265525.630000 265963.540000 4 6
202076.090000 265468.810000 265963.540000 4 6
193823.330000 265447.750000 265963.540000 8 6
187904.580000 265431.500000 265963.540000 6 6
134509.380000 265220.300000 265963.540000 4 6
134509.380000 265220.300000 265963.540000 6 6
113123.080000 265079.790000 265963.540000 8 6
101376.200000 264977.380000 265963.540000 6 6
98810.630000 264951.780000 265963.540000 4 6
272722.030000 265590.800000 265957.370000 6 4
265312.700000 265580.560000 265957.370000 2 4
231558.440000 265525.630000 265957.370000 4 4
228740.070000 265520.310000 265957.370000 2 4
204628.080000 265468.810000 265957.370000 4 4
190109.230000 265431.500000 265957.370000 6 4
144358.520000 265264.840000 265957.370000 2 4
135635.340000 265220.300000 265957.370000 4 4
135635.340000 265220.300000 265957.370000 6 4
102014.460000 264977.380000 265957.370000 6 4
99416.900000 264951.780000 265957.370000 4 4
207170.280000 265447.750000 265930.310000 8 10
142934.000000 265230.880000 265930.310000 10 10
117542.810000 265079.790000 265930.310000 8 10
143988.030000 265230.880000 265925.190000 10 12
271673.410000 265525.630000 265893.620000 4 4
267802.110000 265520.310000 265893.620000 2 4
235336.150000 265468.810000 265893.620000 4 4
216335.020000 265431.500000 265893.620000 6 4
158994.550000 265264.840000 265893.620000 2 4
148477.310000 265220.300000 265893.620000 4 4
148477.310000 265220.300000 265893.620000 6 4
109112.440000 264977.380000 265893.620000 6 4
106146.090000 264951.780000 265893.620000 4 4
272087.490000 265525.630000 265893.060000 4 2
268204.470000 265520.310000 265893.060000 2 2
235646.810000 265468.810000 265893.060000 4 2
159136.290000 265264.840000 265893.060000 2 2
148600.910000 265220.300000 265893.060000 4 2
106209.240000 264951.780000 265893.060000 4 2
28580.590000 262368.050000 265865.970000 4 4
27931.950000 262286.820000 265865.970000 2 4
25017.990000 261869.940000 265865.970000 6 4
23990.250000 261698.750000 265865.970000 4 4
23553.950000 261621.560000 265865.970000 4 4
22167.130000 261356.020000 265865.970000 6 4
21711.090000 261261.290000 265865.970000 4 4
21492.560000 261214.470000 265865.970000 2 4
20732.870000 261044.030000 265865.970000 6 4
20372.020000 260958.620000 265865.970000 4 4
20180.140000 260911.960000 265865.970000 2 4
28668.890000 262368.050000 265855.200000 4 6
25085.620000 261869.940000 265855.200000 6 6
24052.430000 261698.750000 265855.200000 4 6
23613.890000 261621.560000 265855.200000 4 6
22220.210000 261356.020000 265855.200000 6 6
21762.010000 261261.290000 265855.200000 4 6
21386.320000 261180.590000 265855.200000 8 6
20779.290000 261044.030000 265855.200000 6 6
20416.840000 260958.620000 265855.200000 4 6
297493.640000 265431.500000 265767.550000 6 6
182682.030000 265220.300000 265767.550000 4 6
182682.030000 265220.300000 265767.550000 6 6
145359.500000 265079.790000 265767.550000 8 6
126521.190000 264977.380000 265767.550000 6 6
122550.000000 264951.780000 265767.550000 4 6
298622.230000 265431.500000 265766.280000 6 4
199370.930000 265264.840000 265766.280000 2 4
183106.980000 265220.300000 265766.280000 4 4
183106.980000 265220.300000 265766.280000 6 4
126724.880000 264977.380000 265766.280000 6 4
122741.090000 264951.780000 265766.280000 4 4
187748.270000 265230.880000 265763.360000 10 8
184091.530000 265220.300000 265763.360000 6 8
146250.500000 265079.790000 265763.360000 8 8
127195.680000 264977.380000 265763.360000 6 8
188480.970000 265230.880000 265761.290000 10 10
146694.720000 265079.790000 265761.290000 8 10
204233.200000 265230.880000 265720.380000 10 8
199913.510000 265220.300000 265720.380000 6 8
156063.060000 265079.790000 265720.380000 8 8
134553.550000 264977.380000 265720.380000 6 8
200675.960000 265220.300000 265718.480000 4 6
200675.960000 265220.300000 265718.480000 6 6
156527.320000 265079.790000 265718.480000 8 6
134898.520000 264977.380000 265718.480000 6 6
130393.380000 264951.780000 265718.480000 4 6
26280.050000 261869.940000 265674.070000 6 8
23152.280000 261356.020000 265674.070000 6 8
22248.390000 261180.590000 265674.070000 8 8
21592.190000 261044.030000 265674.070000 6 8
245203.780000 265230.880000 265638.590000 10 8
239003.440000 265220.300000 265638.590000 6 8
178905.500000 265079.790000 265638.590000 8 8
151197.590000 264977.380000 265638.590000 6 8
239857.850000 265220.300000 265637.100000 4 6
239857.850000 265220.300000 265637.100000 6 6
179383.810000 265079.790000 265637.100000 8 6
151539.080000 264977.380000 265637.100000 6 6
145877.250000 264951.780000 265637.100000 4 6
31020.970000 262368.050000 265590.800000 4 6
26868.200000 261869.940000 265590.800000 6 6
25686.420000 261698.750000 265590.800000 4 6
25186.890000 261621.560000 265590.800000 4 6
23607.560000 261356.020000 265590.800000 6 6
23091.020000 261261.290000 265590.800000 4 6
22668.490000 261180.590000 265590.800000 8 6
21987.650000 261044.030000 265590.800000 6 6
21582.230000 260958.620000 265590.800000 4 6
31119.830000 262368.050000 265580.560000 4 2
30352.350000 262286.820000 265580.560000 2 2
25754.160000 261698.750000 265580.560000 4 2
25252.020000 261621.560000 265580.560000 4 2
23145.750000 261261.290000 265580.560000 4 2
22897.540000 261214.470000 265580.560000 2 2
21630.040000 260958.620000 265580.560000 4 2
21413.860000 260911.960000 265580.560000 2 2
20426.400000 260686.270000 265580.560000 2 2
31661.170000 262368.050000 265525.630000 4 4
30867.100000 262286.820000 265525.630000 2 4
27347.150000 261869.940000 265525.630000 6 4
26123.810000 261698.750000 265525.630000 4 4
25607.300000 261621.560000 265525.630000 4 4
23976.510000 261356.020000 265525.630000 6 4
23443.880000 261261.290000 265525.630000 4 4
23189.280000 261214.470000 265525.630000 2 4
22307.360000 261044.030000 265525.630000 6 4
21890.180000 260958.620000 265525.630000 4 4
21668.800000 260911.960000 265525.630000 2 4
20658.240000 260686.270000 265525.630000 2 4
31714.600000 262368.050000 265520.310000 4 2
30917.890000 262286.820000 265520.310000 2 2
26160.170000 261698.750000 265520.310000 4 2
25642.240000 261621.560000 265520.310000 4 2
23473.160000 261261.290000 265520.310000 4 2
23217.930000 261214.470000 265520.310000 2 2
21915.710000 260958.620000 265520.310000 4 2
21693.810000 260911.960000 265520.310000 2 2
20680.980000 260686.270000 265520.310000 2 2
32241.350000 262368.050000 265468.810000 4 4
31418.290000 262286.820000 265468.810000 2 4
27778.910000 261869.940000 265468.810000 6 4
26517.530000 261698.750000 265468.810000 4 4
25985.490000 261621.560000 265468.810000 4 4
24307.750000 261356.020000 265468.810000 6 4
23760.480000 261261.290000 265468.810000 4 4
23498.990000 261214.470000 265468.810000 2 4
22593.820000 261044.030000 265468.810000 6 4
22165.960000 260958.620000 265468.810000 4 4
21938.990000 260911.960000 265468.810000 2 4
20903.680000 260686.270000 265468.810000 2 4
27942.460000 261869.940000 265447.750000 6 8
24432.890000 261356.020000 265447.750000 6 8
23428.410000 261180.590000 265447.750000 8 8
22701.890000 261044.030000 265447.750000 6 8
32634.030000 262368.050000 265431.500000 4 6
28069.930000 261869.940000 265431.500000 6 6
26782.590000 261698.750000 265431.500000 4 6
26239.970000 261621.560000 265431.500000 4 6
24530.290000 261356.020000 265431.500000 6 6
23973.070000 261261.290000 265431.500000 4 6
23517.960000 261180.590000 265431.500000 8 6
22785.960000 261044.030000 265431.500000 6 6
22350.860000 260958.620000 265431.500000 4 6
34511.570000 262368.050000 265264.840000 4 2
33570.210000 262286.820000 265264.840000 2 2
28034.280000 261698.750000 265264.840000 4 2
27440.310000 261621.560000 265264.840000 4 2
24971.020000 261261.290000 265264.840000 4 2
24682.370000 261214.470000 265264.840000 2 2
23215.890000 260958.620000 265264.840000 4 2
22967.030000 260911.960000 265264.840000 2 2
21834.920000 260686.270000 265264.840000 2 2
24682.870000 261180.590000 265230.880000 8 10
35050.480000 262368.050000 265220.300000 4 4
34079.910000 262286.820000 265220.300000 2 4
29839.400000 261869.940000 265220.300000 6 4
28388.840000 261698.750000 265220.300000 4 4
27779.920000 261621.560000 265220.300000 4 4
25870.980000 261356.020000 265220.300000 6 4
25251.950000 261261.290000 265220.300000 4 4
24956.810000 261214.470000 265220.300000 2 4
23938.280000 261044.030000 265220.300000 6 4
23458.520000 260958.620000 265220.300000 4 4
23204.460000 260911.960000 265220.300000 2 4
22049.420000 260686.270000 265220.300000 2 4
35050.480000 262368.050000 265220.300000 4 6
29839.400000 261869.940000 265220.300000 6 6
28388.840000 261698.750000 265220.300000 4 6
27779.920000 261621.560000 265220.300000 4 6
25870.980000 261356.020000 265220.300000 6 6
25251.950000 261261.290000 265220.300000 4 6
24747.500000 261180.590000 265220.300000 8 6
23938.280000 261044.030000 265220.300000 6 6
23458.520000 260958.620000 265220.300000 4 6
31145.630000 261869.940000 265079.790000 6 8
26847.190000 261356.020000 265079.790000 6 8
25639.300000 261180.590000 265079.790000 8 8
24771.730000 261044.030000 265079.790000 6 8
38313.510000 262368.050000 264977.380000 4 6
32172.010000 261869.940000 264977.380000 6 6
30492.190000 261698.750000 264977.380000 4 6
29790.810000 261621.560000 264977.380000 4 6
27606.370000 261356.020000 264977.380000 6 6
26902.640000 261261.290000 264977.380000 4 6
26330.830000 261180.590000 264977.380000 8 6
25416.660000 261044.030000 264977.380000 6 6
24876.480000 260958.620000 264977.380000 4 6
38693.200000 262368.050000 264951.780000 4 4
37513.800000 262286.820000 264951.780000 2 4
32439.310000 261869.940000 264951.780000 6 4
30732.200000 261698.750000 264951.780000 4 4
30019.870000 261621.560000 264951.780000 4 4
27802.950000 261356.020000 264951.780000 6 4
27089.290000 261261.290000 264951.780000 4 4
26749.920000 261214.470000 264951.780000 2 4
25583.200000 261044.030000 264951.780000 6 4
25036.000000 260958.620000 264951.780000 4 4
24746.830000 260911.960000 264951.780000 2 4
23437.460000 260686.270000 264951.780000 2 4
32458.890000 259288.070000 262368.050000 4 4
32454.040000 259287.610000 262368.050000 6 4
26576.470000 258606.350000 262368.050000 4 4
25266.120000 258411.260000 262368.050000 2 4
22705.900000 257965.110000 262368.050000 6 4
21884.870000 257799.930000 262368.050000 4 4
21396.850000 257695.740000 262368.050000 2 4
33338.130000 259288.070000 262286.820000 4 2
27163.030000 258606.350000 262286.820000 4 2
25795.680000 258411.260000 262286.820000 2 2
22281.070000 257799.930000 262286.820000 4 2
21775.420000 257695.740000 262286.820000 2 2
38721.060000 259288.070000 261869.940000 4 6
38714.160000 259287.610000 261869.940000 6 6
30632.750000 258606.350000 261869.940000 4 6
25602.320000 257965.110000 261869.940000 6 6
24563.260000 257799.930000 261869.940000 4 6
41470.760000 259288.070000 261698.750000 4 4
41462.850000 259287.610000 261698.750000 6 4
32328.520000 258606.350000 261698.750000 4 4
30410.050000 258411.260000 261698.750000 2 4
26776.210000 257965.110000 261698.750000 6 4
25641.790000 257799.930000 261698.750000 4 4
24974.390000 257695.740000 261698.750000 2 4
42842.580000 259288.070000 261621.560000 4 4
42834.140000 259287.610000 261621.560000 6 4
33156.140000 258606.350000 261621.560000 4 4
31141.240000 258411.260000 261621.560000 2 4
27341.470000 257965.110000 261621.560000 6 4
26159.710000 257799.930000 261621.560000 4 4
25465.440000 257695.740000 261621.560000 2 4
48343.890000 259288.070000 261356.020000 4 6
48333.140000 259287.610000 261356.020000 6 6
36358.080000 258606.350000 261356.020000 4 6
29482.570000 257965.110000 261356.020000 6 6
28113.100000 257799.930000 261356.020000 4 6
50664.770000 259288.070000 261261.290000 4 4
50652.970000 259287.610000 261261.290000 6 4
37655.360000 258606.350000 261261.290000 4 4
35077.780000 258411.260000 261261.290000 2 4
30329.870000 257965.110000 261261.290000 6 4
28882.500000 257799.930000 261261.290000 4 4
28038.510000 257695.740000 261261.290000 2 4
51896.150000 259288.070000 261214.470000 4 2
38331.340000 258606.350000 261214.470000 4 2
35663.660000 258411.260000 261214.470000 2 2
29278.530000 257799.930000 261214.470000 4 2
28411.590000 257695.740000 261214.470000 2 2
52812.370000 259287.610000 261180.590000 6 8
31091.070000 257965.110000 261180.590000 6 8
56933.380000 259288.070000 261044.030000 4 6
56918.480000 259287.610000 261044.030000 6 6
41011.430000 258606.350000 261044.030000 4 6
32470.060000 257965.110000 261044.030000 6 6
30816.780000 257799.930000 261044.030000 4 6
59844.210000 259288.070000 260958.620000 4 4
59827.740000 259287.610000 260958.620000 6 4
42500.540000 258606.350000 260958.620000 4 4
39245.620000 258411.260000 260958.620000 2 4
33396.490000 257965.110000 260958.620000 6 4
31650.060000 257799.930000 260958.620000 4 4
30639.410000 257695.740000 260958.620000 2 4
61563.740000 259288.070000 260911.960000 4 2
43360.650000 258606.350000 260911.960000 4 2
39977.900000 258411.260000 260911.960000 2 2
32124.600000 257799.930000 260911.960000 4 2
31083.920000 257695.740000 260911.960000 2 2
71501.030000 259288.070000 260686.270000 4 2
48065.660000 258606.350000 260686.270000 4 2
43943.870000 258411.260000 260686.270000 2 2
34636.510000 257799.930000 260686.270000 4 2
33429.770000 257695.740000 260686.270000 2 2
20641.190000 255842.910000 260686.270000 4 2
23214.270000 254981.550000 259288.070000 4 4
23216.750000 254981.550000 259287.610000 4 6
27580.200000 254981.550000 258606.350000 4 4
29149.030000 254981.550000 258411.260000 4 2
33507.870000 254981.550000 257965.110000 4 6
20108.270000 252993.390000 257965.110000 4 6
35471.700000 254981.550000 257799.930000 4 4
20799.310000 252993.390000 257799.930000 4 4
20772.690000 252987.230000 257799.930000 2 4
36833.360000 254981.550000 257695.740000 4 2
21260.160000 252993.390000 257695.740000 4 2
21232.350000 252987.230000 257695.740000 2 2
147651.260000 255466.100000 256143.190000 8 8
118862.770000 255302.110000 256143.190000 6 8
96296.430000 255105.010000 256143.190000 6 8
88986.710000 255019.730000 256143.190000 8 8
80185.590000 254896.420000 256143.190000 6 8
64366.200000 254590.000000 256143.190000 10 8
60116.370000 254480.200000 256143.190000 8 8
56972.090000 254388.420000 256143.190000 6 8
32307.980000 253048.820000 256143.190000 6 8
28291.020000 252609.460000 256143.190000 8 8
28281.570000 252608.280000 256143.190000 10 8
20326.280000 251224.790000 256143.190000 6 8
20315.540000 251222.190000 256143.190000 8 8
149227.290000 255466.100000 256136.040000 8 10
89556.750000 255019.730000 256136.040000 8 10
64663.910000 254590.000000 256136.040000 10 10
60375.990000 254480.200000 256136.040000 8 10
28348.380000 252609.460000 256136.040000 8 10
28338.900000 252608.280000 256136.040000 10 10
20345.100000 251222.190000 256136.040000 8 10
151546.180000 255466.100000 256125.790000 8 6
121374.010000 255302.110000 256125.790000 6 6
104990.780000 255173.580000 256125.790000 4 6
101662.880000 255142.410000 256125.790000 4 6
97938.070000 255105.010000 256125.790000 6 6
90386.770000 255019.730000 256125.790000 8 6
81320.630000 254896.420000 256125.790000 6 6
80337.140000 254881.370000 256125.790000 4 6
60752.100000 254480.200000 256125.790000 8 6
57542.740000 254388.420000 256125.790000 6 6
55907.690000 254337.610000 256125.790000 4 6
42844.510000 253792.400000 256125.790000 4 6
32490.690000 253048.820000 256125.790000 6 6
32468.750000 253046.740000 256125.790000 4 6
28431.030000 252609.460000 256125.790000 8 6
20398.450000 251224.790000 256125.790000 6 6
20387.640000 251222.190000 256125.790000 8 6
152135.180000 255466.100000 256123.230000 8 8
121751.530000 255302.110000 256123.230000 6 8
98183.730000 255105.010000 256123.230000 6 8
90595.970000 255019.730000 256123.230000 8 8
81489.930000 254896.420000 256123.230000 6 8
65203.970000 254590.000000 256123.230000 10 8
60846.530000 254480.200000 256123.230000 8 8
57627.450000 254388.420000 256123.230000 6 8
32517.690000 253048.820000 256123.230000 6 8
28451.690000 252609.460000 256123.230000 8 8
28442.140000 252608.280000 256123.230000 10 8
20409.090000 251224.790000 256123.230000 6 8
20398.260000 251222.190000 256123.230000 8 8
160819.420000 255466.100000 256087.750000 8 6
127250.710000 255302.110000 256087.750000 6 6
109359.520000 255173.580000 256087.750000 4 6
105753.660000 255142.410000 256087.750000 4 6
101728.990000 255105.010000 256087.750000 6 6
93606.040000 255019.730000 256087.750000 8 6
83917.200000 254896.420000 256087.750000 6 6
82870.300000 254881.370000 256087.750000 4 6
62189.660000 254480.200000 256087.750000 8 6
58830.820000 254388.420000 256087.750000 6 6
57122.840000 254337.610000 256087.750000 4 6
43554.540000 253792.400000 256087.750000 4 6
32897.390000 253048.820000 256087.750000 6 6
32874.890000 253046.740000 256087.750000 4 6
28741.950000 252609.460000 256087.750000 8 6
20558.010000 251224.790000 256087.750000 6 6
20547.030000 251222.190000 256087.750000 8 6
216952.830000 255622.800000 256083.600000 2 4
127925.150000 255302.110000 256083.600000 6 4
124704.990000 255281.930000 256083.600000 2 4
109857.270000 255173.580000 256083.600000 4 4
108604.170000 255163.080000 256083.600000 2 4
106219.050000 255142.410000 256083.600000 4 4
102159.560000 255105.010000 256083.600000 6 4
84209.980000 254896.420000 256083.600000 6 4
83155.810000 254881.370000 256083.600000 4 4
80823.680000 254846.680000 256083.600000 2 4
58974.570000 254388.420000 256083.600000 6 4
57258.350000 254337.610000 256083.600000 4 4
43633.280000 253792.400000 256083.600000 4 4
43587.430000 253789.990000 256083.600000 2 4
32942.290000 253048.820000 256083.600000 6 4
32919.730000 253046.740000 256083.600000 4 4
20575.540000 251224.790000 256083.600000 6 4
193190.000000 255466.100000 255983.580000 8 10
103721.860000 255019.730000 255983.580000 8 10
71737.870000 254590.000000 255983.580000 10 10
66498.470000 254480.200000 255983.580000 8 10
29629.240000 252609.460000 255983.580000 8 10
29618.880000 252608.280000 255983.580000 10 10
20996.520000 251222.190000 255983.580000 8 10
72053.420000 254590.000000 255977.480000 10 12
29672.530000 252608.280000 255977.480000 10 12
158576.140000 255281.930000 255912.370000 2 2
135319.570000 255173.580000 255912.370000 4 2
133423.290000 255163.080000 255912.370000 2 2
129841.460000 255142.410000 255912.370000 4 2
96966.770000 254881.370000 255912.370000 4 2
93810.340000 254846.680000 255912.370000 2 2
63484.430000 254337.610000 255912.370000 4 2
47157.620000 253792.400000 255912.370000 4 2
47104.070000 253789.990000 255912.370000 2 2
34886.830000 253046.740000 255912.370000 4 2
163833.320000 255302.110000 255912.320000 6 4
158588.720000 255281.930000 255912.320000 2 4
135328.730000 255173.580000 255912.320000 4 4
133432.200000 255163.080000 255912.320000 2 4
129849.890000 255142.410000 255912.320000 4 4
123834.380000 255105.010000 255912.320000 6 4
98408.050000 254896.420000 255912.320000 6 4
96971.470000 254881.370000 255912.320000 4 4
93814.750000 254846.680000 255912.320000 2 4
65603.220000 254388.420000 255912.320000 6 4
63486.450000 254337.610000 255912.320000 4 4
47158.730000 253792.400000 255912.320000 4 4
47105.180000 253789.990000 255912.320000 2 4
34912.780000 253048.820000 255912.320000 6 4
34887.430000 253046.740000 255912.320000 4 4
21327.370000 251224.790000 255912.320000 6 4
34423.500000 252993.390000 255897.590000 4 6
35084.060000 252993.390000 255842.910000 4 4
35008.380000 252987.230000 255842.910000 2 4
275043.360000 255466.100000 255829.580000 8 8
189532.570000 255302.110000 255829.580000 6 8
137975.270000 255105.010000 255829.580000 6 8
123446.010000 255019.730000 255829.580000 8 8
107133.550000 254896.420000 255829.580000 6 8
80650.500000 254590.000000 255829.580000 10 8
74087.910000 254480.200000 255829.580000 8 8
69369.640000 254388.420000 255829.580000 6 8
35951.590000 253048.820000 255829.580000 6 8
31046.280000 252609.460000 255829.580000 8 8
31034.900000 252608.280000 255829.580000 10 8
21710.590000 251224.790000 255829.580000 6 8
21698.340000 251222.190000 255829.580000 8 8
276506.190000 255466.100000 255827.660000 8 10
123739.820000 255019.730000 255827.660000 8 10
80775.810000 254590.000000 255827.660000 10 10
74193.640000 254480.200000 255827.660000 8 10
31064.830000 252609.460000 255827.660000 8 10
31053.440000 252608.280000 255827.660000 10 10
21707.400000 251222.190000 255827.660000 8 10
287797.300000 255466.100000 255813.470000 8 6
195502.840000 255302.110000 255813.470000 6 6
156233.770000 255173.580000 255813.470000 4 6
148976.880000 255142.410000 255813.470000 4 6
141112.330000 255105.010000 255813.470000 6 6
125951.170000 255019.730000 255813.470000 8 6
109015.340000 254896.420000 255813.470000 6 6
107255.140000 254881.370000 255813.470000 4 6
74983.000000 254480.200000 255813.470000 8 6
70153.750000 254388.420000 255813.470000 6 6
67738.540000 254337.610000 255813.470000 4 6
49465.210000 253792.400000 255813.470000 4 6
36161.050000 253048.820000 255813.470000 6 6
36133.870000 253046.740000 255813.470000 4 6
31202.360000 252609.460000 255813.470000 8 6
21786.800000 251224.790000 255813.470000 6 6
21774.470000 251222.190000 255813.470000 8 6
195787.720000 255302.110000 255812.730000 6 4
188344.240000 255281.930000 255812.730000 2 4
156415.650000 255173.580000 255812.730000 4 4
153887.560000 255163.080000 255812.730000 2 4
149142.250000 255142.410000 255812.730000 4 4
141260.690000 255105.010000 255812.730000 6 4
109103.860000 254896.420000 255812.730000 6 4
107340.830000 254881.370000 255812.730000 4 4
103486.320000 254846.680000 255812.730000 2 4
70190.400000 254388.420000 255812.730000 6 4
67772.710000 254337.610000 255812.730000 4 4
49483.420000 253792.400000 255812.730000 4 4
49424.460000 253789.990000 255812.730000 2 4
36170.790000 253048.820000 255812.730000 6 4
36143.590000 253046.740000 255812.730000 4 4
21790.340000 251224.790000 255812.730000 6 4
218627.610000 255302.110000 255759.380000 6 8
152776.130000 255105.010000 255759.380000 6 8
135161.490000 255019.730000 255759.380000 8 8
115848.090000 254896.420000 255759.380000 6 8
85491.800000 254590.000000 255759.380000 10 8
78153.530000 254480.200000 255759.380000 8 8
72921.490000 254388.420000 255759.380000 6 8
36882.630000 253048.820000 255759.380000 6 8
31738.140000 252609.460000 255759.380000 8 8
31726.250000 252608.280000 255759.380000 10 8
22046.670000 251224.790000 255759.380000 6 8
22034.040000 251222.190000 255759.380000 8 8
220194.080000 255302.110000 255756.130000 6 6
171612.020000 255173.580000 255756.130000 4 6
162896.060000 255142.410000 255756.130000 4 6
153539.410000 255105.010000 255756.130000 6 6
135758.560000 255019.730000 255756.130000 8 6
116286.450000 254896.420000 255756.130000 6 6
114285.780000 254881.370000 255756.130000 4 6
78352.780000 254480.200000 255756.130000 8 6
73094.930000 254388.420000 255756.130000 6 6
70476.750000 254337.610000 255756.130000 4 6
50909.590000 253792.400000 255756.130000 4 6
36926.950000 253048.820000 255756.130000 6 6
36898.600000 253046.740000 255756.130000 4 6
31770.950000 252609.460000 255756.130000 8 6
22062.500000 251224.790000 255756.130000 6 6
22049.850000 251222.190000 255756.130000 8 6
256843.450000 255302.110000 255691.350000 6 8
170504.150000 255105.010000 255691.350000 6 8
148854.000000 255019.730000 255691.350000 8 8
125763.570000 254896.420000 255691.350000 6 8
90773.240000 254590.000000 255691.350000 10 8
82543.920000 254480.200000 255691.350000 8 8
76729.410000 254388.420000 255691.350000 6 8
37832.260000 253048.820000 255691.350000 6 8
32438.820000 252609.460000 255691.350000 8 8
32426.400000 252608.280000 255691.350000 10 8
22382.500000 251224.790000 255691.350000 6 8
22369.480000 251222.190000 255691.350000 8 8
257775.270000 255302.110000 255689.940000 6 6
193610.930000 255173.580000 255689.940000 4 6
182588.920000 255142.410000 255689.940000 4 6
170914.300000 255105.010000 255689.940000 6 6
149166.510000 255019.730000 255689.940000 8 6
125986.570000 254896.420000 255689.940000 6 6
123641.560000 254881.370000 255689.940000 4 6
82639.930000 254480.200000 255689.940000 8 6
76812.360000 254388.420000 255689.940000 6 6
73926.350000 254337.610000 255689.940000 4 6
52685.480000 253792.400000 255689.940000 4 6
37852.420000 253048.820000 255689.940000 6 6
37822.630000 253046.740000 255689.940000 4 6
32453.630000 252609.460000 255689.940000 8 6
22389.560000 251224.790000 255689.940000 6 6
22376.530000 251222.190000 255689.940000 8 6
38020.970000 252993.390000 255622.800000 4 2
37932.110000 252987.230000 255622.800000 2 2
43302.230000 252993.390000 255302.110000 4 6
43684.060000 252993.390000 255281.930000 4 2
43566.800000 252987.230000 255281.930000 2 2
45855.050000 252993.390000 255173.580000 4 4
45725.860000 252987.230000 255173.580000 2 4
46076.960000 252993.390000 255163.080000 4 2
45946.520000 252987.230000 255163.080000 2 2
46520.150000 252993.390000 255142.410000 4 4
46387.190000 252987.230000 255142.410000 2 4
47344.090000 252993.390000 255105.010000 4 6
52533.450000 252993.390000 254896.420000 4 6
52952.220000 252993.390000 254881.370000 4 4
52780.020000 252987.230000 254881.370000 2 4
53943.380000 252993.390000 254846.680000 4 2
53764.680000 252987.230000 254846.680000 2 2
71663.500000 252993.390000 254388.420000 4 6
74372.300000 252993.390000 254337.610000 4 4
74033.050000 252987.230000 254337.610000 2 4
125120.720000 252993.390000 253792.400000 4 4
124163.520000 252987.230000 253792.400000 2 4
125499.260000 252993.390000 253789.990000 4 2
124536.290000 252987.230000 253789.990000 2 2
22051.900000 248515.300000 253048.820000 4 6
20561.290000 248186.640000 253048.820000 6 6
22062.020000 248515.300000 253046.740000 4 4
21637.570000 248426.410000 253046.740000 2 4
20570.090000 248186.640000 253046.740000 6 4
56526.490000 251224.790000 252993.390000 6 4
22603.840000 248186.640000 252609.460000 6 8
36897.250000 248515.300000 251224.790000 4 6
32905.790000 248186.640000 251224.790000 6 6
31099.970000 248010.230000 251224.790000 4 6
21084.740000 246483.320000 251224.790000 4 6
20962.330000 246455.630000 251224.790000 6 6
20266.240000 246291.820000 251224.790000 4 6
32933.970000 248186.640000 251222.190000 6 8
20973.760000 246455.630000 251222.190000 6 8
22118.150000 240517.350000 245037.290000 4 2
21237.890000 240330.010000 245037.290000 2 2
24330.100000 240517.350000 244626.360000 4 6
51865.340000 232527.090000 234454.630000 4 6
22284.530000 229968.440000 234454.630000 4 6
22178.880000 229947.070000 234454.630000 6 6
53298.690000 232527.090000 234402.800000 4 4
52005.300000 232480.440000 234402.800000 2 4
22545.030000 229968.440000 234402.800000 4 4
22436.900000 229947.070000 234402.800000 6 4
98253.300000 232527.090000 233544.590000 4 2
93946.120000 232480.440000 233544.590000 2 2
27955.410000 229968.440000 233544.590000 4 2
110657.840000 232527.090000 233430.530000 4 4
105224.520000 232480.440000 233430.530000 2 4
28876.410000 229968.440000 233430.530000 4 4
28699.260000 229947.070000 233430.530000 6 4
21240.560000 228723.840000 233430.530000 6 4
33189.930000 229947.070000 232959.210000 6 8
23736.560000 228747.450000 232959.210000 8 8
23604.250000 228723.840000 232959.210000 6 8
35352.810000 229968.440000 232796.300000 4 6
35087.650000 229947.070000 232796.300000 6 6
24691.640000 228747.450000 232796.300000 8 6
24548.490000 228723.840000 232796.300000 6 6
35618.730000 229947.070000 232753.820000 6 8
24953.470000 228747.450000 232753.820000 8 8
24807.270000 228723.840000 232753.820000 6 8
35972.770000 229968.440000 232747.560000 4 6
35698.270000 229947.070000 232747.560000 6 6
24992.480000 228747.450000 232747.560000 8 6
24845.830000 228723.840000 232747.560000 6 6
35993.250000 229968.440000 232745.980000 4 4
35718.440000 229947.070000 232745.980000 6 4
24855.600000 228723.840000 232745.980000 6 4
36443.810000 229968.440000 232711.640000 4 2
37953.970000 229968.440000 232602.490000 4 2
38937.630000 229968.440000 232535.950000 4 4
38616.220000 229947.070000 232535.950000 6 4
26225.040000 228723.840000 232535.950000 6 4
84938.400000 231350.090000 232527.090000 6 4
81215.010000 231296.130000 232527.090000 4 4
52133.220000 230609.450000 232527.090000 2 4
84414.030000 231296.130000 232480.440000 4 2
53433.070000 230609.450000 232480.440000 2 2
40080.730000 229968.440000 232462.720000 4 6
39740.260000 229947.070000 232462.720000 6 6
26908.570000 228747.450000 232462.720000 8 6
26738.650000 228723.840000 232462.720000 6 6
35925.280000 228747.450000 231530.250000 8 10
67508.100000 229947.070000 231427.970000 6 8
37296.020000 228747.450000 231427.970000 8 8
36970.390000 228723.840000 231427.970000 6 8
72357.660000 229968.440000 231350.090000 4 6
71255.550000 229947.070000 231350.090000 6 6
38412.090000 228747.450000 231350.090000 8 6
38066.770000 228723.840000 231350.090000 6 6
75298.480000 229968.440000 231296.130000 4 4
74105.710000 229947.070000 231296.130000 6 4
38865.330000 228723.840000 231296.130000 6 4
155961.240000 229968.440000 230609.450000 4 2
68128.190000 212762.250000 214229.670000 2 4
61113.600000 212593.820000 214229.670000 4 4
71020.010000 212762.250000 214169.920000 2 2
63430.450000 212593.820000 214169.920000 4 2
166518.820000 212161.880000 212762.250000 4 2
80614.570000 211522.120000 212762.250000 4 2
22877.090000 208392.260000 212762.250000 4 2
22638.000000 208346.100000 212762.250000 2 2
231451.050000 212161.880000 212593.820000 4 4
113465.120000 211712.730000 212593.820000 6 4
93284.040000 211522.120000 212593.820000 4 4
24326.520000 208484.200000 212593.820000 6 4
23794.180000 208392.260000 212593.820000 4 4
23535.640000 208346.100000 212593.820000 2 4
21091.240000 206972.720000 211712.730000 4 6
21086.610000 206971.680000 211712.730000 6 6
21974.940000 206972.720000 211522.120000 4 4
21969.910000 206971.680000 211522.120000 6 4
66142.220000 206972.720000 208484.200000 4 6
66096.730000 206971.680000 208484.200000 6 6
70426.280000 206972.720000 208392.260000 4 4
70374.720000 206971.680000 208392.260000 6 4
72793.010000 206972.720000 208346.100000 4 2
32989.590000 203942.290000 206972.720000 2 4
